row,run_id,config,out_dir,hamiltonian.lam,hamiltonian.n_qubits,pool.connectivity,pool.kind,pool.paulis,train.init_state,train.seed
0,pairwise-all_n_qubits8_lam1.0_s1,configs/pool-accuracy-pairwise-l12-lam1.0-2.0.toml,data/runs/pool-accuracy-pairwise-l12-s1-10-2026-07-29/pairwise-all_n_qubits8_lam1.0_s1,1.0,8,"""all""","""pauli_pair""",,,1
1,pairwise-all_n_qubits8_lam1.0_s2,configs/pool-accuracy-pairwise-l12-lam1.0-2.0.toml,data/runs/pool-accuracy-pairwise-l12-s1-10-2026-07-29/pairwise-all_n_qubits8_lam1.0_s2,1.0,8,"""all""","""pauli_pair""",,,2
2,pairwise-all_n_qubits8_lam1.0_s3,configs/pool-accuracy-pairwise-l12-lam1.0-2.0.toml,data/runs/pool-accuracy-pairwise-l12-s1-10-2026-07-29/pairwise-all_n_qubits8_lam1.0_s3,1.0,8,"""all""","""pauli_pair""",,,3
3,pairwise-all_n_qubits8_lam1.0_s4,configs/pool-accuracy-pairwise-l12-lam1.0-2.0.toml,data/runs/pool-accuracy-pairwise-l12-s1-10-2026-07-29/pairwise-all_n_qubits8_lam1.0_s4,1.0,8,"""all""","""pauli_pair""",,,4
4,pairwise-all_n_qubits8_lam1.0_s5,configs/pool-accuracy-pairwise-l12-lam1.0-2.0.toml,data/runs/pool-accuracy-pairwise-l12-s1-10-2026-07-29/pairwise-all_n_qubits8_lam1.0_s5,1.0,8,"""all""","""pauli_pair""",,,5
5,pairwise-all_n_qubits8_lam1.0_s6,configs/pool-accuracy-pairwise-l12-lam1.0-2.0.toml,data/runs/pool-accuracy-pairwise-l12-s1-10-2026-07-29/pairwise-all_n_qubits8_lam1.0_s6,1.0,8,"""all""","""pauli_pair""",,,6
6,pairwise-all_n_qubits8_lam1.0_s7,configs/pool-accuracy-pairwise-l12-lam1.0-2.0.toml,data/runs/pool-accuracy-pairwise-l12-s1-10-2026-07-29/pairwise-all_n_qubits8_lam1.0_s7,1.0,8,"""all""","""pauli_pair""",,,7
7,pairwise-all_n_qubits8_lam1.0_s8,configs/pool-accuracy-pairwise-l12-lam1.0-2.0.toml,data/runs/pool-accuracy-pairwise-l12-s1-10-2026-07-29/pairwise-all_n_qubits8_lam1.0_s8,1.0,8,"""all""","""pauli_pair""",,,8
8,pairwise-all_n_qubits8_lam1.0_s9,configs/pool-accuracy-pairwise-l12-lam1.0-2.0.toml,data/runs/pool-accuracy-pairwise-l12-s1-10-2026-07-29/pairwise-all_n_qubits8_lam1.0_s9,1.0,8,"""all""","""pauli_pair""",,,9
9,pairwise-all_n_qubits8_lam1.0_s10,configs/pool-accuracy-pairwise-l12-lam1.0-2.0.toml,data/runs/pool-accuracy-pairwise-l12-s1-10-2026-07-29/pairwise-all_n_qubits8_lam1.0_s10,1.0,8,"""all""","""pauli_pair""",,,10
10,pairwise-all_n_qubits8_lam2.0_s1,configs/pool-accuracy-pairwise-l12-lam1.0-2.0.toml,data/runs/pool-accuracy-pairwise-l12-s1-10-2026-07-29/pairwise-all_n_qubits8_lam2.0_s1,2.0,8,"""all""","""pauli_pair""",,,1
11,pairwise-all_n_qubits8_lam2.0_s2,configs/pool-accuracy-pairwise-l12-lam1.0-2.0.toml,data/runs/pool-accuracy-pairwise-l12-s1-10-2026-07-29/pairwise-all_n_qubits8_lam2.0_s2,2.0,8,"""all""","""pauli_pair""",,,2
12,pairwise-all_n_qubits8_lam2.0_s3,configs/pool-accuracy-pairwise-l12-lam1.0-2.0.toml,data/runs/pool-accuracy-pairwise-l12-s1-10-2026-07-29/pairwise-all_n_qubits8_lam2.0_s3,2.0,8,"""all""","""pauli_pair""",,,3
13,pairwise-all_n_qubits8_lam2.0_s4,configs/pool-accuracy-pairwise-l12-lam1.0-2.0.toml,data/runs/pool-accuracy-pairwise-l12-s1-10-2026-07-29/pairwise-all_n_qubits8_lam2.0_s4,2.0,8,"""all""","""pauli_pair""",,,4
14,pairwise-all_n_qubits8_lam2.0_s5,configs/pool-accuracy-pairwise-l12-lam1.0-2.0.toml,data/runs/pool-accuracy-pairwise-l12-s1-10-2026-07-29/pairwise-all_n_qubits8_lam2.0_s5,2.0,8,"""all""","""pauli_pair""",,,5
15,pairwise-all_n_qubits8_lam2.0_s6,configs/pool-accuracy-pairwise-l12-lam1.0-2.0.toml,data/runs/pool-accuracy-pairwise-l12-s1-10-2026-07-29/pairwise-all_n_qubits8_lam2.0_s6,2.0,8,"""all""","""pauli_pair""",,,6
16,pairwise-all_n_qubits8_lam2.0_s7,configs/pool-accuracy-pairwise-l12-lam1.0-2.0.toml,data/runs/pool-accuracy-pairwise-l12-s1-10-2026-07-29/pairwise-all_n_qubits8_lam2.0_s7,2.0,8,"""all""","""pauli_pair""",,,7
17,pairwise-all_n_qubits8_lam2.0_s8,configs/pool-accuracy-pairwise-l12-lam1.0-2.0.toml,data/runs/pool-accuracy-pairwise-l12-s1-10-2026-07-29/pairwise-all_n_qubits8_lam2.0_s8,2.0,8,"""all""","""pauli_pair""",,,8
18,pairwise-all_n_qubits8_lam2.0_s9,configs/pool-accuracy-pairwise-l12-lam1.0-2.0.toml,data/runs/pool-accuracy-pairwise-l12-s1-10-2026-07-29/pairwise-all_n_qubits8_lam2.0_s9,2.0,8,"""all""","""pauli_pair""",,,9
19,pairwise-all_n_qubits8_lam2.0_s10,configs/pool-accuracy-pairwise-l12-lam1.0-2.0.toml,data/runs/pool-accuracy-pairwise-l12-s1-10-2026-07-29/pairwise-all_n_qubits8_lam2.0_s10,2.0,8,"""all""","""pauli_pair""",,,10
20,pairwise-all_n_qubits10_lam1.0_s1,configs/pool-accuracy-pairwise-l12-lam1.0-2.0.toml,data/runs/pool-accuracy-pairwise-l12-s1-10-2026-07-29/pairwise-all_n_qubits10_lam1.0_s1,1.0,10,"""all""","""pauli_pair""",,,1
21,pairwise-all_n_qubits10_lam1.0_s2,configs/pool-accuracy-pairwise-l12-lam1.0-2.0.toml,data/runs/pool-accuracy-pairwise-l12-s1-10-2026-07-29/pairwise-all_n_qubits10_lam1.0_s2,1.0,10,"""all""","""pauli_pair""",,,2
22,pairwise-all_n_qubits10_lam1.0_s3,configs/pool-accuracy-pairwise-l12-lam1.0-2.0.toml,data/runs/pool-accuracy-pairwise-l12-s1-10-2026-07-29/pairwise-all_n_qubits10_lam1.0_s3,1.0,10,"""all""","""pauli_pair""",,,3
23,pairwise-all_n_qubits10_lam1.0_s4,configs/pool-accuracy-pairwise-l12-lam1.0-2.0.toml,data/runs/pool-accuracy-pairwise-l12-s1-10-2026-07-29/pairwise-all_n_qubits10_lam1.0_s4,1.0,10,"""all""","""pauli_pair""",,,4
24,pairwise-all_n_qubits10_lam1.0_s5,configs/pool-accuracy-pairwise-l12-lam1.0-2.0.toml,data/runs/pool-accuracy-pairwise-l12-s1-10-2026-07-29/pairwise-all_n_qubits10_lam1.0_s5,1.0,10,"""all""","""pauli_pair""",,,5
25,pairwise-all_n_qubits10_lam1.0_s6,configs/pool-accuracy-pairwise-l12-lam1.0-2.0.toml,data/runs/pool-accuracy-pairwise-l12-s1-10-2026-07-29/pairwise-all_n_qubits10_lam1.0_s6,1.0,10,"""all""","""pauli_pair""",,,6
26,pairwise-all_n_qubits10_lam1.0_s7,configs/pool-accuracy-pairwise-l12-lam1.0-2.0.toml,data/runs/pool-accuracy-pairwise-l12-s1-10-2026-07-29/pairwise-all_n_qubits10_lam1.0_s7,1.0,10,"""all""","""pauli_pair""",,,7
27,pairwise-all_n_qubits10_lam1.0_s8,configs/pool-accuracy-pairwise-l12-lam1.0-2.0.toml,data/runs/pool-accuracy-pairwise-l12-s1-10-2026-07-29/pairwise-all_n_qubits10_lam1.0_s8,1.0,10,"""all""","""pauli_pair""",,,8
28,pairwise-all_n_qubits10_lam1.0_s9,configs/pool-accuracy-pairwise-l12-lam1.0-2.0.toml,data/runs/pool-accuracy-pairwise-l12-s1-10-2026-07-29/pairwise-all_n_qubits10_lam1.0_s9,1.0,10,"""all""","""pauli_pair""",,,9
29,pairwise-all_n_qubits10_lam1.0_s10,configs/pool-accuracy-pairwise-l12-lam1.0-2.0.toml,data/runs/pool-accuracy-pairwise-l12-s1-10-2026-07-29/pairwise-all_n_qubits10_lam1.0_s10,1.0,10,"""all""","""pauli_pair""",,,10
30,pairwise-all_n_qubits10_lam2.0_s1,configs/pool-accuracy-pairwise-l12-lam1.0-2.0.toml,data/runs/pool-accuracy-pairwise-l12-s1-10-2026-07-29/pairwise-all_n_qubits10_lam2.0_s1,2.0,10,"""all""","""pauli_pair""",,,1
31,pairwise-all_n_qubits10_lam2.0_s2,configs/pool-accuracy-pairwise-l12-lam1.0-2.0.toml,data/runs/pool-accuracy-pairwise-l12-s1-10-2026-07-29/pairwise-all_n_qubits10_lam2.0_s2,2.0,10,"""all""","""pauli_pair""",,,2
32,pairwise-all_n_qubits10_lam2.0_s3,configs/pool-accuracy-pairwise-l12-lam1.0-2.0.toml,data/runs/pool-accuracy-pairwise-l12-s1-10-2026-07-29/pairwise-all_n_qubits10_lam2.0_s3,2.0,10,"""all""","""pauli_pair""",,,3
33,pairwise-all_n_qubits10_lam2.0_s4,configs/pool-accuracy-pairwise-l12-lam1.0-2.0.toml,data/runs/pool-accuracy-pairwise-l12-s1-10-2026-07-29/pairwise-all_n_qubits10_lam2.0_s4,2.0,10,"""all""","""pauli_pair""",,,4
34,pairwise-all_n_qubits10_lam2.0_s5,configs/pool-accuracy-pairwise-l12-lam1.0-2.0.toml,data/runs/pool-accuracy-pairwise-l12-s1-10-2026-07-29/pairwise-all_n_qubits10_lam2.0_s5,2.0,10,"""all""","""pauli_pair""",,,5
35,pairwise-all_n_qubits10_lam2.0_s6,configs/pool-accuracy-pairwise-l12-lam1.0-2.0.toml,data/runs/pool-accuracy-pairwise-l12-s1-10-2026-07-29/pairwise-all_n_qubits10_lam2.0_s6,2.0,10,"""all""","""pauli_pair""",,,6
36,pairwise-all_n_qubits10_lam2.0_s7,configs/pool-accuracy-pairwise-l12-lam1.0-2.0.toml,data/runs/pool-accuracy-pairwise-l12-s1-10-2026-07-29/pairwise-all_n_qubits10_lam2.0_s7,2.0,10,"""all""","""pauli_pair""",,,7
37,pairwise-all_n_qubits10_lam2.0_s8,configs/pool-accuracy-pairwise-l12-lam1.0-2.0.toml,data/runs/pool-accuracy-pairwise-l12-s1-10-2026-07-29/pairwise-all_n_qubits10_lam2.0_s8,2.0,10,"""all""","""pauli_pair""",,,8
38,pairwise-all_n_qubits10_lam2.0_s9,configs/pool-accuracy-pairwise-l12-lam1.0-2.0.toml,data/runs/pool-accuracy-pairwise-l12-s1-10-2026-07-29/pairwise-all_n_qubits10_lam2.0_s9,2.0,10,"""all""","""pauli_pair""",,,9
39,pairwise-all_n_qubits10_lam2.0_s10,configs/pool-accuracy-pairwise-l12-lam1.0-2.0.toml,data/runs/pool-accuracy-pairwise-l12-s1-10-2026-07-29/pairwise-all_n_qubits10_lam2.0_s10,2.0,10,"""all""","""pauli_pair""",,,10
40,pairwise-all_n_qubits12_lam1.0_s1,configs/pool-accuracy-pairwise-l12-lam1.0-2.0.toml,data/runs/pool-accuracy-pairwise-l12-s1-10-2026-07-29/pairwise-all_n_qubits12_lam1.0_s1,1.0,12,"""all""","""pauli_pair""",,,1
41,pairwise-all_n_qubits12_lam1.0_s2,configs/pool-accuracy-pairwise-l12-lam1.0-2.0.toml,data/runs/pool-accuracy-pairwise-l12-s1-10-2026-07-29/pairwise-all_n_qubits12_lam1.0_s2,1.0,12,"""all""","""pauli_pair""",,,2
42,pairwise-all_n_qubits12_lam1.0_s3,configs/pool-accuracy-pairwise-l12-lam1.0-2.0.toml,data/runs/pool-accuracy-pairwise-l12-s1-10-2026-07-29/pairwise-all_n_qubits12_lam1.0_s3,1.0,12,"""all""","""pauli_pair""",,,3
43,pairwise-all_n_qubits12_lam1.0_s4,configs/pool-accuracy-pairwise-l12-lam1.0-2.0.toml,data/runs/pool-accuracy-pairwise-l12-s1-10-2026-07-29/pairwise-all_n_qubits12_lam1.0_s4,1.0,12,"""all""","""pauli_pair""",,,4
44,pairwise-all_n_qubits12_lam1.0_s5,configs/pool-accuracy-pairwise-l12-lam1.0-2.0.toml,data/runs/pool-accuracy-pairwise-l12-s1-10-2026-07-29/pairwise-all_n_qubits12_lam1.0_s5,1.0,12,"""all""","""pauli_pair""",,,5
45,pairwise-all_n_qubits12_lam1.0_s6,configs/pool-accuracy-pairwise-l12-lam1.0-2.0.toml,data/runs/pool-accuracy-pairwise-l12-s1-10-2026-07-29/pairwise-all_n_qubits12_lam1.0_s6,1.0,12,"""all""","""pauli_pair""",,,6
46,pairwise-all_n_qubits12_lam1.0_s7,configs/pool-accuracy-pairwise-l12-lam1.0-2.0.toml,data/runs/pool-accuracy-pairwise-l12-s1-10-2026-07-29/pairwise-all_n_qubits12_lam1.0_s7,1.0,12,"""all""","""pauli_pair""",,,7
47,pairwise-all_n_qubits12_lam1.0_s8,configs/pool-accuracy-pairwise-l12-lam1.0-2.0.toml,data/runs/pool-accuracy-pairwise-l12-s1-10-2026-07-29/pairwise-all_n_qubits12_lam1.0_s8,1.0,12,"""all""","""pauli_pair""",,,8
48,pairwise-all_n_qubits12_lam1.0_s9,configs/pool-accuracy-pairwise-l12-lam1.0-2.0.toml,data/runs/pool-accuracy-pairwise-l12-s1-10-2026-07-29/pairwise-all_n_qubits12_lam1.0_s9,1.0,12,"""all""","""pauli_pair""",,,9
49,pairwise-all_n_qubits12_lam1.0_s10,configs/pool-accuracy-pairwise-l12-lam1.0-2.0.toml,data/runs/pool-accuracy-pairwise-l12-s1-10-2026-07-29/pairwise-all_n_qubits12_lam1.0_s10,1.0,12,"""all""","""pauli_pair""",,,10
50,pairwise-all_n_qubits12_lam2.0_s1,configs/pool-accuracy-pairwise-l12-lam1.0-2.0.toml,data/runs/pool-accuracy-pairwise-l12-s1-10-2026-07-29/pairwise-all_n_qubits12_lam2.0_s1,2.0,12,"""all""","""pauli_pair""",,,1
51,pairwise-all_n_qubits12_lam2.0_s2,configs/pool-accuracy-pairwise-l12-lam1.0-2.0.toml,data/runs/pool-accuracy-pairwise-l12-s1-10-2026-07-29/pairwise-all_n_qubits12_lam2.0_s2,2.0,12,"""all""","""pauli_pair""",,,2
52,pairwise-all_n_qubits12_lam2.0_s3,configs/pool-accuracy-pairwise-l12-lam1.0-2.0.toml,data/runs/pool-accuracy-pairwise-l12-s1-10-2026-07-29/pairwise-all_n_qubits12_lam2.0_s3,2.0,12,"""all""","""pauli_pair""",,,3
53,pairwise-all_n_qubits12_lam2.0_s4,configs/pool-accuracy-pairwise-l12-lam1.0-2.0.toml,data/runs/pool-accuracy-pairwise-l12-s1-10-2026-07-29/pairwise-all_n_qubits12_lam2.0_s4,2.0,12,"""all""","""pauli_pair""",,,4
54,pairwise-all_n_qubits12_lam2.0_s5,configs/pool-accuracy-pairwise-l12-lam1.0-2.0.toml,data/runs/pool-accuracy-pairwise-l12-s1-10-2026-07-29/pairwise-all_n_qubits12_lam2.0_s5,2.0,12,"""all""","""pauli_pair""",,,5
55,pairwise-all_n_qubits12_lam2.0_s6,configs/pool-accuracy-pairwise-l12-lam1.0-2.0.toml,data/runs/pool-accuracy-pairwise-l12-s1-10-2026-07-29/pairwise-all_n_qubits12_lam2.0_s6,2.0,12,"""all""","""pauli_pair""",,,6
56,pairwise-all_n_qubits12_lam2.0_s7,configs/pool-accuracy-pairwise-l12-lam1.0-2.0.toml,data/runs/pool-accuracy-pairwise-l12-s1-10-2026-07-29/pairwise-all_n_qubits12_lam2.0_s7,2.0,12,"""all""","""pauli_pair""",,,7
57,pairwise-all_n_qubits12_lam2.0_s8,configs/pool-accuracy-pairwise-l12-lam1.0-2.0.toml,data/runs/pool-accuracy-pairwise-l12-s1-10-2026-07-29/pairwise-all_n_qubits12_lam2.0_s8,2.0,12,"""all""","""pauli_pair""",,,8
58,pairwise-all_n_qubits12_lam2.0_s9,configs/pool-accuracy-pairwise-l12-lam1.0-2.0.toml,data/runs/pool-accuracy-pairwise-l12-s1-10-2026-07-29/pairwise-all_n_qubits12_lam2.0_s9,2.0,12,"""all""","""pauli_pair""",,,9
59,pairwise-all_n_qubits12_lam2.0_s10,configs/pool-accuracy-pairwise-l12-lam1.0-2.0.toml,data/runs/pool-accuracy-pairwise-l12-s1-10-2026-07-29/pairwise-all_n_qubits12_lam2.0_s10,2.0,12,"""all""","""pauli_pair""",,,10
60,pairwise-all_n_qubits14_lam1.0_s1,configs/pool-accuracy-pairwise-l12-lam1.0-2.0.toml,data/runs/pool-accuracy-pairwise-l12-s1-10-2026-07-29/pairwise-all_n_qubits14_lam1.0_s1,1.0,14,"""all""","""pauli_pair""",,,1
61,pairwise-all_n_qubits14_lam1.0_s2,configs/pool-accuracy-pairwise-l12-lam1.0-2.0.toml,data/runs/pool-accuracy-pairwise-l12-s1-10-2026-07-29/pairwise-all_n_qubits14_lam1.0_s2,1.0,14,"""all""","""pauli_pair""",,,2
62,pairwise-all_n_qubits14_lam1.0_s3,configs/pool-accuracy-pairwise-l12-lam1.0-2.0.toml,data/runs/pool-accuracy-pairwise-l12-s1-10-2026-07-29/pairwise-all_n_qubits14_lam1.0_s3,1.0,14,"""all""","""pauli_pair""",,,3
63,pairwise-all_n_qubits14_lam1.0_s4,configs/pool-accuracy-pairwise-l12-lam1.0-2.0.toml,data/runs/pool-accuracy-pairwise-l12-s1-10-2026-07-29/pairwise-all_n_qubits14_lam1.0_s4,1.0,14,"""all""","""pauli_pair""",,,4
64,pairwise-all_n_qubits14_lam1.0_s5,configs/pool-accuracy-pairwise-l12-lam1.0-2.0.toml,data/runs/pool-accuracy-pairwise-l12-s1-10-2026-07-29/pairwise-all_n_qubits14_lam1.0_s5,1.0,14,"""all""","""pauli_pair""",,,5
65,pairwise-all_n_qubits14_lam1.0_s6,configs/pool-accuracy-pairwise-l12-lam1.0-2.0.toml,data/runs/pool-accuracy-pairwise-l12-s1-10-2026-07-29/pairwise-all_n_qubits14_lam1.0_s6,1.0,14,"""all""","""pauli_pair""",,,6
66,pairwise-all_n_qubits14_lam1.0_s7,configs/pool-accuracy-pairwise-l12-lam1.0-2.0.toml,data/runs/pool-accuracy-pairwise-l12-s1-10-2026-07-29/pairwise-all_n_qubits14_lam1.0_s7,1.0,14,"""all""","""pauli_pair""",,,7
67,pairwise-all_n_qubits14_lam1.0_s8,configs/pool-accuracy-pairwise-l12-lam1.0-2.0.toml,data/runs/pool-accuracy-pairwise-l12-s1-10-2026-07-29/pairwise-all_n_qubits14_lam1.0_s8,1.0,14,"""all""","""pauli_pair""",,,8
68,pairwise-all_n_qubits14_lam1.0_s9,configs/pool-accuracy-pairwise-l12-lam1.0-2.0.toml,data/runs/pool-accuracy-pairwise-l12-s1-10-2026-07-29/pairwise-all_n_qubits14_lam1.0_s9,1.0,14,"""all""","""pauli_pair""",,,9
69,pairwise-all_n_qubits14_lam1.0_s10,configs/pool-accuracy-pairwise-l12-lam1.0-2.0.toml,data/runs/pool-accuracy-pairwise-l12-s1-10-2026-07-29/pairwise-all_n_qubits14_lam1.0_s10,1.0,14,"""all""","""pauli_pair""",,,10
70,pairwise-all_n_qubits14_lam2.0_s1,configs/pool-accuracy-pairwise-l12-lam1.0-2.0.toml,data/runs/pool-accuracy-pairwise-l12-s1-10-2026-07-29/pairwise-all_n_qubits14_lam2.0_s1,2.0,14,"""all""","""pauli_pair""",,,1
71,pairwise-all_n_qubits14_lam2.0_s2,configs/pool-accuracy-pairwise-l12-lam1.0-2.0.toml,data/runs/pool-accuracy-pairwise-l12-s1-10-2026-07-29/pairwise-all_n_qubits14_lam2.0_s2,2.0,14,"""all""","""pauli_pair""",,,2
72,pairwise-all_n_qubits14_lam2.0_s3,configs/pool-accuracy-pairwise-l12-lam1.0-2.0.toml,data/runs/pool-accuracy-pairwise-l12-s1-10-2026-07-29/pairwise-all_n_qubits14_lam2.0_s3,2.0,14,"""all""","""pauli_pair""",,,3
73,pairwise-all_n_qubits14_lam2.0_s4,configs/pool-accuracy-pairwise-l12-lam1.0-2.0.toml,data/runs/pool-accuracy-pairwise-l12-s1-10-2026-07-29/pairwise-all_n_qubits14_lam2.0_s4,2.0,14,"""all""","""pauli_pair""",,,4
74,pairwise-all_n_qubits14_lam2.0_s5,configs/pool-accuracy-pairwise-l12-lam1.0-2.0.toml,data/runs/pool-accuracy-pairwise-l12-s1-10-2026-07-29/pairwise-all_n_qubits14_lam2.0_s5,2.0,14,"""all""","""pauli_pair""",,,5
75,pairwise-all_n_qubits14_lam2.0_s6,configs/pool-accuracy-pairwise-l12-lam1.0-2.0.toml,data/runs/pool-accuracy-pairwise-l12-s1-10-2026-07-29/pairwise-all_n_qubits14_lam2.0_s6,2.0,14,"""all""","""pauli_pair""",,,6
76,pairwise-all_n_qubits14_lam2.0_s7,configs/pool-accuracy-pairwise-l12-lam1.0-2.0.toml,data/runs/pool-accuracy-pairwise-l12-s1-10-2026-07-29/pairwise-all_n_qubits14_lam2.0_s7,2.0,14,"""all""","""pauli_pair""",,,7
77,pairwise-all_n_qubits14_lam2.0_s8,configs/pool-accuracy-pairwise-l12-lam1.0-2.0.toml,data/runs/pool-accuracy-pairwise-l12-s1-10-2026-07-29/pairwise-all_n_qubits14_lam2.0_s8,2.0,14,"""all""","""pauli_pair""",,,8
78,pairwise-all_n_qubits14_lam2.0_s9,configs/pool-accuracy-pairwise-l12-lam1.0-2.0.toml,data/runs/pool-accuracy-pairwise-l12-s1-10-2026-07-29/pairwise-all_n_qubits14_lam2.0_s9,2.0,14,"""all""","""pauli_pair""",,,9
79,pairwise-all_n_qubits14_lam2.0_s10,configs/pool-accuracy-pairwise-l12-lam1.0-2.0.toml,data/runs/pool-accuracy-pairwise-l12-s1-10-2026-07-29/pairwise-all_n_qubits14_lam2.0_s10,2.0,14,"""all""","""pauli_pair""",,,10
80,pairwise-all_n_qubits16_lam1.0_s1,configs/pool-accuracy-pairwise-l12-lam1.0-2.0.toml,data/runs/pool-accuracy-pairwise-l12-s1-10-2026-07-29/pairwise-all_n_qubits16_lam1.0_s1,1.0,16,"""all""","""pauli_pair""",,,1
81,pairwise-all_n_qubits16_lam1.0_s2,configs/pool-accuracy-pairwise-l12-lam1.0-2.0.toml,data/runs/pool-accuracy-pairwise-l12-s1-10-2026-07-29/pairwise-all_n_qubits16_lam1.0_s2,1.0,16,"""all""","""pauli_pair""",,,2
82,pairwise-all_n_qubits16_lam1.0_s3,configs/pool-accuracy-pairwise-l12-lam1.0-2.0.toml,data/runs/pool-accuracy-pairwise-l12-s1-10-2026-07-29/pairwise-all_n_qubits16_lam1.0_s3,1.0,16,"""all""","""pauli_pair""",,,3
83,pairwise-all_n_qubits16_lam1.0_s4,configs/pool-accuracy-pairwise-l12-lam1.0-2.0.toml,data/runs/pool-accuracy-pairwise-l12-s1-10-2026-07-29/pairwise-all_n_qubits16_lam1.0_s4,1.0,16,"""all""","""pauli_pair""",,,4
84,pairwise-all_n_qubits16_lam1.0_s5,configs/pool-accuracy-pairwise-l12-lam1.0-2.0.toml,data/runs/pool-accuracy-pairwise-l12-s1-10-2026-07-29/pairwise-all_n_qubits16_lam1.0_s5,1.0,16,"""all""","""pauli_pair""",,,5
85,pairwise-all_n_qubits16_lam1.0_s6,configs/pool-accuracy-pairwise-l12-lam1.0-2.0.toml,data/runs/pool-accuracy-pairwise-l12-s1-10-2026-07-29/pairwise-all_n_qubits16_lam1.0_s6,1.0,16,"""all""","""pauli_pair""",,,6
86,pairwise-all_n_qubits16_lam1.0_s7,configs/pool-accuracy-pairwise-l12-lam1.0-2.0.toml,data/runs/pool-accuracy-pairwise-l12-s1-10-2026-07-29/pairwise-all_n_qubits16_lam1.0_s7,1.0,16,"""all""","""pauli_pair""",,,7
87,pairwise-all_n_qubits16_lam1.0_s8,configs/pool-accuracy-pairwise-l12-lam1.0-2.0.toml,data/runs/pool-accuracy-pairwise-l12-s1-10-2026-07-29/pairwise-all_n_qubits16_lam1.0_s8,1.0,16,"""all""","""pauli_pair""",,,8
88,pairwise-all_n_qubits16_lam1.0_s9,configs/pool-accuracy-pairwise-l12-lam1.0-2.0.toml,data/runs/pool-accuracy-pairwise-l12-s1-10-2026-07-29/pairwise-all_n_qubits16_lam1.0_s9,1.0,16,"""all""","""pauli_pair""",,,9
89,pairwise-all_n_qubits16_lam1.0_s10,configs/pool-accuracy-pairwise-l12-lam1.0-2.0.toml,data/runs/pool-accuracy-pairwise-l12-s1-10-2026-07-29/pairwise-all_n_qubits16_lam1.0_s10,1.0,16,"""all""","""pauli_pair""",,,10
90,pairwise-all_n_qubits16_lam2.0_s1,configs/pool-accuracy-pairwise-l12-lam1.0-2.0.toml,data/runs/pool-accuracy-pairwise-l12-s1-10-2026-07-29/pairwise-all_n_qubits16_lam2.0_s1,2.0,16,"""all""","""pauli_pair""",,,1
91,pairwise-all_n_qubits16_lam2.0_s2,configs/pool-accuracy-pairwise-l12-lam1.0-2.0.toml,data/runs/pool-accuracy-pairwise-l12-s1-10-2026-07-29/pairwise-all_n_qubits16_lam2.0_s2,2.0,16,"""all""","""pauli_pair""",,,2
92,pairwise-all_n_qubits16_lam2.0_s3,configs/pool-accuracy-pairwise-l12-lam1.0-2.0.toml,data/runs/pool-accuracy-pairwise-l12-s1-10-2026-07-29/pairwise-all_n_qubits16_lam2.0_s3,2.0,16,"""all""","""pauli_pair""",,,3
93,pairwise-all_n_qubits16_lam2.0_s4,configs/pool-accuracy-pairwise-l12-lam1.0-2.0.toml,data/runs/pool-accuracy-pairwise-l12-s1-10-2026-07-29/pairwise-all_n_qubits16_lam2.0_s4,2.0,16,"""all""","""pauli_pair""",,,4
94,pairwise-all_n_qubits16_lam2.0_s5,configs/pool-accuracy-pairwise-l12-lam1.0-2.0.toml,data/runs/pool-accuracy-pairwise-l12-s1-10-2026-07-29/pairwise-all_n_qubits16_lam2.0_s5,2.0,16,"""all""","""pauli_pair""",,,5
95,pairwise-all_n_qubits16_lam2.0_s6,configs/pool-accuracy-pairwise-l12-lam1.0-2.0.toml,data/runs/pool-accuracy-pairwise-l12-s1-10-2026-07-29/pairwise-all_n_qubits16_lam2.0_s6,2.0,16,"""all""","""pauli_pair""",,,6
96,pairwise-all_n_qubits16_lam2.0_s7,configs/pool-accuracy-pairwise-l12-lam1.0-2.0.toml,data/runs/pool-accuracy-pairwise-l12-s1-10-2026-07-29/pairwise-all_n_qubits16_lam2.0_s7,2.0,16,"""all""","""pauli_pair""",,,7
97,pairwise-all_n_qubits16_lam2.0_s8,configs/pool-accuracy-pairwise-l12-lam1.0-2.0.toml,data/runs/pool-accuracy-pairwise-l12-s1-10-2026-07-29/pairwise-all_n_qubits16_lam2.0_s8,2.0,16,"""all""","""pauli_pair""",,,8
98,pairwise-all_n_qubits16_lam2.0_s9,configs/pool-accuracy-pairwise-l12-lam1.0-2.0.toml,data/runs/pool-accuracy-pairwise-l12-s1-10-2026-07-29/pairwise-all_n_qubits16_lam2.0_s9,2.0,16,"""all""","""pauli_pair""",,,9
99,pairwise-all_n_qubits16_lam2.0_s10,configs/pool-accuracy-pairwise-l12-lam1.0-2.0.toml,data/runs/pool-accuracy-pairwise-l12-s1-10-2026-07-29/pairwise-all_n_qubits16_lam2.0_s10,2.0,16,"""all""","""pauli_pair""",,,10
100,pairwise-ext-mf_n_qubits8_lam1.0_s1,configs/pool-accuracy-pairwise-l12-lam1.0-2.0.toml,data/runs/pool-accuracy-pairwise-l12-s1-10-2026-07-29/pairwise-ext-mf_n_qubits8_lam1.0_s1,1.0,8,"""all""","""pauli_pair""","[""ZZ"", ""XX"", ""YY"", ""YZ"", ""XY""]","""mean_field""",1
101,pairwise-ext-mf_n_qubits8_lam1.0_s2,configs/pool-accuracy-pairwise-l12-lam1.0-2.0.toml,data/runs/pool-accuracy-pairwise-l12-s1-10-2026-07-29/pairwise-ext-mf_n_qubits8_lam1.0_s2,1.0,8,"""all""","""pauli_pair""","[""ZZ"", ""XX"", ""YY"", ""YZ"", ""XY""]","""mean_field""",2
102,pairwise-ext-mf_n_qubits8_lam1.0_s3,configs/pool-accuracy-pairwise-l12-lam1.0-2.0.toml,data/runs/pool-accuracy-pairwise-l12-s1-10-2026-07-29/pairwise-ext-mf_n_qubits8_lam1.0_s3,1.0,8,"""all""","""pauli_pair""","[""ZZ"", ""XX"", ""YY"", ""YZ"", ""XY""]","""mean_field""",3
103,pairwise-ext-mf_n_qubits8_lam1.0_s4,configs/pool-accuracy-pairwise-l12-lam1.0-2.0.toml,data/runs/pool-accuracy-pairwise-l12-s1-10-2026-07-29/pairwise-ext-mf_n_qubits8_lam1.0_s4,1.0,8,"""all""","""pauli_pair""","[""ZZ"", ""XX"", ""YY"", ""YZ"", ""XY""]","""mean_field""",4
104,pairwise-ext-mf_n_qubits8_lam1.0_s5,configs/pool-accuracy-pairwise-l12-lam1.0-2.0.toml,data/runs/pool-accuracy-pairwise-l12-s1-10-2026-07-29/pairwise-ext-mf_n_qubits8_lam1.0_s5,1.0,8,"""all""","""pauli_pair""","[""ZZ"", ""XX"", ""YY"", ""YZ"", ""XY""]","""mean_field""",5
105,pairwise-ext-mf_n_qubits8_lam1.0_s6,configs/pool-accuracy-pairwise-l12-lam1.0-2.0.toml,data/runs/pool-accuracy-pairwise-l12-s1-10-2026-07-29/pairwise-ext-mf_n_qubits8_lam1.0_s6,1.0,8,"""all""","""pauli_pair""","[""ZZ"", ""XX"", ""YY"", ""YZ"", ""XY""]","""mean_field""",6
106,pairwise-ext-mf_n_qubits8_lam1.0_s7,configs/pool-accuracy-pairwise-l12-lam1.0-2.0.toml,data/runs/pool-accuracy-pairwise-l12-s1-10-2026-07-29/pairwise-ext-mf_n_qubits8_lam1.0_s7,1.0,8,"""all""","""pauli_pair""","[""ZZ"", ""XX"", ""YY"", ""YZ"", ""XY""]","""mean_field""",7
107,pairwise-ext-mf_n_qubits8_lam1.0_s8,configs/pool-accuracy-pairwise-l12-lam1.0-2.0.toml,data/runs/pool-accuracy-pairwise-l12-s1-10-2026-07-29/pairwise-ext-mf_n_qubits8_lam1.0_s8,1.0,8,"""all""","""pauli_pair""","[""ZZ"", ""XX"", ""YY"", ""YZ"", ""XY""]","""mean_field""",8
108,pairwise-ext-mf_n_qubits8_lam1.0_s9,configs/pool-accuracy-pairwise-l12-lam1.0-2.0.toml,data/runs/pool-accuracy-pairwise-l12-s1-10-2026-07-29/pairwise-ext-mf_n_qubits8_lam1.0_s9,1.0,8,"""all""","""pauli_pair""","[""ZZ"", ""XX"", ""YY"", ""YZ"", ""XY""]","""mean_field""",9
109,pairwise-ext-mf_n_qubits8_lam1.0_s10,configs/pool-accuracy-pairwise-l12-lam1.0-2.0.toml,data/runs/pool-accuracy-pairwise-l12-s1-10-2026-07-29/pairwise-ext-mf_n_qubits8_lam1.0_s10,1.0,8,"""all""","""pauli_pair""","[""ZZ"", ""XX"", ""YY"", ""YZ"", ""XY""]","""mean_field""",10
110,pairwise-ext-mf_n_qubits8_lam2.0_s1,configs/pool-accuracy-pairwise-l12-lam1.0-2.0.toml,data/runs/pool-accuracy-pairwise-l12-s1-10-2026-07-29/pairwise-ext-mf_n_qubits8_lam2.0_s1,2.0,8,"""all""","""pauli_pair""","[""ZZ"", ""XX"", ""YY"", ""YZ"", ""XY""]","""mean_field""",1
111,pairwise-ext-mf_n_qubits8_lam2.0_s2,configs/pool-accuracy-pairwise-l12-lam1.0-2.0.toml,data/runs/pool-accuracy-pairwise-l12-s1-10-2026-07-29/pairwise-ext-mf_n_qubits8_lam2.0_s2,2.0,8,"""all""","""pauli_pair""","[""ZZ"", ""XX"", ""YY"", ""YZ"", ""XY""]","""mean_field""",2
112,pairwise-ext-mf_n_qubits8_lam2.0_s3,configs/pool-accuracy-pairwise-l12-lam1.0-2.0.toml,data/runs/pool-accuracy-pairwise-l12-s1-10-2026-07-29/pairwise-ext-mf_n_qubits8_lam2.0_s3,2.0,8,"""all""","""pauli_pair""","[""ZZ"", ""XX"", ""YY"", ""YZ"", ""XY""]","""mean_field""",3
113,pairwise-ext-mf_n_qubits8_lam2.0_s4,configs/pool-accuracy-pairwise-l12-lam1.0-2.0.toml,data/runs/pool-accuracy-pairwise-l12-s1-10-2026-07-29/pairwise-ext-mf_n_qubits8_lam2.0_s4,2.0,8,"""all""","""pauli_pair""","[""ZZ"", ""XX"", ""YY"", ""YZ"", ""XY""]","""mean_field""",4
114,pairwise-ext-mf_n_qubits8_lam2.0_s5,configs/pool-accuracy-pairwise-l12-lam1.0-2.0.toml,data/runs/pool-accuracy-pairwise-l12-s1-10-2026-07-29/pairwise-ext-mf_n_qubits8_lam2.0_s5,2.0,8,"""all""","""pauli_pair""","[""ZZ"", ""XX"", ""YY"", ""YZ"", ""XY""]","""mean_field""",5
115,pairwise-ext-mf_n_qubits8_lam2.0_s6,configs/pool-accuracy-pairwise-l12-lam1.0-2.0.toml,data/runs/pool-accuracy-pairwise-l12-s1-10-2026-07-29/pairwise-ext-mf_n_qubits8_lam2.0_s6,2.0,8,"""all""","""pauli_pair""","[""ZZ"", ""XX"", ""YY"", ""YZ"", ""XY""]","""mean_field""",6
116,pairwise-ext-mf_n_qubits8_lam2.0_s7,configs/pool-accuracy-pairwise-l12-lam1.0-2.0.toml,data/runs/pool-accuracy-pairwise-l12-s1-10-2026-07-29/pairwise-ext-mf_n_qubits8_lam2.0_s7,2.0,8,"""all""","""pauli_pair""","[""ZZ"", ""XX"", ""YY"", ""YZ"", ""XY""]","""mean_field""",7
117,pairwise-ext-mf_n_qubits8_lam2.0_s8,configs/pool-accuracy-pairwise-l12-lam1.0-2.0.toml,data/runs/pool-accuracy-pairwise-l12-s1-10-2026-07-29/pairwise-ext-mf_n_qubits8_lam2.0_s8,2.0,8,"""all""","""pauli_pair""","[""ZZ"", ""XX"", ""YY"", ""YZ"", ""XY""]","""mean_field""",8
118,pairwise-ext-mf_n_qubits8_lam2.0_s9,configs/pool-accuracy-pairwise-l12-lam1.0-2.0.toml,data/runs/pool-accuracy-pairwise-l12-s1-10-2026-07-29/pairwise-ext-mf_n_qubits8_lam2.0_s9,2.0,8,"""all""","""pauli_pair""","[""ZZ"", ""XX"", ""YY"", ""YZ"", ""XY""]","""mean_field""",9
119,pairwise-ext-mf_n_qubits8_lam2.0_s10,configs/pool-accuracy-pairwise-l12-lam1.0-2.0.toml,data/runs/pool-accuracy-pairwise-l12-s1-10-2026-07-29/pairwise-ext-mf_n_qubits8_lam2.0_s10,2.0,8,"""all""","""pauli_pair""","[""ZZ"", ""XX"", ""YY"", ""YZ"", ""XY""]","""mean_field""",10
120,pairwise-ext-mf_n_qubits10_lam1.0_s1,configs/pool-accuracy-pairwise-l12-lam1.0-2.0.toml,data/runs/pool-accuracy-pairwise-l12-s1-10-2026-07-29/pairwise-ext-mf_n_qubits10_lam1.0_s1,1.0,10,"""all""","""pauli_pair""","[""ZZ"", ""XX"", ""YY"", ""YZ"", ""XY""]","""mean_field""",1
121,pairwise-ext-mf_n_qubits10_lam1.0_s2,configs/pool-accuracy-pairwise-l12-lam1.0-2.0.toml,data/runs/pool-accuracy-pairwise-l12-s1-10-2026-07-29/pairwise-ext-mf_n_qubits10_lam1.0_s2,1.0,10,"""all""","""pauli_pair""","[""ZZ"", ""XX"", ""YY"", ""YZ"", ""XY""]","""mean_field""",2
122,pairwise-ext-mf_n_qubits10_lam1.0_s3,configs/pool-accuracy-pairwise-l12-lam1.0-2.0.toml,data/runs/pool-accuracy-pairwise-l12-s1-10-2026-07-29/pairwise-ext-mf_n_qubits10_lam1.0_s3,1.0,10,"""all""","""pauli_pair""","[""ZZ"", ""XX"", ""YY"", ""YZ"", ""XY""]","""mean_field""",3
123,pairwise-ext-mf_n_qubits10_lam1.0_s4,configs/pool-accuracy-pairwise-l12-lam1.0-2.0.toml,data/runs/pool-accuracy-pairwise-l12-s1-10-2026-07-29/pairwise-ext-mf_n_qubits10_lam1.0_s4,1.0,10,"""all""","""pauli_pair""","[""ZZ"", ""XX"", ""YY"", ""YZ"", ""XY""]","""mean_field""",4
124,pairwise-ext-mf_n_qubits10_lam1.0_s5,configs/pool-accuracy-pairwise-l12-lam1.0-2.0.toml,data/runs/pool-accuracy-pairwise-l12-s1-10-2026-07-29/pairwise-ext-mf_n_qubits10_lam1.0_s5,1.0,10,"""all""","""pauli_pair""","[""ZZ"", ""XX"", ""YY"", ""YZ"", ""XY""]","""mean_field""",5
125,pairwise-ext-mf_n_qubits10_lam1.0_s6,configs/pool-accuracy-pairwise-l12-lam1.0-2.0.toml,data/runs/pool-accuracy-pairwise-l12-s1-10-2026-07-29/pairwise-ext-mf_n_qubits10_lam1.0_s6,1.0,10,"""all""","""pauli_pair""","[""ZZ"", ""XX"", ""YY"", ""YZ"", ""XY""]","""mean_field""",6
126,pairwise-ext-mf_n_qubits10_lam1.0_s7,configs/pool-accuracy-pairwise-l12-lam1.0-2.0.toml,data/runs/pool-accuracy-pairwise-l12-s1-10-2026-07-29/pairwise-ext-mf_n_qubits10_lam1.0_s7,1.0,10,"""all""","""pauli_pair""","[""ZZ"", ""XX"", ""YY"", ""YZ"", ""XY""]","""mean_field""",7
127,pairwise-ext-mf_n_qubits10_lam1.0_s8,configs/pool-accuracy-pairwise-l12-lam1.0-2.0.toml,data/runs/pool-accuracy-pairwise-l12-s1-10-2026-07-29/pairwise-ext-mf_n_qubits10_lam1.0_s8,1.0,10,"""all""","""pauli_pair""","[""ZZ"", ""XX"", ""YY"", ""YZ"", ""XY""]","""mean_field""",8
128,pairwise-ext-mf_n_qubits10_lam1.0_s9,configs/pool-accuracy-pairwise-l12-lam1.0-2.0.toml,data/runs/pool-accuracy-pairwise-l12-s1-10-2026-07-29/pairwise-ext-mf_n_qubits10_lam1.0_s9,1.0,10,"""all""","""pauli_pair""","[""ZZ"", ""XX"", ""YY"", ""YZ"", ""XY""]","""mean_field""",9
129,pairwise-ext-mf_n_qubits10_lam1.0_s10,configs/pool-accuracy-pairwise-l12-lam1.0-2.0.toml,data/runs/pool-accuracy-pairwise-l12-s1-10-2026-07-29/pairwise-ext-mf_n_qubits10_lam1.0_s10,1.0,10,"""all""","""pauli_pair""","[""ZZ"", ""XX"", ""YY"", ""YZ"", ""XY""]","""mean_field""",10
130,pairwise-ext-mf_n_qubits10_lam2.0_s1,configs/pool-accuracy-pairwise-l12-lam1.0-2.0.toml,data/runs/pool-accuracy-pairwise-l12-s1-10-2026-07-29/pairwise-ext-mf_n_qubits10_lam2.0_s1,2.0,10,"""all""","""pauli_pair""","[""ZZ"", ""XX"", ""YY"", ""YZ"", ""XY""]","""mean_field""",1
131,pairwise-ext-mf_n_qubits10_lam2.0_s2,configs/pool-accuracy-pairwise-l12-lam1.0-2.0.toml,data/runs/pool-accuracy-pairwise-l12-s1-10-2026-07-29/pairwise-ext-mf_n_qubits10_lam2.0_s2,2.0,10,"""all""","""pauli_pair""","[""ZZ"", ""XX"", ""YY"", ""YZ"", ""XY""]","""mean_field""",2
132,pairwise-ext-mf_n_qubits10_lam2.0_s3,configs/pool-accuracy-pairwise-l12-lam1.0-2.0.toml,data/runs/pool-accuracy-pairwise-l12-s1-10-2026-07-29/pairwise-ext-mf_n_qubits10_lam2.0_s3,2.0,10,"""all""","""pauli_pair""","[""ZZ"", ""XX"", ""YY"", ""YZ"", ""XY""]","""mean_field""",3
133,pairwise-ext-mf_n_qubits10_lam2.0_s4,configs/pool-accuracy-pairwise-l12-lam1.0-2.0.toml,data/runs/pool-accuracy-pairwise-l12-s1-10-2026-07-29/pairwise-ext-mf_n_qubits10_lam2.0_s4,2.0,10,"""all""","""pauli_pair""","[""ZZ"", ""XX"", ""YY"", ""YZ"", ""XY""]","""mean_field""",4
134,pairwise-ext-mf_n_qubits10_lam2.0_s5,configs/pool-accuracy-pairwise-l12-lam1.0-2.0.toml,data/runs/pool-accuracy-pairwise-l12-s1-10-2026-07-29/pairwise-ext-mf_n_qubits10_lam2.0_s5,2.0,10,"""all""","""pauli_pair""","[""ZZ"", ""XX"", ""YY"", ""YZ"", ""XY""]","""mean_field""",5
135,pairwise-ext-mf_n_qubits10_lam2.0_s6,configs/pool-accuracy-pairwise-l12-lam1.0-2.0.toml,data/runs/pool-accuracy-pairwise-l12-s1-10-2026-07-29/pairwise-ext-mf_n_qubits10_lam2.0_s6,2.0,10,"""all""","""pauli_pair""","[""ZZ"", ""XX"", ""YY"", ""YZ"", ""XY""]","""mean_field""",6
136,pairwise-ext-mf_n_qubits10_lam2.0_s7,configs/pool-accuracy-pairwise-l12-lam1.0-2.0.toml,data/runs/pool-accuracy-pairwise-l12-s1-10-2026-07-29/pairwise-ext-mf_n_qubits10_lam2.0_s7,2.0,10,"""all""","""pauli_pair""","[""ZZ"", ""XX"", ""YY"", ""YZ"", ""XY""]","""mean_field""",7
137,pairwise-ext-mf_n_qubits10_lam2.0_s8,configs/pool-accuracy-pairwise-l12-lam1.0-2.0.toml,data/runs/pool-accuracy-pairwise-l12-s1-10-2026-07-29/pairwise-ext-mf_n_qubits10_lam2.0_s8,2.0,10,"""all""","""pauli_pair""","[""ZZ"", ""XX"", ""YY"", ""YZ"", ""XY""]","""mean_field""",8
138,pairwise-ext-mf_n_qubits10_lam2.0_s9,configs/pool-accuracy-pairwise-l12-lam1.0-2.0.toml,data/runs/pool-accuracy-pairwise-l12-s1-10-2026-07-29/pairwise-ext-mf_n_qubits10_lam2.0_s9,2.0,10,"""all""","""pauli_pair""","[""ZZ"", ""XX"", ""YY"", ""YZ"", ""XY""]","""mean_field""",9
139,pairwise-ext-mf_n_qubits10_lam2.0_s10,configs/pool-accuracy-pairwise-l12-lam1.0-2.0.toml,data/runs/pool-accuracy-pairwise-l12-s1-10-2026-07-29/pairwise-ext-mf_n_qubits10_lam2.0_s10,2.0,10,"""all""","""pauli_pair""","[""ZZ"", ""XX"", ""YY"", ""YZ"", ""XY""]","""mean_field""",10
140,pairwise-ext-mf_n_qubits12_lam1.0_s1,configs/pool-accuracy-pairwise-l12-lam1.0-2.0.toml,data/runs/pool-accuracy-pairwise-l12-s1-10-2026-07-29/pairwise-ext-mf_n_qubits12_lam1.0_s1,1.0,12,"""all""","""pauli_pair""","[""ZZ"", ""XX"", ""YY"", ""YZ"", ""XY""]","""mean_field""",1
141,pairwise-ext-mf_n_qubits12_lam1.0_s2,configs/pool-accuracy-pairwise-l12-lam1.0-2.0.toml,data/runs/pool-accuracy-pairwise-l12-s1-10-2026-07-29/pairwise-ext-mf_n_qubits12_lam1.0_s2,1.0,12,"""all""","""pauli_pair""","[""ZZ"", ""XX"", ""YY"", ""YZ"", ""XY""]","""mean_field""",2
142,pairwise-ext-mf_n_qubits12_lam1.0_s3,configs/pool-accuracy-pairwise-l12-lam1.0-2.0.toml,data/runs/pool-accuracy-pairwise-l12-s1-10-2026-07-29/pairwise-ext-mf_n_qubits12_lam1.0_s3,1.0,12,"""all""","""pauli_pair""","[""ZZ"", ""XX"", ""YY"", ""YZ"", ""XY""]","""mean_field""",3
143,pairwise-ext-mf_n_qubits12_lam1.0_s4,configs/pool-accuracy-pairwise-l12-lam1.0-2.0.toml,data/runs/pool-accuracy-pairwise-l12-s1-10-2026-07-29/pairwise-ext-mf_n_qubits12_lam1.0_s4,1.0,12,"""all""","""pauli_pair""","[""ZZ"", ""XX"", ""YY"", ""YZ"", ""XY""]","""mean_field""",4
144,pairwise-ext-mf_n_qubits12_lam1.0_s5,configs/pool-accuracy-pairwise-l12-lam1.0-2.0.toml,data/runs/pool-accuracy-pairwise-l12-s1-10-2026-07-29/pairwise-ext-mf_n_qubits12_lam1.0_s5,1.0,12,"""all""","""pauli_pair""","[""ZZ"", ""XX"", ""YY"", ""YZ"", ""XY""]","""mean_field""",5
145,pairwise-ext-mf_n_qubits12_lam1.0_s6,configs/pool-accuracy-pairwise-l12-lam1.0-2.0.toml,data/runs/pool-accuracy-pairwise-l12-s1-10-2026-07-29/pairwise-ext-mf_n_qubits12_lam1.0_s6,1.0,12,"""all""","""pauli_pair""","[""ZZ"", ""XX"", ""YY"", ""YZ"", ""XY""]","""mean_field""",6
146,pairwise-ext-mf_n_qubits12_lam1.0_s7,configs/pool-accuracy-pairwise-l12-lam1.0-2.0.toml,data/runs/pool-accuracy-pairwise-l12-s1-10-2026-07-29/pairwise-ext-mf_n_qubits12_lam1.0_s7,1.0,12,"""all""","""pauli_pair""","[""ZZ"", ""XX"", ""YY"", ""YZ"", ""XY""]","""mean_field""",7
147,pairwise-ext-mf_n_qubits12_lam1.0_s8,configs/pool-accuracy-pairwise-l12-lam1.0-2.0.toml,data/runs/pool-accuracy-pairwise-l12-s1-10-2026-07-29/pairwise-ext-mf_n_qubits12_lam1.0_s8,1.0,12,"""all""","""pauli_pair""","[""ZZ"", ""XX"", ""YY"", ""YZ"", ""XY""]","""mean_field""",8
148,pairwise-ext-mf_n_qubits12_lam1.0_s9,configs/pool-accuracy-pairwise-l12-lam1.0-2.0.toml,data/runs/pool-accuracy-pairwise-l12-s1-10-2026-07-29/pairwise-ext-mf_n_qubits12_lam1.0_s9,1.0,12,"""all""","""pauli_pair""","[""ZZ"", ""XX"", ""YY"", ""YZ"", ""XY""]","""mean_field""",9
149,pairwise-ext-mf_n_qubits12_lam1.0_s10,configs/pool-accuracy-pairwise-l12-lam1.0-2.0.toml,data/runs/pool-accuracy-pairwise-l12-s1-10-2026-07-29/pairwise-ext-mf_n_qubits12_lam1.0_s10,1.0,12,"""all""","""pauli_pair""","[""ZZ"", ""XX"", ""YY"", ""YZ"", ""XY""]","""mean_field""",10
150,pairwise-ext-mf_n_qubits12_lam2.0_s1,configs/pool-accuracy-pairwise-l12-lam1.0-2.0.toml,data/runs/pool-accuracy-pairwise-l12-s1-10-2026-07-29/pairwise-ext-mf_n_qubits12_lam2.0_s1,2.0,12,"""all""","""pauli_pair""","[""ZZ"", ""XX"", ""YY"", ""YZ"", ""XY""]","""mean_field""",1
151,pairwise-ext-mf_n_qubits12_lam2.0_s2,configs/pool-accuracy-pairwise-l12-lam1.0-2.0.toml,data/runs/pool-accuracy-pairwise-l12-s1-10-2026-07-29/pairwise-ext-mf_n_qubits12_lam2.0_s2,2.0,12,"""all""","""pauli_pair""","[""ZZ"", ""XX"", ""YY"", ""YZ"", ""XY""]","""mean_field""",2
152,pairwise-ext-mf_n_qubits12_lam2.0_s3,configs/pool-accuracy-pairwise-l12-lam1.0-2.0.toml,data/runs/pool-accuracy-pairwise-l12-s1-10-2026-07-29/pairwise-ext-mf_n_qubits12_lam2.0_s3,2.0,12,"""all""","""pauli_pair""","[""ZZ"", ""XX"", ""YY"", ""YZ"", ""XY""]","""mean_field""",3
153,pairwise-ext-mf_n_qubits12_lam2.0_s4,configs/pool-accuracy-pairwise-l12-lam1.0-2.0.toml,data/runs/pool-accuracy-pairwise-l12-s1-10-2026-07-29/pairwise-ext-mf_n_qubits12_lam2.0_s4,2.0,12,"""all""","""pauli_pair""","[""ZZ"", ""XX"", ""YY"", ""YZ"", ""XY""]","""mean_field""",4
154,pairwise-ext-mf_n_qubits12_lam2.0_s5,configs/pool-accuracy-pairwise-l12-lam1.0-2.0.toml,data/runs/pool-accuracy-pairwise-l12-s1-10-2026-07-29/pairwise-ext-mf_n_qubits12_lam2.0_s5,2.0,12,"""all""","""pauli_pair""","[""ZZ"", ""XX"", ""YY"", ""YZ"", ""XY""]","""mean_field""",5
155,pairwise-ext-mf_n_qubits12_lam2.0_s6,configs/pool-accuracy-pairwise-l12-lam1.0-2.0.toml,data/runs/pool-accuracy-pairwise-l12-s1-10-2026-07-29/pairwise-ext-mf_n_qubits12_lam2.0_s6,2.0,12,"""all""","""pauli_pair""","[""ZZ"", ""XX"", ""YY"", ""YZ"", ""XY""]","""mean_field""",6
156,pairwise-ext-mf_n_qubits12_lam2.0_s7,configs/pool-accuracy-pairwise-l12-lam1.0-2.0.toml,data/runs/pool-accuracy-pairwise-l12-s1-10-2026-07-29/pairwise-ext-mf_n_qubits12_lam2.0_s7,2.0,12,"""all""","""pauli_pair""","[""ZZ"", ""XX"", ""YY"", ""YZ"", ""XY""]","""mean_field""",7
157,pairwise-ext-mf_n_qubits12_lam2.0_s8,configs/pool-accuracy-pairwise-l12-lam1.0-2.0.toml,data/runs/pool-accuracy-pairwise-l12-s1-10-2026-07-29/pairwise-ext-mf_n_qubits12_lam2.0_s8,2.0,12,"""all""","""pauli_pair""","[""ZZ"", ""XX"", ""YY"", ""YZ"", ""XY""]","""mean_field""",8
158,pairwise-ext-mf_n_qubits12_lam2.0_s9,configs/pool-accuracy-pairwise-l12-lam1.0-2.0.toml,data/runs/pool-accuracy-pairwise-l12-s1-10-2026-07-29/pairwise-ext-mf_n_qubits12_lam2.0_s9,2.0,12,"""all""","""pauli_pair""","[""ZZ"", ""XX"", ""YY"", ""YZ"", ""XY""]","""mean_field""",9
159,pairwise-ext-mf_n_qubits12_lam2.0_s10,configs/pool-accuracy-pairwise-l12-lam1.0-2.0.toml,data/runs/pool-accuracy-pairwise-l12-s1-10-2026-07-29/pairwise-ext-mf_n_qubits12_lam2.0_s10,2.0,12,"""all""","""pauli_pair""","[""ZZ"", ""XX"", ""YY"", ""YZ"", ""XY""]","""mean_field""",10
160,pairwise-ext-mf_n_qubits14_lam1.0_s1,configs/pool-accuracy-pairwise-l12-lam1.0-2.0.toml,data/runs/pool-accuracy-pairwise-l12-s1-10-2026-07-29/pairwise-ext-mf_n_qubits14_lam1.0_s1,1.0,14,"""all""","""pauli_pair""","[""ZZ"", ""XX"", ""YY"", ""YZ"", ""XY""]","""mean_field""",1
161,pairwise-ext-mf_n_qubits14_lam1.0_s2,configs/pool-accuracy-pairwise-l12-lam1.0-2.0.toml,data/runs/pool-accuracy-pairwise-l12-s1-10-2026-07-29/pairwise-ext-mf_n_qubits14_lam1.0_s2,1.0,14,"""all""","""pauli_pair""","[""ZZ"", ""XX"", ""YY"", ""YZ"", ""XY""]","""mean_field""",2
162,pairwise-ext-mf_n_qubits14_lam1.0_s3,configs/pool-accuracy-pairwise-l12-lam1.0-2.0.toml,data/runs/pool-accuracy-pairwise-l12-s1-10-2026-07-29/pairwise-ext-mf_n_qubits14_lam1.0_s3,1.0,14,"""all""","""pauli_pair""","[""ZZ"", ""XX"", ""YY"", ""YZ"", ""XY""]","""mean_field""",3
163,pairwise-ext-mf_n_qubits14_lam1.0_s4,configs/pool-accuracy-pairwise-l12-lam1.0-2.0.toml,data/runs/pool-accuracy-pairwise-l12-s1-10-2026-07-29/pairwise-ext-mf_n_qubits14_lam1.0_s4,1.0,14,"""all""","""pauli_pair""","[""ZZ"", ""XX"", ""YY"", ""YZ"", ""XY""]","""mean_field""",4
164,pairwise-ext-mf_n_qubits14_lam1.0_s5,configs/pool-accuracy-pairwise-l12-lam1.0-2.0.toml,data/runs/pool-accuracy-pairwise-l12-s1-10-2026-07-29/pairwise-ext-mf_n_qubits14_lam1.0_s5,1.0,14,"""all""","""pauli_pair""","[""ZZ"", ""XX"", ""YY"", ""YZ"", ""XY""]","""mean_field""",5
165,pairwise-ext-mf_n_qubits14_lam1.0_s6,configs/pool-accuracy-pairwise-l12-lam1.0-2.0.toml,data/runs/pool-accuracy-pairwise-l12-s1-10-2026-07-29/pairwise-ext-mf_n_qubits14_lam1.0_s6,1.0,14,"""all""","""pauli_pair""","[""ZZ"", ""XX"", ""YY"", ""YZ"", ""XY""]","""mean_field""",6
166,pairwise-ext-mf_n_qubits14_lam1.0_s7,configs/pool-accuracy-pairwise-l12-lam1.0-2.0.toml,data/runs/pool-accuracy-pairwise-l12-s1-10-2026-07-29/pairwise-ext-mf_n_qubits14_lam1.0_s7,1.0,14,"""all""","""pauli_pair""","[""ZZ"", ""XX"", ""YY"", ""YZ"", ""XY""]","""mean_field""",7
167,pairwise-ext-mf_n_qubits14_lam1.0_s8,configs/pool-accuracy-pairwise-l12-lam1.0-2.0.toml,data/runs/pool-accuracy-pairwise-l12-s1-10-2026-07-29/pairwise-ext-mf_n_qubits14_lam1.0_s8,1.0,14,"""all""","""pauli_pair""","[""ZZ"", ""XX"", ""YY"", ""YZ"", ""XY""]","""mean_field""",8
168,pairwise-ext-mf_n_qubits14_lam1.0_s9,configs/pool-accuracy-pairwise-l12-lam1.0-2.0.toml,data/runs/pool-accuracy-pairwise-l12-s1-10-2026-07-29/pairwise-ext-mf_n_qubits14_lam1.0_s9,1.0,14,"""all""","""pauli_pair""","[""ZZ"", ""XX"", ""YY"", ""YZ"", ""XY""]","""mean_field""",9
169,pairwise-ext-mf_n_qubits14_lam1.0_s10,configs/pool-accuracy-pairwise-l12-lam1.0-2.0.toml,data/runs/pool-accuracy-pairwise-l12-s1-10-2026-07-29/pairwise-ext-mf_n_qubits14_lam1.0_s10,1.0,14,"""all""","""pauli_pair""","[""ZZ"", ""XX"", ""YY"", ""YZ"", ""XY""]","""mean_field""",10
170,pairwise-ext-mf_n_qubits14_lam2.0_s1,configs/pool-accuracy-pairwise-l12-lam1.0-2.0.toml,data/runs/pool-accuracy-pairwise-l12-s1-10-2026-07-29/pairwise-ext-mf_n_qubits14_lam2.0_s1,2.0,14,"""all""","""pauli_pair""","[""ZZ"", ""XX"", ""YY"", ""YZ"", ""XY""]","""mean_field""",1
171,pairwise-ext-mf_n_qubits14_lam2.0_s2,configs/pool-accuracy-pairwise-l12-lam1.0-2.0.toml,data/runs/pool-accuracy-pairwise-l12-s1-10-2026-07-29/pairwise-ext-mf_n_qubits14_lam2.0_s2,2.0,14,"""all""","""pauli_pair""","[""ZZ"", ""XX"", ""YY"", ""YZ"", ""XY""]","""mean_field""",2
172,pairwise-ext-mf_n_qubits14_lam2.0_s3,configs/pool-accuracy-pairwise-l12-lam1.0-2.0.toml,data/runs/pool-accuracy-pairwise-l12-s1-10-2026-07-29/pairwise-ext-mf_n_qubits14_lam2.0_s3,2.0,14,"""all""","""pauli_pair""","[""ZZ"", ""XX"", ""YY"", ""YZ"", ""XY""]","""mean_field""",3
173,pairwise-ext-mf_n_qubits14_lam2.0_s4,configs/pool-accuracy-pairwise-l12-lam1.0-2.0.toml,data/runs/pool-accuracy-pairwise-l12-s1-10-2026-07-29/pairwise-ext-mf_n_qubits14_lam2.0_s4,2.0,14,"""all""","""pauli_pair""","[""ZZ"", ""XX"", ""YY"", ""YZ"", ""XY""]","""mean_field""",4
174,pairwise-ext-mf_n_qubits14_lam2.0_s5,configs/pool-accuracy-pairwise-l12-lam1.0-2.0.toml,data/runs/pool-accuracy-pairwise-l12-s1-10-2026-07-29/pairwise-ext-mf_n_qubits14_lam2.0_s5,2.0,14,"""all""","""pauli_pair""","[""ZZ"", ""XX"", ""YY"", ""YZ"", ""XY""]","""mean_field""",5
175,pairwise-ext-mf_n_qubits14_lam2.0_s6,configs/pool-accuracy-pairwise-l12-lam1.0-2.0.toml,data/runs/pool-accuracy-pairwise-l12-s1-10-2026-07-29/pairwise-ext-mf_n_qubits14_lam2.0_s6,2.0,14,"""all""","""pauli_pair""","[""ZZ"", ""XX"", ""YY"", ""YZ"", ""XY""]","""mean_field""",6
176,pairwise-ext-mf_n_qubits14_lam2.0_s7,configs/pool-accuracy-pairwise-l12-lam1.0-2.0.toml,data/runs/pool-accuracy-pairwise-l12-s1-10-2026-07-29/pairwise-ext-mf_n_qubits14_lam2.0_s7,2.0,14,"""all""","""pauli_pair""","[""ZZ"", ""XX"", ""YY"", ""YZ"", ""XY""]","""mean_field""",7
177,pairwise-ext-mf_n_qubits14_lam2.0_s8,configs/pool-accuracy-pairwise-l12-lam1.0-2.0.toml,data/runs/pool-accuracy-pairwise-l12-s1-10-2026-07-29/pairwise-ext-mf_n_qubits14_lam2.0_s8,2.0,14,"""all""","""pauli_pair""","[""ZZ"", ""XX"", ""YY"", ""YZ"", ""XY""]","""mean_field""",8
178,pairwise-ext-mf_n_qubits14_lam2.0_s9,configs/pool-accuracy-pairwise-l12-lam1.0-2.0.toml,data/runs/pool-accuracy-pairwise-l12-s1-10-2026-07-29/pairwise-ext-mf_n_qubits14_lam2.0_s9,2.0,14,"""all""","""pauli_pair""","[""ZZ"", ""XX"", ""YY"", ""YZ"", ""XY""]","""mean_field""",9
179,pairwise-ext-mf_n_qubits14_lam2.0_s10,configs/pool-accuracy-pairwise-l12-lam1.0-2.0.toml,data/runs/pool-accuracy-pairwise-l12-s1-10-2026-07-29/pairwise-ext-mf_n_qubits14_lam2.0_s10,2.0,14,"""all""","""pauli_pair""","[""ZZ"", ""XX"", ""YY"", ""YZ"", ""XY""]","""mean_field""",10
180,pairwise-ext-mf_n_qubits16_lam1.0_s1,configs/pool-accuracy-pairwise-l12-lam1.0-2.0.toml,data/runs/pool-accuracy-pairwise-l12-s1-10-2026-07-29/pairwise-ext-mf_n_qubits16_lam1.0_s1,1.0,16,"""all""","""pauli_pair""","[""ZZ"", ""XX"", ""YY"", ""YZ"", ""XY""]","""mean_field""",1
181,pairwise-ext-mf_n_qubits16_lam1.0_s2,configs/pool-accuracy-pairwise-l12-lam1.0-2.0.toml,data/runs/pool-accuracy-pairwise-l12-s1-10-2026-07-29/pairwise-ext-mf_n_qubits16_lam1.0_s2,1.0,16,"""all""","""pauli_pair""","[""ZZ"", ""XX"", ""YY"", ""YZ"", ""XY""]","""mean_field""",2
182,pairwise-ext-mf_n_qubits16_lam1.0_s3,configs/pool-accuracy-pairwise-l12-lam1.0-2.0.toml,data/runs/pool-accuracy-pairwise-l12-s1-10-2026-07-29/pairwise-ext-mf_n_qubits16_lam1.0_s3,1.0,16,"""all""","""pauli_pair""","[""ZZ"", ""XX"", ""YY"", ""YZ"", ""XY""]","""mean_field""",3
183,pairwise-ext-mf_n_qubits16_lam1.0_s4,configs/pool-accuracy-pairwise-l12-lam1.0-2.0.toml,data/runs/pool-accuracy-pairwise-l12-s1-10-2026-07-29/pairwise-ext-mf_n_qubits16_lam1.0_s4,1.0,16,"""all""","""pauli_pair""","[""ZZ"", ""XX"", ""YY"", ""YZ"", ""XY""]","""mean_field""",4
184,pairwise-ext-mf_n_qubits16_lam1.0_s5,configs/pool-accuracy-pairwise-l12-lam1.0-2.0.toml,data/runs/pool-accuracy-pairwise-l12-s1-10-2026-07-29/pairwise-ext-mf_n_qubits16_lam1.0_s5,1.0,16,"""all""","""pauli_pair""","[""ZZ"", ""XX"", ""YY"", ""YZ"", ""XY""]","""mean_field""",5
185,pairwise-ext-mf_n_qubits16_lam1.0_s6,configs/pool-accuracy-pairwise-l12-lam1.0-2.0.toml,data/runs/pool-accuracy-pairwise-l12-s1-10-2026-07-29/pairwise-ext-mf_n_qubits16_lam1.0_s6,1.0,16,"""all""","""pauli_pair""","[""ZZ"", ""XX"", ""YY"", ""YZ"", ""XY""]","""mean_field""",6
186,pairwise-ext-mf_n_qubits16_lam1.0_s7,configs/pool-accuracy-pairwise-l12-lam1.0-2.0.toml,data/runs/pool-accuracy-pairwise-l12-s1-10-2026-07-29/pairwise-ext-mf_n_qubits16_lam1.0_s7,1.0,16,"""all""","""pauli_pair""","[""ZZ"", ""XX"", ""YY"", ""YZ"", ""XY""]","""mean_field""",7
187,pairwise-ext-mf_n_qubits16_lam1.0_s8,configs/pool-accuracy-pairwise-l12-lam1.0-2.0.toml,data/runs/pool-accuracy-pairwise-l12-s1-10-2026-07-29/pairwise-ext-mf_n_qubits16_lam1.0_s8,1.0,16,"""all""","""pauli_pair""","[""ZZ"", ""XX"", ""YY"", ""YZ"", ""XY""]","""mean_field""",8
188,pairwise-ext-mf_n_qubits16_lam1.0_s9,configs/pool-accuracy-pairwise-l12-lam1.0-2.0.toml,data/runs/pool-accuracy-pairwise-l12-s1-10-2026-07-29/pairwise-ext-mf_n_qubits16_lam1.0_s9,1.0,16,"""all""","""pauli_pair""","[""ZZ"", ""XX"", ""YY"", ""YZ"", ""XY""]","""mean_field""",9
189,pairwise-ext-mf_n_qubits16_lam1.0_s10,configs/pool-accuracy-pairwise-l12-lam1.0-2.0.toml,data/runs/pool-accuracy-pairwise-l12-s1-10-2026-07-29/pairwise-ext-mf_n_qubits16_lam1.0_s10,1.0,16,"""all""","""pauli_pair""","[""ZZ"", ""XX"", ""YY"", ""YZ"", ""XY""]","""mean_field""",10
190,pairwise-ext-mf_n_qubits16_lam2.0_s1,configs/pool-accuracy-pairwise-l12-lam1.0-2.0.toml,data/runs/pool-accuracy-pairwise-l12-s1-10-2026-07-29/pairwise-ext-mf_n_qubits16_lam2.0_s1,2.0,16,"""all""","""pauli_pair""","[""ZZ"", ""XX"", ""YY"", ""YZ"", ""XY""]","""mean_field""",1
191,pairwise-ext-mf_n_qubits16_lam2.0_s2,configs/pool-accuracy-pairwise-l12-lam1.0-2.0.toml,data/runs/pool-accuracy-pairwise-l12-s1-10-2026-07-29/pairwise-ext-mf_n_qubits16_lam2.0_s2,2.0,16,"""all""","""pauli_pair""","[""ZZ"", ""XX"", ""YY"", ""YZ"", ""XY""]","""mean_field""",2
192,pairwise-ext-mf_n_qubits16_lam2.0_s3,configs/pool-accuracy-pairwise-l12-lam1.0-2.0.toml,data/runs/pool-accuracy-pairwise-l12-s1-10-2026-07-29/pairwise-ext-mf_n_qubits16_lam2.0_s3,2.0,16,"""all""","""pauli_pair""","[""ZZ"", ""XX"", ""YY"", ""YZ"", ""XY""]","""mean_field""",3
193,pairwise-ext-mf_n_qubits16_lam2.0_s4,configs/pool-accuracy-pairwise-l12-lam1.0-2.0.toml,data/runs/pool-accuracy-pairwise-l12-s1-10-2026-07-29/pairwise-ext-mf_n_qubits16_lam2.0_s4,2.0,16,"""all""","""pauli_pair""","[""ZZ"", ""XX"", ""YY"", ""YZ"", ""XY""]","""mean_field""",4
194,pairwise-ext-mf_n_qubits16_lam2.0_s5,configs/pool-accuracy-pairwise-l12-lam1.0-2.0.toml,data/runs/pool-accuracy-pairwise-l12-s1-10-2026-07-29/pairwise-ext-mf_n_qubits16_lam2.0_s5,2.0,16,"""all""","""pauli_pair""","[""ZZ"", ""XX"", ""YY"", ""YZ"", ""XY""]","""mean_field""",5
195,pairwise-ext-mf_n_qubits16_lam2.0_s6,configs/pool-accuracy-pairwise-l12-lam1.0-2.0.toml,data/runs/pool-accuracy-pairwise-l12-s1-10-2026-07-29/pairwise-ext-mf_n_qubits16_lam2.0_s6,2.0,16,"""all""","""pauli_pair""","[""ZZ"", ""XX"", ""YY"", ""YZ"", ""XY""]","""mean_field""",6
196,pairwise-ext-mf_n_qubits16_lam2.0_s7,configs/pool-accuracy-pairwise-l12-lam1.0-2.0.toml,data/runs/pool-accuracy-pairwise-l12-s1-10-2026-07-29/pairwise-ext-mf_n_qubits16_lam2.0_s7,2.0,16,"""all""","""pauli_pair""","[""ZZ"", ""XX"", ""YY"", ""YZ"", ""XY""]","""mean_field""",7
197,pairwise-ext-mf_n_qubits16_lam2.0_s8,configs/pool-accuracy-pairwise-l12-lam1.0-2.0.toml,data/runs/pool-accuracy-pairwise-l12-s1-10-2026-07-29/pairwise-ext-mf_n_qubits16_lam2.0_s8,2.0,16,"""all""","""pauli_pair""","[""ZZ"", ""XX"", ""YY"", ""YZ"", ""XY""]","""mean_field""",8
198,pairwise-ext-mf_n_qubits16_lam2.0_s9,configs/pool-accuracy-pairwise-l12-lam1.0-2.0.toml,data/runs/pool-accuracy-pairwise-l12-s1-10-2026-07-29/pairwise-ext-mf_n_qubits16_lam2.0_s9,2.0,16,"""all""","""pauli_pair""","[""ZZ"", ""XX"", ""YY"", ""YZ"", ""XY""]","""mean_field""",9
199,pairwise-ext-mf_n_qubits16_lam2.0_s10,configs/pool-accuracy-pairwise-l12-lam1.0-2.0.toml,data/runs/pool-accuracy-pairwise-l12-s1-10-2026-07-29/pairwise-ext-mf_n_qubits16_lam2.0_s10,2.0,16,"""all""","""pauli_pair""","[""ZZ"", ""XX"", ""YY"", ""YZ"", ""XY""]","""mean_field""",10
