row,config,hamiltonian.lam,hamiltonian.n_qubits,out_dir,pool.connectivity,pool.kind,pool.paulis,run_id,train.init_state,train.seed
0,configs/pool-accuracy-pairwise-l12-lam1.0-2.0.toml,1.0,8,data/runs/pool-accuracy-pairwise-l12-s1-10-2026-07-29/pairwise-all_n_qubits8_lam1.0_s1,"""all""","""pauli_pair""",,pairwise-all_n_qubits8_lam1.0_s1,,1
1,configs/pool-accuracy-pairwise-l12-lam1.0-2.0.toml,1.0,8,data/runs/pool-accuracy-pairwise-l12-s1-10-2026-07-29/pairwise-all_n_qubits8_lam1.0_s2,"""all""","""pauli_pair""",,pairwise-all_n_qubits8_lam1.0_s2,,2
2,configs/pool-accuracy-pairwise-l12-lam1.0-2.0.toml,1.0,8,data/runs/pool-accuracy-pairwise-l12-s1-10-2026-07-29/pairwise-all_n_qubits8_lam1.0_s3,"""all""","""pauli_pair""",,pairwise-all_n_qubits8_lam1.0_s3,,3
3,configs/pool-accuracy-pairwise-l12-lam1.0-2.0.toml,1.0,8,data/runs/pool-accuracy-pairwise-l12-s1-10-2026-07-29/pairwise-all_n_qubits8_lam1.0_s4,"""all""","""pauli_pair""",,pairwise-all_n_qubits8_lam1.0_s4,,4
4,configs/pool-accuracy-pairwise-l12-lam1.0-2.0.toml,1.0,8,data/runs/pool-accuracy-pairwise-l12-s1-10-2026-07-29/pairwise-all_n_qubits8_lam1.0_s5,"""all""","""pauli_pair""",,pairwise-all_n_qubits8_lam1.0_s5,,5
5,configs/pool-accuracy-pairwise-l12-lam1.0-2.0.toml,1.0,8,data/runs/pool-accuracy-pairwise-l12-s1-10-2026-07-29/pairwise-all_n_qubits8_lam1.0_s6,"""all""","""pauli_pair""",,pairwise-all_n_qubits8_lam1.0_s6,,6
6,configs/pool-accuracy-pairwise-l12-lam1.0-2.0.toml,1.0,8,data/runs/pool-accuracy-pairwise-l12-s1-10-2026-07-29/pairwise-all_n_qubits8_lam1.0_s7,"""all""","""pauli_pair""",,pairwise-all_n_qubits8_lam1.0_s7,,7
7,configs/pool-accuracy-pairwise-l12-lam1.0-2.0.toml,1.0,8,data/runs/pool-accuracy-pairwise-l12-s1-10-2026-07-29/pairwise-all_n_qubits8_lam1.0_s8,"""all""","""pauli_pair""",,pairwise-all_n_qubits8_lam1.0_s8,,8
8,configs/pool-accuracy-pairwise-l12-lam1.0-2.0.toml,1.0,8,data/runs/pool-accuracy-pairwise-l12-s1-10-2026-07-29/pairwise-all_n_qubits8_lam1.0_s9,"""all""","""pauli_pair""",,pairwise-all_n_qubits8_lam1.0_s9,,9
9,configs/pool-accuracy-pairwise-l12-lam1.0-2.0.toml,1.0,8,data/runs/pool-accuracy-pairwise-l12-s1-10-2026-07-29/pairwise-all_n_qubits8_lam1.0_s10,"""all""","""pauli_pair""",,pairwise-all_n_qubits8_lam1.0_s10,,10
10,configs/pool-accuracy-pairwise-l12-lam1.0-2.0.toml,2.0,8,data/runs/pool-accuracy-pairwise-l12-s1-10-2026-07-29/pairwise-all_n_qubits8_lam2.0_s1,"""all""","""pauli_pair""",,pairwise-all_n_qubits8_lam2.0_s1,,1
11,configs/pool-accuracy-pairwise-l12-lam1.0-2.0.toml,2.0,8,data/runs/pool-accuracy-pairwise-l12-s1-10-2026-07-29/pairwise-all_n_qubits8_lam2.0_s2,"""all""","""pauli_pair""",,pairwise-all_n_qubits8_lam2.0_s2,,2
12,configs/pool-accuracy-pairwise-l12-lam1.0-2.0.toml,2.0,8,data/runs/pool-accuracy-pairwise-l12-s1-10-2026-07-29/pairwise-all_n_qubits8_lam2.0_s3,"""all""","""pauli_pair""",,pairwise-all_n_qubits8_lam2.0_s3,,3
13,configs/pool-accuracy-pairwise-l12-lam1.0-2.0.toml,2.0,8,data/runs/pool-accuracy-pairwise-l12-s1-10-2026-07-29/pairwise-all_n_qubits8_lam2.0_s4,"""all""","""pauli_pair""",,pairwise-all_n_qubits8_lam2.0_s4,,4
14,configs/pool-accuracy-pairwise-l12-lam1.0-2.0.toml,2.0,8,data/runs/pool-accuracy-pairwise-l12-s1-10-2026-07-29/pairwise-all_n_qubits8_lam2.0_s5,"""all""","""pauli_pair""",,pairwise-all_n_qubits8_lam2.0_s5,,5
15,configs/pool-accuracy-pairwise-l12-lam1.0-2.0.toml,2.0,8,data/runs/pool-accuracy-pairwise-l12-s1-10-2026-07-29/pairwise-all_n_qubits8_lam2.0_s6,"""all""","""pauli_pair""",,pairwise-all_n_qubits8_lam2.0_s6,,6
16,configs/pool-accuracy-pairwise-l12-lam1.0-2.0.toml,2.0,8,data/runs/pool-accuracy-pairwise-l12-s1-10-2026-07-29/pairwise-all_n_qubits8_lam2.0_s7,"""all""","""pauli_pair""",,pairwise-all_n_qubits8_lam2.0_s7,,7
17,configs/pool-accuracy-pairwise-l12-lam1.0-2.0.toml,2.0,8,data/runs/pool-accuracy-pairwise-l12-s1-10-2026-07-29/pairwise-all_n_qubits8_lam2.0_s8,"""all""","""pauli_pair""",,pairwise-all_n_qubits8_lam2.0_s8,,8
18,configs/pool-accuracy-pairwise-l12-lam1.0-2.0.toml,2.0,8,data/runs/pool-accuracy-pairwise-l12-s1-10-2026-07-29/pairwise-all_n_qubits8_lam2.0_s9,"""all""","""pauli_pair""",,pairwise-all_n_qubits8_lam2.0_s9,,9
19,configs/pool-accuracy-pairwise-l12-lam1.0-2.0.toml,2.0,8,data/runs/pool-accuracy-pairwise-l12-s1-10-2026-07-29/pairwise-all_n_qubits8_lam2.0_s10,"""all""","""pauli_pair""",,pairwise-all_n_qubits8_lam2.0_s10,,10
20,configs/pool-accuracy-pairwise-l12-lam1.0-2.0.toml,1.0,10,data/runs/pool-accuracy-pairwise-l12-s1-10-2026-07-29/pairwise-all_n_qubits10_lam1.0_s1,"""all""","""pauli_pair""",,pairwise-all_n_qubits10_lam1.0_s1,,1
21,configs/pool-accuracy-pairwise-l12-lam1.0-2.0.toml,1.0,10,data/runs/pool-accuracy-pairwise-l12-s1-10-2026-07-29/pairwise-all_n_qubits10_lam1.0_s2,"""all""","""pauli_pair""",,pairwise-all_n_qubits10_lam1.0_s2,,2
22,configs/pool-accuracy-pairwise-l12-lam1.0-2.0.toml,1.0,10,data/runs/pool-accuracy-pairwise-l12-s1-10-2026-07-29/pairwise-all_n_qubits10_lam1.0_s3,"""all""","""pauli_pair""",,pairwise-all_n_qubits10_lam1.0_s3,,3
23,configs/pool-accuracy-pairwise-l12-lam1.0-2.0.toml,1.0,10,data/runs/pool-accuracy-pairwise-l12-s1-10-2026-07-29/pairwise-all_n_qubits10_lam1.0_s4,"""all""","""pauli_pair""",,pairwise-all_n_qubits10_lam1.0_s4,,4
24,configs/pool-accuracy-pairwise-l12-lam1.0-2.0.toml,1.0,10,data/runs/pool-accuracy-pairwise-l12-s1-10-2026-07-29/pairwise-all_n_qubits10_lam1.0_s5,"""all""","""pauli_pair""",,pairwise-all_n_qubits10_lam1.0_s5,,5
25,configs/pool-accuracy-pairwise-l12-lam1.0-2.0.toml,1.0,10,data/runs/pool-accuracy-pairwise-l12-s1-10-2026-07-29/pairwise-all_n_qubits10_lam1.0_s6,"""all""","""pauli_pair""",,pairwise-all_n_qubits10_lam1.0_s6,,6
26,configs/pool-accuracy-pairwise-l12-lam1.0-2.0.toml,1.0,10,data/runs/pool-accuracy-pairwise-l12-s1-10-2026-07-29/pairwise-all_n_qubits10_lam1.0_s7,"""all""","""pauli_pair""",,pairwise-all_n_qubits10_lam1.0_s7,,7
27,configs/pool-accuracy-pairwise-l12-lam1.0-2.0.toml,1.0,10,data/runs/pool-accuracy-pairwise-l12-s1-10-2026-07-29/pairwise-all_n_qubits10_lam1.0_s8,"""all""","""pauli_pair""",,pairwise-all_n_qubits10_lam1.0_s8,,8
28,configs/pool-accuracy-pairwise-l12-lam1.0-2.0.toml,1.0,10,data/runs/pool-accuracy-pairwise-l12-s1-10-2026-07-29/pairwise-all_n_qubits10_lam1.0_s9,"""all""","""pauli_pair""",,pairwise-all_n_qubits10_lam1.0_s9,,9
29,configs/pool-accuracy-pairwise-l12-lam1.0-2.0.toml,1.0,10,data/runs/pool-accuracy-pairwise-l12-s1-10-2026-07-29/pairwise-all_n_qubits10_lam1.0_s10,"""all""","""pauli_pair""",,pairwise-all_n_qubits10_lam1.0_s10,,10
30,configs/pool-accuracy-pairwise-l12-lam1.0-2.0.toml,2.0,10,data/runs/pool-accuracy-pairwise-l12-s1-10-2026-07-29/pairwise-all_n_qubits10_lam2.0_s1,"""all""","""pauli_pair""",,pairwise-all_n_qubits10_lam2.0_s1,,1
31,configs/pool-accuracy-pairwise-l12-lam1.0-2.0.toml,2.0,10,data/runs/pool-accuracy-pairwise-l12-s1-10-2026-07-29/pairwise-all_n_qubits10_lam2.0_s2,"""all""","""pauli_pair""",,pairwise-all_n_qubits10_lam2.0_s2,,2
32,configs/pool-accuracy-pairwise-l12-lam1.0-2.0.toml,2.0,10,data/runs/pool-accuracy-pairwise-l12-s1-10-2026-07-29/pairwise-all_n_qubits10_lam2.0_s3,"""all""","""pauli_pair""",,pairwise-all_n_qubits10_lam2.0_s3,,3
33,configs/pool-accuracy-pairwise-l12-lam1.0-2.0.toml,2.0,10,data/runs/pool-accuracy-pairwise-l12-s1-10-2026-07-29/pairwise-all_n_qubits10_lam2.0_s4,"""all""","""pauli_pair""",,pairwise-all_n_qubits10_lam2.0_s4,,4
34,configs/pool-accuracy-pairwise-l12-lam1.0-2.0.toml,2.0,10,data/runs/pool-accuracy-pairwise-l12-s1-10-2026-07-29/pairwise-all_n_qubits10_lam2.0_s5,"""all""","""pauli_pair""",,pairwise-all_n_qubits10_lam2.0_s5,,5
35,configs/pool-accuracy-pairwise-l12-lam1.0-2.0.toml,2.0,10,data/runs/pool-accuracy-pairwise-l12-s1-10-2026-07-29/pairwise-all_n_qubits10_lam2.0_s6,"""all""","""pauli_pair""",,pairwise-all_n_qubits10_lam2.0_s6,,6
36,configs/pool-accuracy-pairwise-l12-lam1.0-2.0.toml,2.0,10,data/runs/pool-accuracy-pairwise-l12-s1-10-2026-07-29/pairwise-all_n_qubits10_lam2.0_s7,"""all""","""pauli_pair""",,pairwise-all_n_qubits10_lam2.0_s7,,7
37,configs/pool-accuracy-pairwise-l12-lam1.0-2.0.toml,2.0,10,data/runs/pool-accuracy-pairwise-l12-s1-10-2026-07-29/pairwise-all_n_qubits10_lam2.0_s8,"""all""","""pauli_pair""",,pairwise-all_n_qubits10_lam2.0_s8,,8
38,configs/pool-accuracy-pairwise-l12-lam1.0-2.0.toml,2.0,10,data/runs/pool-accuracy-pairwise-l12-s1-10-2026-07-29/pairwise-all_n_qubits10_lam2.0_s9,"""all""","""pauli_pair""",,pairwise-all_n_qubits10_lam2.0_s9,,9
39,configs/pool-accuracy-pairwise-l12-lam1.0-2.0.toml,2.0,10,data/runs/pool-accuracy-pairwise-l12-s1-10-2026-07-29/pairwise-all_n_qubits10_lam2.0_s10,"""all""","""pauli_pair""",,pairwise-all_n_qubits10_lam2.0_s10,,10
40,configs/pool-accuracy-pairwise-l12-lam1.0-2.0.toml,1.0,12,data/runs/pool-accuracy-pairwise-l12-s1-10-2026-07-29/pairwise-all_n_qubits12_lam1.0_s1,"""all""","""pauli_pair""",,pairwise-all_n_qubits12_lam1.0_s1,,1
41,configs/pool-accuracy-pairwise-l12-lam1.0-2.0.toml,1.0,12,data/runs/pool-accuracy-pairwise-l12-s1-10-2026-07-29/pairwise-all_n_qubits12_lam1.0_s2,"""all""","""pauli_pair""",,pairwise-all_n_qubits12_lam1.0_s2,,2
42,configs/pool-accuracy-pairwise-l12-lam1.0-2.0.toml,1.0,12,data/runs/pool-accuracy-pairwise-l12-s1-10-2026-07-29/pairwise-all_n_qubits12_lam1.0_s3,"""all""","""pauli_pair""",,pairwise-all_n_qubits12_lam1.0_s3,,3
43,configs/pool-accuracy-pairwise-l12-lam1.0-2.0.toml,1.0,12,data/runs/pool-accuracy-pairwise-l12-s1-10-2026-07-29/pairwise-all_n_qubits12_lam1.0_s4,"""all""","""pauli_pair""",,pairwise-all_n_qubits12_lam1.0_s4,,4
44,configs/pool-accuracy-pairwise-l12-lam1.0-2.0.toml,1.0,12,data/runs/pool-accuracy-pairwise-l12-s1-10-2026-07-29/pairwise-all_n_qubits12_lam1.0_s5,"""all""","""pauli_pair""",,pairwise-all_n_qubits12_lam1.0_s5,,5
45,configs/pool-accuracy-pairwise-l12-lam1.0-2.0.toml,1.0,12,data/runs/pool-accuracy-pairwise-l12-s1-10-2026-07-29/pairwise-all_n_qubits12_lam1.0_s6,"""all""","""pauli_pair""",,pairwise-all_n_qubits12_lam1.0_s6,,6
46,configs/pool-accuracy-pairwise-l12-lam1.0-2.0.toml,1.0,12,data/runs/pool-accuracy-pairwise-l12-s1-10-2026-07-29/pairwise-all_n_qubits12_lam1.0_s7,"""all""","""pauli_pair""",,pairwise-all_n_qubits12_lam1.0_s7,,7
47,configs/pool-accuracy-pairwise-l12-lam1.0-2.0.toml,1.0,12,data/runs/pool-accuracy-pairwise-l12-s1-10-2026-07-29/pairwise-all_n_qubits12_lam1.0_s8,"""all""","""pauli_pair""",,pairwise-all_n_qubits12_lam1.0_s8,,8
48,configs/pool-accuracy-pairwise-l12-lam1.0-2.0.toml,1.0,12,data/runs/pool-accuracy-pairwise-l12-s1-10-2026-07-29/pairwise-all_n_qubits12_lam1.0_s9,"""all""","""pauli_pair""",,pairwise-all_n_qubits12_lam1.0_s9,,9
49,configs/pool-accuracy-pairwise-l12-lam1.0-2.0.toml,1.0,12,data/runs/pool-accuracy-pairwise-l12-s1-10-2026-07-29/pairwise-all_n_qubits12_lam1.0_s10,"""all""","""pauli_pair""",,pairwise-all_n_qubits12_lam1.0_s10,,10
50,configs/pool-accuracy-pairwise-l12-lam1.0-2.0.toml,2.0,12,data/runs/pool-accuracy-pairwise-l12-s1-10-2026-07-29/pairwise-all_n_qubits12_lam2.0_s1,"""all""","""pauli_pair""",,pairwise-all_n_qubits12_lam2.0_s1,,1
51,configs/pool-accuracy-pairwise-l12-lam1.0-2.0.toml,2.0,12,data/runs/pool-accuracy-pairwise-l12-s1-10-2026-07-29/pairwise-all_n_qubits12_lam2.0_s2,"""all""","""pauli_pair""",,pairwise-all_n_qubits12_lam2.0_s2,,2
52,configs/pool-accuracy-pairwise-l12-lam1.0-2.0.toml,2.0,12,data/runs/pool-accuracy-pairwise-l12-s1-10-2026-07-29/pairwise-all_n_qubits12_lam2.0_s3,"""all""","""pauli_pair""",,pairwise-all_n_qubits12_lam2.0_s3,,3
53,configs/pool-accuracy-pairwise-l12-lam1.0-2.0.toml,2.0,12,data/runs/pool-accuracy-pairwise-l12-s1-10-2026-07-29/pairwise-all_n_qubits12_lam2.0_s4,"""all""","""pauli_pair""",,pairwise-all_n_qubits12_lam2.0_s4,,4
54,configs/pool-accuracy-pairwise-l12-lam1.0-2.0.toml,2.0,12,data/runs/pool-accuracy-pairwise-l12-s1-10-2026-07-29/pairwise-all_n_qubits12_lam2.0_s5,"""all""","""pauli_pair""",,pairwise-all_n_qubits12_lam2.0_s5,,5
55,configs/pool-accuracy-pairwise-l12-lam1.0-2.0.toml,2.0,12,data/runs/pool-accuracy-pairwise-l12-s1-10-2026-07-29/pairwise-all_n_qubits12_lam2.0_s6,"""all""","""pauli_pair""",,pairwise-all_n_qubits12_lam2.0_s6,,6
56,configs/pool-accuracy-pairwise-l12-lam1.0-2.0.toml,2.0,12,data/runs/pool-accuracy-pairwise-l12-s1-10-2026-07-29/pairwise-all_n_qubits12_lam2.0_s7,"""all""","""pauli_pair""",,pairwise-all_n_qubits12_lam2.0_s7,,7
57,configs/pool-accuracy-pairwise-l12-lam1.0-2.0.toml,2.0,12,data/runs/pool-accuracy-pairwise-l12-s1-10-2026-07-29/pairwise-all_n_qubits12_lam2.0_s8,"""all""","""pauli_pair""",,pairwise-all_n_qubits12_lam2.0_s8,,8
58,configs/pool-accuracy-pairwise-l12-lam1.0-2.0.toml,2.0,12,data/runs/pool-accuracy-pairwise-l12-s1-10-2026-07-29/pairwise-all_n_qubits12_lam2.0_s9,"""all""","""pauli_pair""",,pairwise-all_n_qubits12_lam2.0_s9,,9
59,configs/pool-accuracy-pairwise-l12-lam1.0-2.0.toml,2.0,12,data/runs/pool-accuracy-pairwise-l12-s1-10-2026-07-29/pairwise-all_n_qubits12_lam2.0_s10,"""all""","""pauli_pair""",,pairwise-all_n_qubits12_lam2.0_s10,,10
60,configs/pool-accuracy-pairwise-l12-lam1.0-2.0.toml,1.0,14,data/runs/pool-accuracy-pairwise-l12-s1-10-2026-07-29/pairwise-all_n_qubits14_lam1.0_s1,"""all""","""pauli_pair""",,pairwise-all_n_qubits14_lam1.0_s1,,1
61,configs/pool-accuracy-pairwise-l12-lam1.0-2.0.toml,1.0,14,data/runs/pool-accuracy-pairwise-l12-s1-10-2026-07-29/pairwise-all_n_qubits14_lam1.0_s2,"""all""","""pauli_pair""",,pairwise-all_n_qubits14_lam1.0_s2,,2
62,configs/pool-accuracy-pairwise-l12-lam1.0-2.0.toml,1.0,14,data/runs/pool-accuracy-pairwise-l12-s1-10-2026-07-29/pairwise-all_n_qubits14_lam1.0_s3,"""all""","""pauli_pair""",,pairwise-all_n_qubits14_lam1.0_s3,,3
63,configs/pool-accuracy-pairwise-l12-lam1.0-2.0.toml,1.0,14,data/runs/pool-accuracy-pairwise-l12-s1-10-2026-07-29/pairwise-all_n_qubits14_lam1.0_s4,"""all""","""pauli_pair""",,pairwise-all_n_qubits14_lam1.0_s4,,4
64,configs/pool-accuracy-pairwise-l12-lam1.0-2.0.toml,1.0,14,data/runs/pool-accuracy-pairwise-l12-s1-10-2026-07-29/pairwise-all_n_qubits14_lam1.0_s5,"""all""","""pauli_pair""",,pairwise-all_n_qubits14_lam1.0_s5,,5
65,configs/pool-accuracy-pairwise-l12-lam1.0-2.0.toml,1.0,14,data/runs/pool-accuracy-pairwise-l12-s1-10-2026-07-29/pairwise-all_n_qubits14_lam1.0_s6,"""all""","""pauli_pair""",,pairwise-all_n_qubits14_lam1.0_s6,,6
66,configs/pool-accuracy-pairwise-l12-lam1.0-2.0.toml,1.0,14,data/runs/pool-accuracy-pairwise-l12-s1-10-2026-07-29/pairwise-all_n_qubits14_lam1.0_s7,"""all""","""pauli_pair""",,pairwise-all_n_qubits14_lam1.0_s7,,7
67,configs/pool-accuracy-pairwise-l12-lam1.0-2.0.toml,1.0,14,data/runs/pool-accuracy-pairwise-l12-s1-10-2026-07-29/pairwise-all_n_qubits14_lam1.0_s8,"""all""","""pauli_pair""",,pairwise-all_n_qubits14_lam1.0_s8,,8
68,configs/pool-accuracy-pairwise-l12-lam1.0-2.0.toml,1.0,14,data/runs/pool-accuracy-pairwise-l12-s1-10-2026-07-29/pairwise-all_n_qubits14_lam1.0_s9,"""all""","""pauli_pair""",,pairwise-all_n_qubits14_lam1.0_s9,,9
69,configs/pool-accuracy-pairwise-l12-lam1.0-2.0.toml,1.0,14,data/runs/pool-accuracy-pairwise-l12-s1-10-2026-07-29/pairwise-all_n_qubits14_lam1.0_s10,"""all""","""pauli_pair""",,pairwise-all_n_qubits14_lam1.0_s10,,10
70,configs/pool-accuracy-pairwise-l12-lam1.0-2.0.toml,2.0,14,data/runs/pool-accuracy-pairwise-l12-s1-10-2026-07-29/pairwise-all_n_qubits14_lam2.0_s1,"""all""","""pauli_pair""",,pairwise-all_n_qubits14_lam2.0_s1,,1
71,configs/pool-accuracy-pairwise-l12-lam1.0-2.0.toml,2.0,14,data/runs/pool-accuracy-pairwise-l12-s1-10-2026-07-29/pairwise-all_n_qubits14_lam2.0_s2,"""all""","""pauli_pair""",,pairwise-all_n_qubits14_lam2.0_s2,,2
72,configs/pool-accuracy-pairwise-l12-lam1.0-2.0.toml,2.0,14,data/runs/pool-accuracy-pairwise-l12-s1-10-2026-07-29/pairwise-all_n_qubits14_lam2.0_s3,"""all""","""pauli_pair""",,pairwise-all_n_qubits14_lam2.0_s3,,3
73,configs/pool-accuracy-pairwise-l12-lam1.0-2.0.toml,2.0,14,data/runs/pool-accuracy-pairwise-l12-s1-10-2026-07-29/pairwise-all_n_qubits14_lam2.0_s4,"""all""","""pauli_pair""",,pairwise-all_n_qubits14_lam2.0_s4,,4
74,configs/pool-accuracy-pairwise-l12-lam1.0-2.0.toml,2.0,14,data/runs/pool-accuracy-pairwise-l12-s1-10-2026-07-29/pairwise-all_n_qubits14_lam2.0_s5,"""all""","""pauli_pair""",,pairwise-all_n_qubits14_lam2.0_s5,,5
75,configs/pool-accuracy-pairwise-l12-lam1.0-2.0.toml,2.0,14,data/runs/pool-accuracy-pairwise-l12-s1-10-2026-07-29/pairwise-all_n_qubits14_lam2.0_s6,"""all""","""pauli_pair""",,pairwise-all_n_qubits14_lam2.0_s6,,6
76,configs/pool-accuracy-pairwise-l12-lam1.0-2.0.toml,2.0,14,data/runs/pool-accuracy-pairwise-l12-s1-10-2026-07-29/pairwise-all_n_qubits14_lam2.0_s7,"""all""","""pauli_pair""",,pairwise-all_n_qubits14_lam2.0_s7,,7
77,configs/pool-accuracy-pairwise-l12-lam1.0-2.0.toml,2.0,14,data/runs/pool-accuracy-pairwise-l12-s1-10-2026-07-29/pairwise-all_n_qubits14_lam2.0_s8,"""all""","""pauli_pair""",,pairwise-all_n_qubits14_lam2.0_s8,,8
78,configs/pool-accuracy-pairwise-l12-lam1.0-2.0.toml,2.0,14,data/runs/pool-accuracy-pairwise-l12-s1-10-2026-07-29/pairwise-all_n_qubits14_lam2.0_s9,"""all""","""pauli_pair""",,pairwise-all_n_qubits14_lam2.0_s9,,9
79,configs/pool-accuracy-pairwise-l12-lam1.0-2.0.toml,2.0,14,data/runs/pool-accuracy-pairwise-l12-s1-10-2026-07-29/pairwise-all_n_qubits14_lam2.0_s10,"""all""","""pauli_pair""",,pairwise-all_n_qubits14_lam2.0_s10,,10
80,configs/pool-accuracy-pairwise-l12-lam1.0-2.0.toml,1.0,16,data/runs/pool-accuracy-pairwise-l12-s1-10-2026-07-29/pairwise-all_n_qubits16_lam1.0_s1,"""all""","""pauli_pair""",,pairwise-all_n_qubits16_lam1.0_s1,,1
81,configs/pool-accuracy-pairwise-l12-lam1.0-2.0.toml,1.0,16,data/runs/pool-accuracy-pairwise-l12-s1-10-2026-07-29/pairwise-all_n_qubits16_lam1.0_s2,"""all""","""pauli_pair""",,pairwise-all_n_qubits16_lam1.0_s2,,2
82,configs/pool-accuracy-pairwise-l12-lam1.0-2.0.toml,1.0,16,data/runs/pool-accuracy-pairwise-l12-s1-10-2026-07-29/pairwise-all_n_qubits16_lam1.0_s3,"""all""","""pauli_pair""",,pairwise-all_n_qubits16_lam1.0_s3,,3
83,configs/pool-accuracy-pairwise-l12-lam1.0-2.0.toml,1.0,16,data/runs/pool-accuracy-pairwise-l12-s1-10-2026-07-29/pairwise-all_n_qubits16_lam1.0_s4,"""all""","""pauli_pair""",,pairwise-all_n_qubits16_lam1.0_s4,,4
84,configs/pool-accuracy-pairwise-l12-lam1.0-2.0.toml,1.0,16,data/runs/pool-accuracy-pairwise-l12-s1-10-2026-07-29/pairwise-all_n_qubits16_lam1.0_s5,"""all""","""pauli_pair""",,pairwise-all_n_qubits16_lam1.0_s5,,5
85,configs/pool-accuracy-pairwise-l12-lam1.0-2.0.toml,1.0,16,data/runs/pool-accuracy-pairwise-l12-s1-10-2026-07-29/pairwise-all_n_qubits16_lam1.0_s6,"""all""","""pauli_pair""",,pairwise-all_n_qubits16_lam1.0_s6,,6
86,configs/pool-accuracy-pairwise-l12-lam1.0-2.0.toml,1.0,16,data/runs/pool-accuracy-pairwise-l12-s1-10-2026-07-29/pairwise-all_n_qubits16_lam1.0_s7,"""all""","""pauli_pair""",,pairwise-all_n_qubits16_lam1.0_s7,,7
87,configs/pool-accuracy-pairwise-l12-lam1.0-2.0.toml,1.0,16,data/runs/pool-accuracy-pairwise-l12-s1-10-2026-07-29/pairwise-all_n_qubits16_lam1.0_s8,"""all""","""pauli_pair""",,pairwise-all_n_qubits16_lam1.0_s8,,8
88,configs/pool-accuracy-pairwise-l12-lam1.0-2.0.toml,1.0,16,data/runs/pool-accuracy-pairwise-l12-s1-10-2026-07-29/pairwise-all_n_qubits16_lam1.0_s9,"""all""","""pauli_pair""",,pairwise-all_n_qubits16_lam1.0_s9,,9
89,configs/pool-accuracy-pairwise-l12-lam1.0-2.0.toml,1.0,16,data/runs/pool-accuracy-pairwise-l12-s1-10-2026-07-29/pairwise-all_n_qubits16_lam1.0_s10,"""all""","""pauli_pair""",,pairwise-all_n_qubits16_lam1.0_s10,,10
90,configs/pool-accuracy-pairwise-l12-lam1.0-2.0.toml,2.0,16,data/runs/pool-accuracy-pairwise-l12-s1-10-2026-07-29/pairwise-all_n_qubits16_lam2.0_s1,"""all""","""pauli_pair""",,pairwise-all_n_qubits16_lam2.0_s1,,1
91,configs/pool-accuracy-pairwise-l12-lam1.0-2.0.toml,2.0,16,data/runs/pool-accuracy-pairwise-l12-s1-10-2026-07-29/pairwise-all_n_qubits16_lam2.0_s2,"""all""","""pauli_pair""",,pairwise-all_n_qubits16_lam2.0_s2,,2
92,configs/pool-accuracy-pairwise-l12-lam1.0-2.0.toml,2.0,16,data/runs/pool-accuracy-pairwise-l12-s1-10-2026-07-29/pairwise-all_n_qubits16_lam2.0_s3,"""all""","""pauli_pair""",,pairwise-all_n_qubits16_lam2.0_s3,,3
93,configs/pool-accuracy-pairwise-l12-lam1.0-2.0.toml,2.0,16,data/runs/pool-accuracy-pairwise-l12-s1-10-2026-07-29/pairwise-all_n_qubits16_lam2.0_s4,"""all""","""pauli_pair""",,pairwise-all_n_qubits16_lam2.0_s4,,4
94,configs/pool-accuracy-pairwise-l12-lam1.0-2.0.toml,2.0,16,data/runs/pool-accuracy-pairwise-l12-s1-10-2026-07-29/pairwise-all_n_qubits16_lam2.0_s5,"""all""","""pauli_pair""",,pairwise-all_n_qubits16_lam2.0_s5,,5
95,configs/pool-accuracy-pairwise-l12-lam1.0-2.0.toml,2.0,16,data/runs/pool-accuracy-pairwise-l12-s1-10-2026-07-29/pairwise-all_n_qubits16_lam2.0_s6,"""all""","""pauli_pair""",,pairwise-all_n_qubits16_lam2.0_s6,,6
96,configs/pool-accuracy-pairwise-l12-lam1.0-2.0.toml,2.0,16,data/runs/pool-accuracy-pairwise-l12-s1-10-2026-07-29/pairwise-all_n_qubits16_lam2.0_s7,"""all""","""pauli_pair""",,pairwise-all_n_qubits16_lam2.0_s7,,7
97,configs/pool-accuracy-pairwise-l12-lam1.0-2.0.toml,2.0,16,data/runs/pool-accuracy-pairwise-l12-s1-10-2026-07-29/pairwise-all_n_qubits16_lam2.0_s8,"""all""","""pauli_pair""",,pairwise-all_n_qubits16_lam2.0_s8,,8
98,configs/pool-accuracy-pairwise-l12-lam1.0-2.0.toml,2.0,16,data/runs/pool-accuracy-pairwise-l12-s1-10-2026-07-29/pairwise-all_n_qubits16_lam2.0_s9,"""all""","""pauli_pair""",,pairwise-all_n_qubits16_lam2.0_s9,,9
99,configs/pool-accuracy-pairwise-l12-lam1.0-2.0.toml,2.0,16,data/runs/pool-accuracy-pairwise-l12-s1-10-2026-07-29/pairwise-all_n_qubits16_lam2.0_s10,"""all""","""pauli_pair""",,pairwise-all_n_qubits16_lam2.0_s10,,10
100,configs/pool-accuracy-pairwise-l12-lam1.0-2.0.toml,1.0,8,data/runs/pool-accuracy-pairwise-l12-s1-10-2026-07-29/pairwise-ext-mf_n_qubits8_lam1.0_s1,"""all""","""pauli_pair""","[""ZZ"", ""XX"", ""YY"", ""YZ"", ""XY""]",pairwise-ext-mf_n_qubits8_lam1.0_s1,"""mean_field""",1
101,configs/pool-accuracy-pairwise-l12-lam1.0-2.0.toml,1.0,8,data/runs/pool-accuracy-pairwise-l12-s1-10-2026-07-29/pairwise-ext-mf_n_qubits8_lam1.0_s2,"""all""","""pauli_pair""","[""ZZ"", ""XX"", ""YY"", ""YZ"", ""XY""]",pairwise-ext-mf_n_qubits8_lam1.0_s2,"""mean_field""",2
102,configs/pool-accuracy-pairwise-l12-lam1.0-2.0.toml,1.0,8,data/runs/pool-accuracy-pairwise-l12-s1-10-2026-07-29/pairwise-ext-mf_n_qubits8_lam1.0_s3,"""all""","""pauli_pair""","[""ZZ"", ""XX"", ""YY"", ""YZ"", ""XY""]",pairwise-ext-mf_n_qubits8_lam1.0_s3,"""mean_field""",3
103,configs/pool-accuracy-pairwise-l12-lam1.0-2.0.toml,1.0,8,data/runs/pool-accuracy-pairwise-l12-s1-10-2026-07-29/pairwise-ext-mf_n_qubits8_lam1.0_s4,"""all""","""pauli_pair""","[""ZZ"", ""XX"", ""YY"", ""YZ"", ""XY""]",pairwise-ext-mf_n_qubits8_lam1.0_s4,"""mean_field""",4
104,configs/pool-accuracy-pairwise-l12-lam1.0-2.0.toml,1.0,8,data/runs/pool-accuracy-pairwise-l12-s1-10-2026-07-29/pairwise-ext-mf_n_qubits8_lam1.0_s5,"""all""","""pauli_pair""","[""ZZ"", ""XX"", ""YY"", ""YZ"", ""XY""]",pairwise-ext-mf_n_qubits8_lam1.0_s5,"""mean_field""",5
105,configs/pool-accuracy-pairwise-l12-lam1.0-2.0.toml,1.0,8,data/runs/pool-accuracy-pairwise-l12-s1-10-2026-07-29/pairwise-ext-mf_n_qubits8_lam1.0_s6,"""all""","""pauli_pair""","[""ZZ"", ""XX"", ""YY"", ""YZ"", ""XY""]",pairwise-ext-mf_n_qubits8_lam1.0_s6,"""mean_field""",6
106,configs/pool-accuracy-pairwise-l12-lam1.0-2.0.toml,1.0,8,data/runs/pool-accuracy-pairwise-l12-s1-10-2026-07-29/pairwise-ext-mf_n_qubits8_lam1.0_s7,"""all""","""pauli_pair""","[""ZZ"", ""XX"", ""YY"", ""YZ"", ""XY""]",pairwise-ext-mf_n_qubits8_lam1.0_s7,"""mean_field""",7
107,configs/pool-accuracy-pairwise-l12-lam1.0-2.0.toml,1.0,8,data/runs/pool-accuracy-pairwise-l12-s1-10-2026-07-29/pairwise-ext-mf_n_qubits8_lam1.0_s8,"""all""","""pauli_pair""","[""ZZ"", ""XX"", ""YY"", ""YZ"", ""XY""]",pairwise-ext-mf_n_qubits8_lam1.0_s8,"""mean_field""",8
108,configs/pool-accuracy-pairwise-l12-lam1.0-2.0.toml,1.0,8,data/runs/pool-accuracy-pairwise-l12-s1-10-2026-07-29/pairwise-ext-mf_n_qubits8_lam1.0_s9,"""all""","""pauli_pair""","[""ZZ"", ""XX"", ""YY"", ""YZ"", ""XY""]",pairwise-ext-mf_n_qubits8_lam1.0_s9,"""mean_field""",9
109,configs/pool-accuracy-pairwise-l12-lam1.0-2.0.toml,1.0,8,data/runs/pool-accuracy-pairwise-l12-s1-10-2026-07-29/pairwise-ext-mf_n_qubits8_lam1.0_s10,"""all""","""pauli_pair""","[""ZZ"", ""XX"", ""YY"", ""YZ"", ""XY""]",pairwise-ext-mf_n_qubits8_lam1.0_s10,"""mean_field""",10
110,configs/pool-accuracy-pairwise-l12-lam1.0-2.0.toml,2.0,8,data/runs/pool-accuracy-pairwise-l12-s1-10-2026-07-29/pairwise-ext-mf_n_qubits8_lam2.0_s1,"""all""","""pauli_pair""","[""ZZ"", ""XX"", ""YY"", ""YZ"", ""XY""]",pairwise-ext-mf_n_qubits8_lam2.0_s1,"""mean_field""",1
111,configs/pool-accuracy-pairwise-l12-lam1.0-2.0.toml,2.0,8,data/runs/pool-accuracy-pairwise-l12-s1-10-2026-07-29/pairwise-ext-mf_n_qubits8_lam2.0_s2,"""all""","""pauli_pair""","[""ZZ"", ""XX"", ""YY"", ""YZ"", ""XY""]",pairwise-ext-mf_n_qubits8_lam2.0_s2,"""mean_field""",2
112,configs/pool-accuracy-pairwise-l12-lam1.0-2.0.toml,2.0,8,data/runs/pool-accuracy-pairwise-l12-s1-10-2026-07-29/pairwise-ext-mf_n_qubits8_lam2.0_s3,"""all""","""pauli_pair""","[""ZZ"", ""XX"", ""YY"", ""YZ"", ""XY""]",pairwise-ext-mf_n_qubits8_lam2.0_s3,"""mean_field""",3
113,configs/pool-accuracy-pairwise-l12-lam1.0-2.0.toml,2.0,8,data/runs/pool-accuracy-pairwise-l12-s1-10-2026-07-29/pairwise-ext-mf_n_qubits8_lam2.0_s4,"""all""","""pauli_pair""","[""ZZ"", ""XX"", ""YY"", ""YZ"", ""XY""]",pairwise-ext-mf_n_qubits8_lam2.0_s4,"""mean_field""",4
114,configs/pool-accuracy-pairwise-l12-lam1.0-2.0.toml,2.0,8,data/runs/pool-accuracy-pairwise-l12-s1-10-2026-07-29/pairwise-ext-mf_n_qubits8_lam2.0_s5,"""all""","""pauli_pair""","[""ZZ"", ""XX"", ""YY"", ""YZ"", ""XY""]",pairwise-ext-mf_n_qubits8_lam2.0_s5,"""mean_field""",5
115,configs/pool-accuracy-pairwise-l12-lam1.0-2.0.toml,2.0,8,data/runs/pool-accuracy-pairwise-l12-s1-10-2026-07-29/pairwise-ext-mf_n_qubits8_lam2.0_s6,"""all""","""pauli_pair""","[""ZZ"", ""XX"", ""YY"", ""YZ"", ""XY""]",pairwise-ext-mf_n_qubits8_lam2.0_s6,"""mean_field""",6
116,configs/pool-accuracy-pairwise-l12-lam1.0-2.0.toml,2.0,8,data/runs/pool-accuracy-pairwise-l12-s1-10-2026-07-29/pairwise-ext-mf_n_qubits8_lam2.0_s7,"""all""","""pauli_pair""","[""ZZ"", ""XX"", ""YY"", ""YZ"", ""XY""]",pairwise-ext-mf_n_qubits8_lam2.0_s7,"""mean_field""",7
117,configs/pool-accuracy-pairwise-l12-lam1.0-2.0.toml,2.0,8,data/runs/pool-accuracy-pairwise-l12-s1-10-2026-07-29/pairwise-ext-mf_n_qubits8_lam2.0_s8,"""all""","""pauli_pair""","[""ZZ"", ""XX"", ""YY"", ""YZ"", ""XY""]",pairwise-ext-mf_n_qubits8_lam2.0_s8,"""mean_field""",8
118,configs/pool-accuracy-pairwise-l12-lam1.0-2.0.toml,2.0,8,data/runs/pool-accuracy-pairwise-l12-s1-10-2026-07-29/pairwise-ext-mf_n_qubits8_lam2.0_s9,"""all""","""pauli_pair""","[""ZZ"", ""XX"", ""YY"", ""YZ"", ""XY""]",pairwise-ext-mf_n_qubits8_lam2.0_s9,"""mean_field""",9
119,configs/pool-accuracy-pairwise-l12-lam1.0-2.0.toml,2.0,8,data/runs/pool-accuracy-pairwise-l12-s1-10-2026-07-29/pairwise-ext-mf_n_qubits8_lam2.0_s10,"""all""","""pauli_pair""","[""ZZ"", ""XX"", ""YY"", ""YZ"", ""XY""]",pairwise-ext-mf_n_qubits8_lam2.0_s10,"""mean_field""",10
120,configs/pool-accuracy-pairwise-l12-lam1.0-2.0.toml,1.0,10,data/runs/pool-accuracy-pairwise-l12-s1-10-2026-07-29/pairwise-ext-mf_n_qubits10_lam1.0_s1,"""all""","""pauli_pair""","[""ZZ"", ""XX"", ""YY"", ""YZ"", ""XY""]",pairwise-ext-mf_n_qubits10_lam1.0_s1,"""mean_field""",1
121,configs/pool-accuracy-pairwise-l12-lam1.0-2.0.toml,1.0,10,data/runs/pool-accuracy-pairwise-l12-s1-10-2026-07-29/pairwise-ext-mf_n_qubits10_lam1.0_s2,"""all""","""pauli_pair""","[""ZZ"", ""XX"", ""YY"", ""YZ"", ""XY""]",pairwise-ext-mf_n_qubits10_lam1.0_s2,"""mean_field""",2
122,configs/pool-accuracy-pairwise-l12-lam1.0-2.0.toml,1.0,10,data/runs/pool-accuracy-pairwise-l12-s1-10-2026-07-29/pairwise-ext-mf_n_qubits10_lam1.0_s3,"""all""","""pauli_pair""","[""ZZ"", ""XX"", ""YY"", ""YZ"", ""XY""]",pairwise-ext-mf_n_qubits10_lam1.0_s3,"""mean_field""",3
123,configs/pool-accuracy-pairwise-l12-lam1.0-2.0.toml,1.0,10,data/runs/pool-accuracy-pairwise-l12-s1-10-2026-07-29/pairwise-ext-mf_n_qubits10_lam1.0_s4,"""all""","""pauli_pair""","[""ZZ"", ""XX"", ""YY"", ""YZ"", ""XY""]",pairwise-ext-mf_n_qubits10_lam1.0_s4,"""mean_field""",4
124,configs/pool-accuracy-pairwise-l12-lam1.0-2.0.toml,1.0,10,data/runs/pool-accuracy-pairwise-l12-s1-10-2026-07-29/pairwise-ext-mf_n_qubits10_lam1.0_s5,"""all""","""pauli_pair""","[""ZZ"", ""XX"", ""YY"", ""YZ"", ""XY""]",pairwise-ext-mf_n_qubits10_lam1.0_s5,"""mean_field""",5
125,configs/pool-accuracy-pairwise-l12-lam1.0-2.0.toml,1.0,10,data/runs/pool-accuracy-pairwise-l12-s1-10-2026-07-29/pairwise-ext-mf_n_qubits10_lam1.0_s6,"""all""","""pauli_pair""","[""ZZ"", ""XX"", ""YY"", ""YZ"", ""XY""]",pairwise-ext-mf_n_qubits10_lam1.0_s6,"""mean_field""",6
126,configs/pool-accuracy-pairwise-l12-lam1.0-2.0.toml,1.0,10,data/runs/pool-accuracy-pairwise-l12-s1-10-2026-07-29/pairwise-ext-mf_n_qubits10_lam1.0_s7,"""all""","""pauli_pair""","[""ZZ"", ""XX"", ""YY"", ""YZ"", ""XY""]",pairwise-ext-mf_n_qubits10_lam1.0_s7,"""mean_field""",7
127,configs/pool-accuracy-pairwise-l12-lam1.0-2.0.toml,1.0,10,data/runs/pool-accuracy-pairwise-l12-s1-10-2026-07-29/pairwise-ext-mf_n_qubits10_lam1.0_s8,"""all""","""pauli_pair""","[""ZZ"", ""XX"", ""YY"", ""YZ"", ""XY""]",pairwise-ext-mf_n_qubits10_lam1.0_s8,"""mean_field""",8
128,configs/pool-accuracy-pairwise-l12-lam1.0-2.0.toml,1.0,10,data/runs/pool-accuracy-pairwise-l12-s1-10-2026-07-29/pairwise-ext-mf_n_qubits10_lam1.0_s9,"""all""","""pauli_pair""","[""ZZ"", ""XX"", ""YY"", ""YZ"", ""XY""]",pairwise-ext-mf_n_qubits10_lam1.0_s9,"""mean_field""",9
129,configs/pool-accuracy-pairwise-l12-lam1.0-2.0.toml,1.0,10,data/runs/pool-accuracy-pairwise-l12-s1-10-2026-07-29/pairwise-ext-mf_n_qubits10_lam1.0_s10,"""all""","""pauli_pair""","[""ZZ"", ""XX"", ""YY"", ""YZ"", ""XY""]",pairwise-ext-mf_n_qubits10_lam1.0_s10,"""mean_field""",10
130,configs/pool-accuracy-pairwise-l12-lam1.0-2.0.toml,2.0,10,data/runs/pool-accuracy-pairwise-l12-s1-10-2026-07-29/pairwise-ext-mf_n_qubits10_lam2.0_s1,"""all""","""pauli_pair""","[""ZZ"", ""XX"", ""YY"", ""YZ"", ""XY""]",pairwise-ext-mf_n_qubits10_lam2.0_s1,"""mean_field""",1
131,configs/pool-accuracy-pairwise-l12-lam1.0-2.0.toml,2.0,10,data/runs/pool-accuracy-pairwise-l12-s1-10-2026-07-29/pairwise-ext-mf_n_qubits10_lam2.0_s2,"""all""","""pauli_pair""","[""ZZ"", ""XX"", ""YY"", ""YZ"", ""XY""]",pairwise-ext-mf_n_qubits10_lam2.0_s2,"""mean_field""",2
132,configs/pool-accuracy-pairwise-l12-lam1.0-2.0.toml,2.0,10,data/runs/pool-accuracy-pairwise-l12-s1-10-2026-07-29/pairwise-ext-mf_n_qubits10_lam2.0_s3,"""all""","""pauli_pair""","[""ZZ"", ""XX"", ""YY"", ""YZ"", ""XY""]",pairwise-ext-mf_n_qubits10_lam2.0_s3,"""mean_field""",3
133,configs/pool-accuracy-pairwise-l12-lam1.0-2.0.toml,2.0,10,data/runs/pool-accuracy-pairwise-l12-s1-10-2026-07-29/pairwise-ext-mf_n_qubits10_lam2.0_s4,"""all""","""pauli_pair""","[""ZZ"", ""XX"", ""YY"", ""YZ"", ""XY""]",pairwise-ext-mf_n_qubits10_lam2.0_s4,"""mean_field""",4
134,configs/pool-accuracy-pairwise-l12-lam1.0-2.0.toml,2.0,10,data/runs/pool-accuracy-pairwise-l12-s1-10-2026-07-29/pairwise-ext-mf_n_qubits10_lam2.0_s5,"""all""","""pauli_pair""","[""ZZ"", ""XX"", ""YY"", ""YZ"", ""XY""]",pairwise-ext-mf_n_qubits10_lam2.0_s5,"""mean_field""",5
135,configs/pool-accuracy-pairwise-l12-lam1.0-2.0.toml,2.0,10,data/runs/pool-accuracy-pairwise-l12-s1-10-2026-07-29/pairwise-ext-mf_n_qubits10_lam2.0_s6,"""all""","""pauli_pair""","[""ZZ"", ""XX"", ""YY"", ""YZ"", ""XY""]",pairwise-ext-mf_n_qubits10_lam2.0_s6,"""mean_field""",6
136,configs/pool-accuracy-pairwise-l12-lam1.0-2.0.toml,2.0,10,data/runs/pool-accuracy-pairwise-l12-s1-10-2026-07-29/pairwise-ext-mf_n_qubits10_lam2.0_s7,"""all""","""pauli_pair""","[""ZZ"", ""XX"", ""YY"", ""YZ"", ""XY""]",pairwise-ext-mf_n_qubits10_lam2.0_s7,"""mean_field""",7
137,configs/pool-accuracy-pairwise-l12-lam1.0-2.0.toml,2.0,10,data/runs/pool-accuracy-pairwise-l12-s1-10-2026-07-29/pairwise-ext-mf_n_qubits10_lam2.0_s8,"""all""","""pauli_pair""","[""ZZ"", ""XX"", ""YY"", ""YZ"", ""XY""]",pairwise-ext-mf_n_qubits10_lam2.0_s8,"""mean_field""",8
138,configs/pool-accuracy-pairwise-l12-lam1.0-2.0.toml,2.0,10,data/runs/pool-accuracy-pairwise-l12-s1-10-2026-07-29/pairwise-ext-mf_n_qubits10_lam2.0_s9,"""all""","""pauli_pair""","[""ZZ"", ""XX"", ""YY"", ""YZ"", ""XY""]",pairwise-ext-mf_n_qubits10_lam2.0_s9,"""mean_field""",9
139,configs/pool-accuracy-pairwise-l12-lam1.0-2.0.toml,2.0,10,data/runs/pool-accuracy-pairwise-l12-s1-10-2026-07-29/pairwise-ext-mf_n_qubits10_lam2.0_s10,"""all""","""pauli_pair""","[""ZZ"", ""XX"", ""YY"", ""YZ"", ""XY""]",pairwise-ext-mf_n_qubits10_lam2.0_s10,"""mean_field""",10
140,configs/pool-accuracy-pairwise-l12-lam1.0-2.0.toml,1.0,12,data/runs/pool-accuracy-pairwise-l12-s1-10-2026-07-29/pairwise-ext-mf_n_qubits12_lam1.0_s1,"""all""","""pauli_pair""","[""ZZ"", ""XX"", ""YY"", ""YZ"", ""XY""]",pairwise-ext-mf_n_qubits12_lam1.0_s1,"""mean_field""",1
141,configs/pool-accuracy-pairwise-l12-lam1.0-2.0.toml,1.0,12,data/runs/pool-accuracy-pairwise-l12-s1-10-2026-07-29/pairwise-ext-mf_n_qubits12_lam1.0_s2,"""all""","""pauli_pair""","[""ZZ"", ""XX"", ""YY"", ""YZ"", ""XY""]",pairwise-ext-mf_n_qubits12_lam1.0_s2,"""mean_field""",2
142,configs/pool-accuracy-pairwise-l12-lam1.0-2.0.toml,1.0,12,data/runs/pool-accuracy-pairwise-l12-s1-10-2026-07-29/pairwise-ext-mf_n_qubits12_lam1.0_s3,"""all""","""pauli_pair""","[""ZZ"", ""XX"", ""YY"", ""YZ"", ""XY""]",pairwise-ext-mf_n_qubits12_lam1.0_s3,"""mean_field""",3
143,configs/pool-accuracy-pairwise-l12-lam1.0-2.0.toml,1.0,12,data/runs/pool-accuracy-pairwise-l12-s1-10-2026-07-29/pairwise-ext-mf_n_qubits12_lam1.0_s4,"""all""","""pauli_pair""","[""ZZ"", ""XX"", ""YY"", ""YZ"", ""XY""]",pairwise-ext-mf_n_qubits12_lam1.0_s4,"""mean_field""",4
144,configs/pool-accuracy-pairwise-l12-lam1.0-2.0.toml,1.0,12,data/runs/pool-accuracy-pairwise-l12-s1-10-2026-07-29/pairwise-ext-mf_n_qubits12_lam1.0_s5,"""all""","""pauli_pair""","[""ZZ"", ""XX"", ""YY"", ""YZ"", ""XY""]",pairwise-ext-mf_n_qubits12_lam1.0_s5,"""mean_field""",5
145,configs/pool-accuracy-pairwise-l12-lam1.0-2.0.toml,1.0,12,data/runs/pool-accuracy-pairwise-l12-s1-10-2026-07-29/pairwise-ext-mf_n_qubits12_lam1.0_s6,"""all""","""pauli_pair""","[""ZZ"", ""XX"", ""YY"", ""YZ"", ""XY""]",pairwise-ext-mf_n_qubits12_lam1.0_s6,"""mean_field""",6
146,configs/pool-accuracy-pairwise-l12-lam1.0-2.0.toml,1.0,12,data/runs/pool-accuracy-pairwise-l12-s1-10-2026-07-29/pairwise-ext-mf_n_qubits12_lam1.0_s7,"""all""","""pauli_pair""","[""ZZ"", ""XX"", ""YY"", ""YZ"", ""XY""]",pairwise-ext-mf_n_qubits12_lam1.0_s7,"""mean_field""",7
147,configs/pool-accuracy-pairwise-l12-lam1.0-2.0.toml,1.0,12,data/runs/pool-accuracy-pairwise-l12-s1-10-2026-07-29/pairwise-ext-mf_n_qubits12_lam1.0_s8,"""all""","""pauli_pair""","[""ZZ"", ""XX"", ""YY"", ""YZ"", ""XY""]",pairwise-ext-mf_n_qubits12_lam1.0_s8,"""mean_field""",8
148,configs/pool-accuracy-pairwise-l12-lam1.0-2.0.toml,1.0,12,data/runs/pool-accuracy-pairwise-l12-s1-10-2026-07-29/pairwise-ext-mf_n_qubits12_lam1.0_s9,"""all""","""pauli_pair""","[""ZZ"", ""XX"", ""YY"", ""YZ"", ""XY""]",pairwise-ext-mf_n_qubits12_lam1.0_s9,"""mean_field""",9
149,configs/pool-accuracy-pairwise-l12-lam1.0-2.0.toml,1.0,12,data/runs/pool-accuracy-pairwise-l12-s1-10-2026-07-29/pairwise-ext-mf_n_qubits12_lam1.0_s10,"""all""","""pauli_pair""","[""ZZ"", ""XX"", ""YY"", ""YZ"", ""XY""]",pairwise-ext-mf_n_qubits12_lam1.0_s10,"""mean_field""",10
150,configs/pool-accuracy-pairwise-l12-lam1.0-2.0.toml,2.0,12,data/runs/pool-accuracy-pairwise-l12-s1-10-2026-07-29/pairwise-ext-mf_n_qubits12_lam2.0_s1,"""all""","""pauli_pair""","[""ZZ"", ""XX"", ""YY"", ""YZ"", ""XY""]",pairwise-ext-mf_n_qubits12_lam2.0_s1,"""mean_field""",1
151,configs/pool-accuracy-pairwise-l12-lam1.0-2.0.toml,2.0,12,data/runs/pool-accuracy-pairwise-l12-s1-10-2026-07-29/pairwise-ext-mf_n_qubits12_lam2.0_s2,"""all""","""pauli_pair""","[""ZZ"", ""XX"", ""YY"", ""YZ"", ""XY""]",pairwise-ext-mf_n_qubits12_lam2.0_s2,"""mean_field""",2
152,configs/pool-accuracy-pairwise-l12-lam1.0-2.0.toml,2.0,12,data/runs/pool-accuracy-pairwise-l12-s1-10-2026-07-29/pairwise-ext-mf_n_qubits12_lam2.0_s3,"""all""","""pauli_pair""","[""ZZ"", ""XX"", ""YY"", ""YZ"", ""XY""]",pairwise-ext-mf_n_qubits12_lam2.0_s3,"""mean_field""",3
153,configs/pool-accuracy-pairwise-l12-lam1.0-2.0.toml,2.0,12,data/runs/pool-accuracy-pairwise-l12-s1-10-2026-07-29/pairwise-ext-mf_n_qubits12_lam2.0_s4,"""all""","""pauli_pair""","[""ZZ"", ""XX"", ""YY"", ""YZ"", ""XY""]",pairwise-ext-mf_n_qubits12_lam2.0_s4,"""mean_field""",4
154,configs/pool-accuracy-pairwise-l12-lam1.0-2.0.toml,2.0,12,data/runs/pool-accuracy-pairwise-l12-s1-10-2026-07-29/pairwise-ext-mf_n_qubits12_lam2.0_s5,"""all""","""pauli_pair""","[""ZZ"", ""XX"", ""YY"", ""YZ"", ""XY""]",pairwise-ext-mf_n_qubits12_lam2.0_s5,"""mean_field""",5
155,configs/pool-accuracy-pairwise-l12-lam1.0-2.0.toml,2.0,12,data/runs/pool-accuracy-pairwise-l12-s1-10-2026-07-29/pairwise-ext-mf_n_qubits12_lam2.0_s6,"""all""","""pauli_pair""","[""ZZ"", ""XX"", ""YY"", ""YZ"", ""XY""]",pairwise-ext-mf_n_qubits12_lam2.0_s6,"""mean_field""",6
156,configs/pool-accuracy-pairwise-l12-lam1.0-2.0.toml,2.0,12,data/runs/pool-accuracy-pairwise-l12-s1-10-2026-07-29/pairwise-ext-mf_n_qubits12_lam2.0_s7,"""all""","""pauli_pair""","[""ZZ"", ""XX"", ""YY"", ""YZ"", ""XY""]",pairwise-ext-mf_n_qubits12_lam2.0_s7,"""mean_field""",7
157,configs/pool-accuracy-pairwise-l12-lam1.0-2.0.toml,2.0,12,data/runs/pool-accuracy-pairwise-l12-s1-10-2026-07-29/pairwise-ext-mf_n_qubits12_lam2.0_s8,"""all""","""pauli_pair""","[""ZZ"", ""XX"", ""YY"", ""YZ"", ""XY""]",pairwise-ext-mf_n_qubits12_lam2.0_s8,"""mean_field""",8
158,configs/pool-accuracy-pairwise-l12-lam1.0-2.0.toml,2.0,12,data/runs/pool-accuracy-pairwise-l12-s1-10-2026-07-29/pairwise-ext-mf_n_qubits12_lam2.0_s9,"""all""","""pauli_pair""","[""ZZ"", ""XX"", ""YY"", ""YZ"", ""XY""]",pairwise-ext-mf_n_qubits12_lam2.0_s9,"""mean_field""",9
159,configs/pool-accuracy-pairwise-l12-lam1.0-2.0.toml,2.0,12,data/runs/pool-accuracy-pairwise-l12-s1-10-2026-07-29/pairwise-ext-mf_n_qubits12_lam2.0_s10,"""all""","""pauli_pair""","[""ZZ"", ""XX"", ""YY"", ""YZ"", ""XY""]",pairwise-ext-mf_n_qubits12_lam2.0_s10,"""mean_field""",10
160,configs/pool-accuracy-pairwise-l12-lam1.0-2.0.toml,1.0,14,data/runs/pool-accuracy-pairwise-l12-s1-10-2026-07-29/pairwise-ext-mf_n_qubits14_lam1.0_s1,"""all""","""pauli_pair""","[""ZZ"", ""XX"", ""YY"", ""YZ"", ""XY""]",pairwise-ext-mf_n_qubits14_lam1.0_s1,"""mean_field""",1
161,configs/pool-accuracy-pairwise-l12-lam1.0-2.0.toml,1.0,14,data/runs/pool-accuracy-pairwise-l12-s1-10-2026-07-29/pairwise-ext-mf_n_qubits14_lam1.0_s2,"""all""","""pauli_pair""","[""ZZ"", ""XX"", ""YY"", ""YZ"", ""XY""]",pairwise-ext-mf_n_qubits14_lam1.0_s2,"""mean_field""",2
162,configs/pool-accuracy-pairwise-l12-lam1.0-2.0.toml,1.0,14,data/runs/pool-accuracy-pairwise-l12-s1-10-2026-07-29/pairwise-ext-mf_n_qubits14_lam1.0_s3,"""all""","""pauli_pair""","[""ZZ"", ""XX"", ""YY"", ""YZ"", ""XY""]",pairwise-ext-mf_n_qubits14_lam1.0_s3,"""mean_field""",3
163,configs/pool-accuracy-pairwise-l12-lam1.0-2.0.toml,1.0,14,data/runs/pool-accuracy-pairwise-l12-s1-10-2026-07-29/pairwise-ext-mf_n_qubits14_lam1.0_s4,"""all""","""pauli_pair""","[""ZZ"", ""XX"", ""YY"", ""YZ"", ""XY""]",pairwise-ext-mf_n_qubits14_lam1.0_s4,"""mean_field""",4
164,configs/pool-accuracy-pairwise-l12-lam1.0-2.0.toml,1.0,14,data/runs/pool-accuracy-pairwise-l12-s1-10-2026-07-29/pairwise-ext-mf_n_qubits14_lam1.0_s5,"""all""","""pauli_pair""","[""ZZ"", ""XX"", ""YY"", ""YZ"", ""XY""]",pairwise-ext-mf_n_qubits14_lam1.0_s5,"""mean_field""",5
165,configs/pool-accuracy-pairwise-l12-lam1.0-2.0.toml,1.0,14,data/runs/pool-accuracy-pairwise-l12-s1-10-2026-07-29/pairwise-ext-mf_n_qubits14_lam1.0_s6,"""all""","""pauli_pair""","[""ZZ"", ""XX"", ""YY"", ""YZ"", ""XY""]",pairwise-ext-mf_n_qubits14_lam1.0_s6,"""mean_field""",6
166,configs/pool-accuracy-pairwise-l12-lam1.0-2.0.toml,1.0,14,data/runs/pool-accuracy-pairwise-l12-s1-10-2026-07-29/pairwise-ext-mf_n_qubits14_lam1.0_s7,"""all""","""pauli_pair""","[""ZZ"", ""XX"", ""YY"", ""YZ"", ""XY""]",pairwise-ext-mf_n_qubits14_lam1.0_s7,"""mean_field""",7
167,configs/pool-accuracy-pairwise-l12-lam1.0-2.0.toml,1.0,14,data/runs/pool-accuracy-pairwise-l12-s1-10-2026-07-29/pairwise-ext-mf_n_qubits14_lam1.0_s8,"""all""","""pauli_pair""","[""ZZ"", ""XX"", ""YY"", ""YZ"", ""XY""]",pairwise-ext-mf_n_qubits14_lam1.0_s8,"""mean_field""",8
168,configs/pool-accuracy-pairwise-l12-lam1.0-2.0.toml,1.0,14,data/runs/pool-accuracy-pairwise-l12-s1-10-2026-07-29/pairwise-ext-mf_n_qubits14_lam1.0_s9,"""all""","""pauli_pair""","[""ZZ"", ""XX"", ""YY"", ""YZ"", ""XY""]",pairwise-ext-mf_n_qubits14_lam1.0_s9,"""mean_field""",9
169,configs/pool-accuracy-pairwise-l12-lam1.0-2.0.toml,1.0,14,data/runs/pool-accuracy-pairwise-l12-s1-10-2026-07-29/pairwise-ext-mf_n_qubits14_lam1.0_s10,"""all""","""pauli_pair""","[""ZZ"", ""XX"", ""YY"", ""YZ"", ""XY""]",pairwise-ext-mf_n_qubits14_lam1.0_s10,"""mean_field""",10
170,configs/pool-accuracy-pairwise-l12-lam1.0-2.0.toml,2.0,14,data/runs/pool-accuracy-pairwise-l12-s1-10-2026-07-29/pairwise-ext-mf_n_qubits14_lam2.0_s1,"""all""","""pauli_pair""","[""ZZ"", ""XX"", ""YY"", ""YZ"", ""XY""]",pairwise-ext-mf_n_qubits14_lam2.0_s1,"""mean_field""",1
171,configs/pool-accuracy-pairwise-l12-lam1.0-2.0.toml,2.0,14,data/runs/pool-accuracy-pairwise-l12-s1-10-2026-07-29/pairwise-ext-mf_n_qubits14_lam2.0_s2,"""all""","""pauli_pair""","[""ZZ"", ""XX"", ""YY"", ""YZ"", ""XY""]",pairwise-ext-mf_n_qubits14_lam2.0_s2,"""mean_field""",2
172,configs/pool-accuracy-pairwise-l12-lam1.0-2.0.toml,2.0,14,data/runs/pool-accuracy-pairwise-l12-s1-10-2026-07-29/pairwise-ext-mf_n_qubits14_lam2.0_s3,"""all""","""pauli_pair""","[""ZZ"", ""XX"", ""YY"", ""YZ"", ""XY""]",pairwise-ext-mf_n_qubits14_lam2.0_s3,"""mean_field""",3
173,configs/pool-accuracy-pairwise-l12-lam1.0-2.0.toml,2.0,14,data/runs/pool-accuracy-pairwise-l12-s1-10-2026-07-29/pairwise-ext-mf_n_qubits14_lam2.0_s4,"""all""","""pauli_pair""","[""ZZ"", ""XX"", ""YY"", ""YZ"", ""XY""]",pairwise-ext-mf_n_qubits14_lam2.0_s4,"""mean_field""",4
174,configs/pool-accuracy-pairwise-l12-lam1.0-2.0.toml,2.0,14,data/runs/pool-accuracy-pairwise-l12-s1-10-2026-07-29/pairwise-ext-mf_n_qubits14_lam2.0_s5,"""all""","""pauli_pair""","[""ZZ"", ""XX"", ""YY"", ""YZ"", ""XY""]",pairwise-ext-mf_n_qubits14_lam2.0_s5,"""mean_field""",5
175,configs/pool-accuracy-pairwise-l12-lam1.0-2.0.toml,2.0,14,data/runs/pool-accuracy-pairwise-l12-s1-10-2026-07-29/pairwise-ext-mf_n_qubits14_lam2.0_s6,"""all""","""pauli_pair""","[""ZZ"", ""XX"", ""YY"", ""YZ"", ""XY""]",pairwise-ext-mf_n_qubits14_lam2.0_s6,"""mean_field""",6
176,configs/pool-accuracy-pairwise-l12-lam1.0-2.0.toml,2.0,14,data/runs/pool-accuracy-pairwise-l12-s1-10-2026-07-29/pairwise-ext-mf_n_qubits14_lam2.0_s7,"""all""","""pauli_pair""","[""ZZ"", ""XX"", ""YY"", ""YZ"", ""XY""]",pairwise-ext-mf_n_qubits14_lam2.0_s7,"""mean_field""",7
177,configs/pool-accuracy-pairwise-l12-lam1.0-2.0.toml,2.0,14,data/runs/pool-accuracy-pairwise-l12-s1-10-2026-07-29/pairwise-ext-mf_n_qubits14_lam2.0_s8,"""all""","""pauli_pair""","[""ZZ"", ""XX"", ""YY"", ""YZ"", ""XY""]",pairwise-ext-mf_n_qubits14_lam2.0_s8,"""mean_field""",8
178,configs/pool-accuracy-pairwise-l12-lam1.0-2.0.toml,2.0,14,data/runs/pool-accuracy-pairwise-l12-s1-10-2026-07-29/pairwise-ext-mf_n_qubits14_lam2.0_s9,"""all""","""pauli_pair""","[""ZZ"", ""XX"", ""YY"", ""YZ"", ""XY""]",pairwise-ext-mf_n_qubits14_lam2.0_s9,"""mean_field""",9
179,configs/pool-accuracy-pairwise-l12-lam1.0-2.0.toml,2.0,14,data/runs/pool-accuracy-pairwise-l12-s1-10-2026-07-29/pairwise-ext-mf_n_qubits14_lam2.0_s10,"""all""","""pauli_pair""","[""ZZ"", ""XX"", ""YY"", ""YZ"", ""XY""]",pairwise-ext-mf_n_qubits14_lam2.0_s10,"""mean_field""",10
180,configs/pool-accuracy-pairwise-l12-lam1.0-2.0.toml,1.0,16,data/runs/pool-accuracy-pairwise-l12-s1-10-2026-07-29/pairwise-ext-mf_n_qubits16_lam1.0_s1,"""all""","""pauli_pair""","[""ZZ"", ""XX"", ""YY"", ""YZ"", ""XY""]",pairwise-ext-mf_n_qubits16_lam1.0_s1,"""mean_field""",1
181,configs/pool-accuracy-pairwise-l12-lam1.0-2.0.toml,1.0,16,data/runs/pool-accuracy-pairwise-l12-s1-10-2026-07-29/pairwise-ext-mf_n_qubits16_lam1.0_s2,"""all""","""pauli_pair""","[""ZZ"", ""XX"", ""YY"", ""YZ"", ""XY""]",pairwise-ext-mf_n_qubits16_lam1.0_s2,"""mean_field""",2
182,configs/pool-accuracy-pairwise-l12-lam1.0-2.0.toml,1.0,16,data/runs/pool-accuracy-pairwise-l12-s1-10-2026-07-29/pairwise-ext-mf_n_qubits16_lam1.0_s3,"""all""","""pauli_pair""","[""ZZ"", ""XX"", ""YY"", ""YZ"", ""XY""]",pairwise-ext-mf_n_qubits16_lam1.0_s3,"""mean_field""",3
183,configs/pool-accuracy-pairwise-l12-lam1.0-2.0.toml,1.0,16,data/runs/pool-accuracy-pairwise-l12-s1-10-2026-07-29/pairwise-ext-mf_n_qubits16_lam1.0_s4,"""all""","""pauli_pair""","[""ZZ"", ""XX"", ""YY"", ""YZ"", ""XY""]",pairwise-ext-mf_n_qubits16_lam1.0_s4,"""mean_field""",4
184,configs/pool-accuracy-pairwise-l12-lam1.0-2.0.toml,1.0,16,data/runs/pool-accuracy-pairwise-l12-s1-10-2026-07-29/pairwise-ext-mf_n_qubits16_lam1.0_s5,"""all""","""pauli_pair""","[""ZZ"", ""XX"", ""YY"", ""YZ"", ""XY""]",pairwise-ext-mf_n_qubits16_lam1.0_s5,"""mean_field""",5
185,configs/pool-accuracy-pairwise-l12-lam1.0-2.0.toml,1.0,16,data/runs/pool-accuracy-pairwise-l12-s1-10-2026-07-29/pairwise-ext-mf_n_qubits16_lam1.0_s6,"""all""","""pauli_pair""","[""ZZ"", ""XX"", ""YY"", ""YZ"", ""XY""]",pairwise-ext-mf_n_qubits16_lam1.0_s6,"""mean_field""",6
186,configs/pool-accuracy-pairwise-l12-lam1.0-2.0.toml,1.0,16,data/runs/pool-accuracy-pairwise-l12-s1-10-2026-07-29/pairwise-ext-mf_n_qubits16_lam1.0_s7,"""all""","""pauli_pair""","[""ZZ"", ""XX"", ""YY"", ""YZ"", ""XY""]",pairwise-ext-mf_n_qubits16_lam1.0_s7,"""mean_field""",7
187,configs/pool-accuracy-pairwise-l12-lam1.0-2.0.toml,1.0,16,data/runs/pool-accuracy-pairwise-l12-s1-10-2026-07-29/pairwise-ext-mf_n_qubits16_lam1.0_s8,"""all""","""pauli_pair""","[""ZZ"", ""XX"", ""YY"", ""YZ"", ""XY""]",pairwise-ext-mf_n_qubits16_lam1.0_s8,"""mean_field""",8
188,configs/pool-accuracy-pairwise-l12-lam1.0-2.0.toml,1.0,16,data/runs/pool-accuracy-pairwise-l12-s1-10-2026-07-29/pairwise-ext-mf_n_qubits16_lam1.0_s9,"""all""","""pauli_pair""","[""ZZ"", ""XX"", ""YY"", ""YZ"", ""XY""]",pairwise-ext-mf_n_qubits16_lam1.0_s9,"""mean_field""",9
189,configs/pool-accuracy-pairwise-l12-lam1.0-2.0.toml,1.0,16,data/runs/pool-accuracy-pairwise-l12-s1-10-2026-07-29/pairwise-ext-mf_n_qubits16_lam1.0_s10,"""all""","""pauli_pair""","[""ZZ"", ""XX"", ""YY"", ""YZ"", ""XY""]",pairwise-ext-mf_n_qubits16_lam1.0_s10,"""mean_field""",10
190,configs/pool-accuracy-pairwise-l12-lam1.0-2.0.toml,2.0,16,data/runs/pool-accuracy-pairwise-l12-s1-10-2026-07-29/pairwise-ext-mf_n_qubits16_lam2.0_s1,"""all""","""pauli_pair""","[""ZZ"", ""XX"", ""YY"", ""YZ"", ""XY""]",pairwise-ext-mf_n_qubits16_lam2.0_s1,"""mean_field""",1
191,configs/pool-accuracy-pairwise-l12-lam1.0-2.0.toml,2.0,16,data/runs/pool-accuracy-pairwise-l12-s1-10-2026-07-29/pairwise-ext-mf_n_qubits16_lam2.0_s2,"""all""","""pauli_pair""","[""ZZ"", ""XX"", ""YY"", ""YZ"", ""XY""]",pairwise-ext-mf_n_qubits16_lam2.0_s2,"""mean_field""",2
192,configs/pool-accuracy-pairwise-l12-lam1.0-2.0.toml,2.0,16,data/runs/pool-accuracy-pairwise-l12-s1-10-2026-07-29/pairwise-ext-mf_n_qubits16_lam2.0_s3,"""all""","""pauli_pair""","[""ZZ"", ""XX"", ""YY"", ""YZ"", ""XY""]",pairwise-ext-mf_n_qubits16_lam2.0_s3,"""mean_field""",3
193,configs/pool-accuracy-pairwise-l12-lam1.0-2.0.toml,2.0,16,data/runs/pool-accuracy-pairwise-l12-s1-10-2026-07-29/pairwise-ext-mf_n_qubits16_lam2.0_s4,"""all""","""pauli_pair""","[""ZZ"", ""XX"", ""YY"", ""YZ"", ""XY""]",pairwise-ext-mf_n_qubits16_lam2.0_s4,"""mean_field""",4
194,configs/pool-accuracy-pairwise-l12-lam1.0-2.0.toml,2.0,16,data/runs/pool-accuracy-pairwise-l12-s1-10-2026-07-29/pairwise-ext-mf_n_qubits16_lam2.0_s5,"""all""","""pauli_pair""","[""ZZ"", ""XX"", ""YY"", ""YZ"", ""XY""]",pairwise-ext-mf_n_qubits16_lam2.0_s5,"""mean_field""",5
195,configs/pool-accuracy-pairwise-l12-lam1.0-2.0.toml,2.0,16,data/runs/pool-accuracy-pairwise-l12-s1-10-2026-07-29/pairwise-ext-mf_n_qubits16_lam2.0_s6,"""all""","""pauli_pair""","[""ZZ"", ""XX"", ""YY"", ""YZ"", ""XY""]",pairwise-ext-mf_n_qubits16_lam2.0_s6,"""mean_field""",6
196,configs/pool-accuracy-pairwise-l12-lam1.0-2.0.toml,2.0,16,data/runs/pool-accuracy-pairwise-l12-s1-10-2026-07-29/pairwise-ext-mf_n_qubits16_lam2.0_s7,"""all""","""pauli_pair""","[""ZZ"", ""XX"", ""YY"", ""YZ"", ""XY""]",pairwise-ext-mf_n_qubits16_lam2.0_s7,"""mean_field""",7
197,configs/pool-accuracy-pairwise-l12-lam1.0-2.0.toml,2.0,16,data/runs/pool-accuracy-pairwise-l12-s1-10-2026-07-29/pairwise-ext-mf_n_qubits16_lam2.0_s8,"""all""","""pauli_pair""","[""ZZ"", ""XX"", ""YY"", ""YZ"", ""XY""]",pairwise-ext-mf_n_qubits16_lam2.0_s8,"""mean_field""",8
198,configs/pool-accuracy-pairwise-l12-lam1.0-2.0.toml,2.0,16,data/runs/pool-accuracy-pairwise-l12-s1-10-2026-07-29/pairwise-ext-mf_n_qubits16_lam2.0_s9,"""all""","""pauli_pair""","[""ZZ"", ""XX"", ""YY"", ""YZ"", ""XY""]",pairwise-ext-mf_n_qubits16_lam2.0_s9,"""mean_field""",9
199,configs/pool-accuracy-pairwise-l12-lam1.0-2.0.toml,2.0,16,data/runs/pool-accuracy-pairwise-l12-s1-10-2026-07-29/pairwise-ext-mf_n_qubits16_lam2.0_s10,"""all""","""pauli_pair""","[""ZZ"", ""XX"", ""YY"", ""YZ"", ""XY""]",pairwise-ext-mf_n_qubits16_lam2.0_s10,"""mean_field""",10
200,configs/pool-accuracy-pairwise-l12-lam1.5.toml,1.5,8,data/runs/pool-accuracy-pairwise-l12-s1-10-2026-07-29/pairwise-all_n_qubits8_lam1.5_s1,"""all""","""pauli_pair""",,pairwise-all_n_qubits8_lam1.5_s1,,1
201,configs/pool-accuracy-pairwise-l12-lam1.5.toml,1.5,8,data/runs/pool-accuracy-pairwise-l12-s1-10-2026-07-29/pairwise-all_n_qubits8_lam1.5_s2,"""all""","""pauli_pair""",,pairwise-all_n_qubits8_lam1.5_s2,,2
202,configs/pool-accuracy-pairwise-l12-lam1.5.toml,1.5,8,data/runs/pool-accuracy-pairwise-l12-s1-10-2026-07-29/pairwise-all_n_qubits8_lam1.5_s3,"""all""","""pauli_pair""",,pairwise-all_n_qubits8_lam1.5_s3,,3
203,configs/pool-accuracy-pairwise-l12-lam1.5.toml,1.5,8,data/runs/pool-accuracy-pairwise-l12-s1-10-2026-07-29/pairwise-all_n_qubits8_lam1.5_s4,"""all""","""pauli_pair""",,pairwise-all_n_qubits8_lam1.5_s4,,4
204,configs/pool-accuracy-pairwise-l12-lam1.5.toml,1.5,8,data/runs/pool-accuracy-pairwise-l12-s1-10-2026-07-29/pairwise-all_n_qubits8_lam1.5_s5,"""all""","""pauli_pair""",,pairwise-all_n_qubits8_lam1.5_s5,,5
205,configs/pool-accuracy-pairwise-l12-lam1.5.toml,1.5,8,data/runs/pool-accuracy-pairwise-l12-s1-10-2026-07-29/pairwise-all_n_qubits8_lam1.5_s6,"""all""","""pauli_pair""",,pairwise-all_n_qubits8_lam1.5_s6,,6
206,configs/pool-accuracy-pairwise-l12-lam1.5.toml,1.5,8,data/runs/pool-accuracy-pairwise-l12-s1-10-2026-07-29/pairwise-all_n_qubits8_lam1.5_s7,"""all""","""pauli_pair""",,pairwise-all_n_qubits8_lam1.5_s7,,7
207,configs/pool-accuracy-pairwise-l12-lam1.5.toml,1.5,8,data/runs/pool-accuracy-pairwise-l12-s1-10-2026-07-29/pairwise-all_n_qubits8_lam1.5_s8,"""all""","""pauli_pair""",,pairwise-all_n_qubits8_lam1.5_s8,,8
208,configs/pool-accuracy-pairwise-l12-lam1.5.toml,1.5,8,data/runs/pool-accuracy-pairwise-l12-s1-10-2026-07-29/pairwise-all_n_qubits8_lam1.5_s9,"""all""","""pauli_pair""",,pairwise-all_n_qubits8_lam1.5_s9,,9
209,configs/pool-accuracy-pairwise-l12-lam1.5.toml,1.5,8,data/runs/pool-accuracy-pairwise-l12-s1-10-2026-07-29/pairwise-all_n_qubits8_lam1.5_s10,"""all""","""pauli_pair""",,pairwise-all_n_qubits8_lam1.5_s10,,10
210,configs/pool-accuracy-pairwise-l12-lam1.5.toml,1.5,12,data/runs/pool-accuracy-pairwise-l12-s1-10-2026-07-29/pairwise-all_n_qubits12_lam1.5_s1,"""all""","""pauli_pair""",,pairwise-all_n_qubits12_lam1.5_s1,,1
211,configs/pool-accuracy-pairwise-l12-lam1.5.toml,1.5,12,data/runs/pool-accuracy-pairwise-l12-s1-10-2026-07-29/pairwise-all_n_qubits12_lam1.5_s2,"""all""","""pauli_pair""",,pairwise-all_n_qubits12_lam1.5_s2,,2
212,configs/pool-accuracy-pairwise-l12-lam1.5.toml,1.5,12,data/runs/pool-accuracy-pairwise-l12-s1-10-2026-07-29/pairwise-all_n_qubits12_lam1.5_s3,"""all""","""pauli_pair""",,pairwise-all_n_qubits12_lam1.5_s3,,3
213,configs/pool-accuracy-pairwise-l12-lam1.5.toml,1.5,12,data/runs/pool-accuracy-pairwise-l12-s1-10-2026-07-29/pairwise-all_n_qubits12_lam1.5_s4,"""all""","""pauli_pair""",,pairwise-all_n_qubits12_lam1.5_s4,,4
214,configs/pool-accuracy-pairwise-l12-lam1.5.toml,1.5,12,data/runs/pool-accuracy-pairwise-l12-s1-10-2026-07-29/pairwise-all_n_qubits12_lam1.5_s5,"""all""","""pauli_pair""",,pairwise-all_n_qubits12_lam1.5_s5,,5
215,configs/pool-accuracy-pairwise-l12-lam1.5.toml,1.5,12,data/runs/pool-accuracy-pairwise-l12-s1-10-2026-07-29/pairwise-all_n_qubits12_lam1.5_s6,"""all""","""pauli_pair""",,pairwise-all_n_qubits12_lam1.5_s6,,6
216,configs/pool-accuracy-pairwise-l12-lam1.5.toml,1.5,12,data/runs/pool-accuracy-pairwise-l12-s1-10-2026-07-29/pairwise-all_n_qubits12_lam1.5_s7,"""all""","""pauli_pair""",,pairwise-all_n_qubits12_lam1.5_s7,,7
217,configs/pool-accuracy-pairwise-l12-lam1.5.toml,1.5,12,data/runs/pool-accuracy-pairwise-l12-s1-10-2026-07-29/pairwise-all_n_qubits12_lam1.5_s8,"""all""","""pauli_pair""",,pairwise-all_n_qubits12_lam1.5_s8,,8
218,configs/pool-accuracy-pairwise-l12-lam1.5.toml,1.5,12,data/runs/pool-accuracy-pairwise-l12-s1-10-2026-07-29/pairwise-all_n_qubits12_lam1.5_s9,"""all""","""pauli_pair""",,pairwise-all_n_qubits12_lam1.5_s9,,9
219,configs/pool-accuracy-pairwise-l12-lam1.5.toml,1.5,12,data/runs/pool-accuracy-pairwise-l12-s1-10-2026-07-29/pairwise-all_n_qubits12_lam1.5_s10,"""all""","""pauli_pair""",,pairwise-all_n_qubits12_lam1.5_s10,,10
220,configs/pool-accuracy-pairwise-l12-lam1.5.toml,1.5,14,data/runs/pool-accuracy-pairwise-l12-s1-10-2026-07-29/pairwise-all_n_qubits14_lam1.5_s1,"""all""","""pauli_pair""",,pairwise-all_n_qubits14_lam1.5_s1,,1
221,configs/pool-accuracy-pairwise-l12-lam1.5.toml,1.5,14,data/runs/pool-accuracy-pairwise-l12-s1-10-2026-07-29/pairwise-all_n_qubits14_lam1.5_s2,"""all""","""pauli_pair""",,pairwise-all_n_qubits14_lam1.5_s2,,2
222,configs/pool-accuracy-pairwise-l12-lam1.5.toml,1.5,14,data/runs/pool-accuracy-pairwise-l12-s1-10-2026-07-29/pairwise-all_n_qubits14_lam1.5_s3,"""all""","""pauli_pair""",,pairwise-all_n_qubits14_lam1.5_s3,,3
223,configs/pool-accuracy-pairwise-l12-lam1.5.toml,1.5,14,data/runs/pool-accuracy-pairwise-l12-s1-10-2026-07-29/pairwise-all_n_qubits14_lam1.5_s4,"""all""","""pauli_pair""",,pairwise-all_n_qubits14_lam1.5_s4,,4
224,configs/pool-accuracy-pairwise-l12-lam1.5.toml,1.5,14,data/runs/pool-accuracy-pairwise-l12-s1-10-2026-07-29/pairwise-all_n_qubits14_lam1.5_s5,"""all""","""pauli_pair""",,pairwise-all_n_qubits14_lam1.5_s5,,5
225,configs/pool-accuracy-pairwise-l12-lam1.5.toml,1.5,14,data/runs/pool-accuracy-pairwise-l12-s1-10-2026-07-29/pairwise-all_n_qubits14_lam1.5_s6,"""all""","""pauli_pair""",,pairwise-all_n_qubits14_lam1.5_s6,,6
226,configs/pool-accuracy-pairwise-l12-lam1.5.toml,1.5,14,data/runs/pool-accuracy-pairwise-l12-s1-10-2026-07-29/pairwise-all_n_qubits14_lam1.5_s7,"""all""","""pauli_pair""",,pairwise-all_n_qubits14_lam1.5_s7,,7
227,configs/pool-accuracy-pairwise-l12-lam1.5.toml,1.5,14,data/runs/pool-accuracy-pairwise-l12-s1-10-2026-07-29/pairwise-all_n_qubits14_lam1.5_s8,"""all""","""pauli_pair""",,pairwise-all_n_qubits14_lam1.5_s8,,8
228,configs/pool-accuracy-pairwise-l12-lam1.5.toml,1.5,14,data/runs/pool-accuracy-pairwise-l12-s1-10-2026-07-29/pairwise-all_n_qubits14_lam1.5_s9,"""all""","""pauli_pair""",,pairwise-all_n_qubits14_lam1.5_s9,,9
229,configs/pool-accuracy-pairwise-l12-lam1.5.toml,1.5,14,data/runs/pool-accuracy-pairwise-l12-s1-10-2026-07-29/pairwise-all_n_qubits14_lam1.5_s10,"""all""","""pauli_pair""",,pairwise-all_n_qubits14_lam1.5_s10,,10
230,configs/pool-accuracy-pairwise-l12-lam1.5.toml,1.5,16,data/runs/pool-accuracy-pairwise-l12-s1-10-2026-07-29/pairwise-all_n_qubits16_lam1.5_s1,"""all""","""pauli_pair""",,pairwise-all_n_qubits16_lam1.5_s1,,1
231,configs/pool-accuracy-pairwise-l12-lam1.5.toml,1.5,16,data/runs/pool-accuracy-pairwise-l12-s1-10-2026-07-29/pairwise-all_n_qubits16_lam1.5_s2,"""all""","""pauli_pair""",,pairwise-all_n_qubits16_lam1.5_s2,,2
232,configs/pool-accuracy-pairwise-l12-lam1.5.toml,1.5,16,data/runs/pool-accuracy-pairwise-l12-s1-10-2026-07-29/pairwise-all_n_qubits16_lam1.5_s3,"""all""","""pauli_pair""",,pairwise-all_n_qubits16_lam1.5_s3,,3
233,configs/pool-accuracy-pairwise-l12-lam1.5.toml,1.5,16,data/runs/pool-accuracy-pairwise-l12-s1-10-2026-07-29/pairwise-all_n_qubits16_lam1.5_s4,"""all""","""pauli_pair""",,pairwise-all_n_qubits16_lam1.5_s4,,4
234,configs/pool-accuracy-pairwise-l12-lam1.5.toml,1.5,16,data/runs/pool-accuracy-pairwise-l12-s1-10-2026-07-29/pairwise-all_n_qubits16_lam1.5_s5,"""all""","""pauli_pair""",,pairwise-all_n_qubits16_lam1.5_s5,,5
235,configs/pool-accuracy-pairwise-l12-lam1.5.toml,1.5,16,data/runs/pool-accuracy-pairwise-l12-s1-10-2026-07-29/pairwise-all_n_qubits16_lam1.5_s6,"""all""","""pauli_pair""",,pairwise-all_n_qubits16_lam1.5_s6,,6
236,configs/pool-accuracy-pairwise-l12-lam1.5.toml,1.5,16,data/runs/pool-accuracy-pairwise-l12-s1-10-2026-07-29/pairwise-all_n_qubits16_lam1.5_s7,"""all""","""pauli_pair""",,pairwise-all_n_qubits16_lam1.5_s7,,7
237,configs/pool-accuracy-pairwise-l12-lam1.5.toml,1.5,16,data/runs/pool-accuracy-pairwise-l12-s1-10-2026-07-29/pairwise-all_n_qubits16_lam1.5_s8,"""all""","""pauli_pair""",,pairwise-all_n_qubits16_lam1.5_s8,,8
238,configs/pool-accuracy-pairwise-l12-lam1.5.toml,1.5,16,data/runs/pool-accuracy-pairwise-l12-s1-10-2026-07-29/pairwise-all_n_qubits16_lam1.5_s9,"""all""","""pauli_pair""",,pairwise-all_n_qubits16_lam1.5_s9,,9
239,configs/pool-accuracy-pairwise-l12-lam1.5.toml,1.5,16,data/runs/pool-accuracy-pairwise-l12-s1-10-2026-07-29/pairwise-all_n_qubits16_lam1.5_s10,"""all""","""pauli_pair""",,pairwise-all_n_qubits16_lam1.5_s10,,10
240,configs/pool-accuracy-pairwise-l12-lam1.5.toml,1.5,8,data/runs/pool-accuracy-pairwise-l12-s1-10-2026-07-29/pairwise-ext-mf_n_qubits8_lam1.5_s1,"""all""","""pauli_pair""","[""ZZ"", ""XX"", ""YY"", ""YZ"", ""XY""]",pairwise-ext-mf_n_qubits8_lam1.5_s1,"""mean_field""",1
241,configs/pool-accuracy-pairwise-l12-lam1.5.toml,1.5,8,data/runs/pool-accuracy-pairwise-l12-s1-10-2026-07-29/pairwise-ext-mf_n_qubits8_lam1.5_s2,"""all""","""pauli_pair""","[""ZZ"", ""XX"", ""YY"", ""YZ"", ""XY""]",pairwise-ext-mf_n_qubits8_lam1.5_s2,"""mean_field""",2
242,configs/pool-accuracy-pairwise-l12-lam1.5.toml,1.5,8,data/runs/pool-accuracy-pairwise-l12-s1-10-2026-07-29/pairwise-ext-mf_n_qubits8_lam1.5_s3,"""all""","""pauli_pair""","[""ZZ"", ""XX"", ""YY"", ""YZ"", ""XY""]",pairwise-ext-mf_n_qubits8_lam1.5_s3,"""mean_field""",3
243,configs/pool-accuracy-pairwise-l12-lam1.5.toml,1.5,8,data/runs/pool-accuracy-pairwise-l12-s1-10-2026-07-29/pairwise-ext-mf_n_qubits8_lam1.5_s4,"""all""","""pauli_pair""","[""ZZ"", ""XX"", ""YY"", ""YZ"", ""XY""]",pairwise-ext-mf_n_qubits8_lam1.5_s4,"""mean_field""",4
244,configs/pool-accuracy-pairwise-l12-lam1.5.toml,1.5,8,data/runs/pool-accuracy-pairwise-l12-s1-10-2026-07-29/pairwise-ext-mf_n_qubits8_lam1.5_s5,"""all""","""pauli_pair""","[""ZZ"", ""XX"", ""YY"", ""YZ"", ""XY""]",pairwise-ext-mf_n_qubits8_lam1.5_s5,"""mean_field""",5
245,configs/pool-accuracy-pairwise-l12-lam1.5.toml,1.5,8,data/runs/pool-accuracy-pairwise-l12-s1-10-2026-07-29/pairwise-ext-mf_n_qubits8_lam1.5_s6,"""all""","""pauli_pair""","[""ZZ"", ""XX"", ""YY"", ""YZ"", ""XY""]",pairwise-ext-mf_n_qubits8_lam1.5_s6,"""mean_field""",6
246,configs/pool-accuracy-pairwise-l12-lam1.5.toml,1.5,8,data/runs/pool-accuracy-pairwise-l12-s1-10-2026-07-29/pairwise-ext-mf_n_qubits8_lam1.5_s7,"""all""","""pauli_pair""","[""ZZ"", ""XX"", ""YY"", ""YZ"", ""XY""]",pairwise-ext-mf_n_qubits8_lam1.5_s7,"""mean_field""",7
247,configs/pool-accuracy-pairwise-l12-lam1.5.toml,1.5,8,data/runs/pool-accuracy-pairwise-l12-s1-10-2026-07-29/pairwise-ext-mf_n_qubits8_lam1.5_s8,"""all""","""pauli_pair""","[""ZZ"", ""XX"", ""YY"", ""YZ"", ""XY""]",pairwise-ext-mf_n_qubits8_lam1.5_s8,"""mean_field""",8
248,configs/pool-accuracy-pairwise-l12-lam1.5.toml,1.5,8,data/runs/pool-accuracy-pairwise-l12-s1-10-2026-07-29/pairwise-ext-mf_n_qubits8_lam1.5_s9,"""all""","""pauli_pair""","[""ZZ"", ""XX"", ""YY"", ""YZ"", ""XY""]",pairwise-ext-mf_n_qubits8_lam1.5_s9,"""mean_field""",9
249,configs/pool-accuracy-pairwise-l12-lam1.5.toml,1.5,8,data/runs/pool-accuracy-pairwise-l12-s1-10-2026-07-29/pairwise-ext-mf_n_qubits8_lam1.5_s10,"""all""","""pauli_pair""","[""ZZ"", ""XX"", ""YY"", ""YZ"", ""XY""]",pairwise-ext-mf_n_qubits8_lam1.5_s10,"""mean_field""",10
250,configs/pool-accuracy-pairwise-l12-lam1.5.toml,1.5,12,data/runs/pool-accuracy-pairwise-l12-s1-10-2026-07-29/pairwise-ext-mf_n_qubits12_lam1.5_s1,"""all""","""pauli_pair""","[""ZZ"", ""XX"", ""YY"", ""YZ"", ""XY""]",pairwise-ext-mf_n_qubits12_lam1.5_s1,"""mean_field""",1
251,configs/pool-accuracy-pairwise-l12-lam1.5.toml,1.5,12,data/runs/pool-accuracy-pairwise-l12-s1-10-2026-07-29/pairwise-ext-mf_n_qubits12_lam1.5_s2,"""all""","""pauli_pair""","[""ZZ"", ""XX"", ""YY"", ""YZ"", ""XY""]",pairwise-ext-mf_n_qubits12_lam1.5_s2,"""mean_field""",2
252,configs/pool-accuracy-pairwise-l12-lam1.5.toml,1.5,12,data/runs/pool-accuracy-pairwise-l12-s1-10-2026-07-29/pairwise-ext-mf_n_qubits12_lam1.5_s3,"""all""","""pauli_pair""","[""ZZ"", ""XX"", ""YY"", ""YZ"", ""XY""]",pairwise-ext-mf_n_qubits12_lam1.5_s3,"""mean_field""",3
253,configs/pool-accuracy-pairwise-l12-lam1.5.toml,1.5,12,data/runs/pool-accuracy-pairwise-l12-s1-10-2026-07-29/pairwise-ext-mf_n_qubits12_lam1.5_s4,"""all""","""pauli_pair""","[""ZZ"", ""XX"", ""YY"", ""YZ"", ""XY""]",pairwise-ext-mf_n_qubits12_lam1.5_s4,"""mean_field""",4
254,configs/pool-accuracy-pairwise-l12-lam1.5.toml,1.5,12,data/runs/pool-accuracy-pairwise-l12-s1-10-2026-07-29/pairwise-ext-mf_n_qubits12_lam1.5_s5,"""all""","""pauli_pair""","[""ZZ"", ""XX"", ""YY"", ""YZ"", ""XY""]",pairwise-ext-mf_n_qubits12_lam1.5_s5,"""mean_field""",5
255,configs/pool-accuracy-pairwise-l12-lam1.5.toml,1.5,12,data/runs/pool-accuracy-pairwise-l12-s1-10-2026-07-29/pairwise-ext-mf_n_qubits12_lam1.5_s6,"""all""","""pauli_pair""","[""ZZ"", ""XX"", ""YY"", ""YZ"", ""XY""]",pairwise-ext-mf_n_qubits12_lam1.5_s6,"""mean_field""",6
256,configs/pool-accuracy-pairwise-l12-lam1.5.toml,1.5,12,data/runs/pool-accuracy-pairwise-l12-s1-10-2026-07-29/pairwise-ext-mf_n_qubits12_lam1.5_s7,"""all""","""pauli_pair""","[""ZZ"", ""XX"", ""YY"", ""YZ"", ""XY""]",pairwise-ext-mf_n_qubits12_lam1.5_s7,"""mean_field""",7
257,configs/pool-accuracy-pairwise-l12-lam1.5.toml,1.5,12,data/runs/pool-accuracy-pairwise-l12-s1-10-2026-07-29/pairwise-ext-mf_n_qubits12_lam1.5_s8,"""all""","""pauli_pair""","[""ZZ"", ""XX"", ""YY"", ""YZ"", ""XY""]",pairwise-ext-mf_n_qubits12_lam1.5_s8,"""mean_field""",8
258,configs/pool-accuracy-pairwise-l12-lam1.5.toml,1.5,12,data/runs/pool-accuracy-pairwise-l12-s1-10-2026-07-29/pairwise-ext-mf_n_qubits12_lam1.5_s9,"""all""","""pauli_pair""","[""ZZ"", ""XX"", ""YY"", ""YZ"", ""XY""]",pairwise-ext-mf_n_qubits12_lam1.5_s9,"""mean_field""",9
259,configs/pool-accuracy-pairwise-l12-lam1.5.toml,1.5,12,data/runs/pool-accuracy-pairwise-l12-s1-10-2026-07-29/pairwise-ext-mf_n_qubits12_lam1.5_s10,"""all""","""pauli_pair""","[""ZZ"", ""XX"", ""YY"", ""YZ"", ""XY""]",pairwise-ext-mf_n_qubits12_lam1.5_s10,"""mean_field""",10
260,configs/pool-accuracy-pairwise-l12-lam1.5.toml,1.5,14,data/runs/pool-accuracy-pairwise-l12-s1-10-2026-07-29/pairwise-ext-mf_n_qubits14_lam1.5_s1,"""all""","""pauli_pair""","[""ZZ"", ""XX"", ""YY"", ""YZ"", ""XY""]",pairwise-ext-mf_n_qubits14_lam1.5_s1,"""mean_field""",1
261,configs/pool-accuracy-pairwise-l12-lam1.5.toml,1.5,14,data/runs/pool-accuracy-pairwise-l12-s1-10-2026-07-29/pairwise-ext-mf_n_qubits14_lam1.5_s2,"""all""","""pauli_pair""","[""ZZ"", ""XX"", ""YY"", ""YZ"", ""XY""]",pairwise-ext-mf_n_qubits14_lam1.5_s2,"""mean_field""",2
262,configs/pool-accuracy-pairwise-l12-lam1.5.toml,1.5,14,data/runs/pool-accuracy-pairwise-l12-s1-10-2026-07-29/pairwise-ext-mf_n_qubits14_lam1.5_s3,"""all""","""pauli_pair""","[""ZZ"", ""XX"", ""YY"", ""YZ"", ""XY""]",pairwise-ext-mf_n_qubits14_lam1.5_s3,"""mean_field""",3
263,configs/pool-accuracy-pairwise-l12-lam1.5.toml,1.5,14,data/runs/pool-accuracy-pairwise-l12-s1-10-2026-07-29/pairwise-ext-mf_n_qubits14_lam1.5_s4,"""all""","""pauli_pair""","[""ZZ"", ""XX"", ""YY"", ""YZ"", ""XY""]",pairwise-ext-mf_n_qubits14_lam1.5_s4,"""mean_field""",4
264,configs/pool-accuracy-pairwise-l12-lam1.5.toml,1.5,14,data/runs/pool-accuracy-pairwise-l12-s1-10-2026-07-29/pairwise-ext-mf_n_qubits14_lam1.5_s5,"""all""","""pauli_pair""","[""ZZ"", ""XX"", ""YY"", ""YZ"", ""XY""]",pairwise-ext-mf_n_qubits14_lam1.5_s5,"""mean_field""",5
265,configs/pool-accuracy-pairwise-l12-lam1.5.toml,1.5,14,data/runs/pool-accuracy-pairwise-l12-s1-10-2026-07-29/pairwise-ext-mf_n_qubits14_lam1.5_s6,"""all""","""pauli_pair""","[""ZZ"", ""XX"", ""YY"", ""YZ"", ""XY""]",pairwise-ext-mf_n_qubits14_lam1.5_s6,"""mean_field""",6
266,configs/pool-accuracy-pairwise-l12-lam1.5.toml,1.5,14,data/runs/pool-accuracy-pairwise-l12-s1-10-2026-07-29/pairwise-ext-mf_n_qubits14_lam1.5_s7,"""all""","""pauli_pair""","[""ZZ"", ""XX"", ""YY"", ""YZ"", ""XY""]",pairwise-ext-mf_n_qubits14_lam1.5_s7,"""mean_field""",7
267,configs/pool-accuracy-pairwise-l12-lam1.5.toml,1.5,14,data/runs/pool-accuracy-pairwise-l12-s1-10-2026-07-29/pairwise-ext-mf_n_qubits14_lam1.5_s8,"""all""","""pauli_pair""","[""ZZ"", ""XX"", ""YY"", ""YZ"", ""XY""]",pairwise-ext-mf_n_qubits14_lam1.5_s8,"""mean_field""",8
268,configs/pool-accuracy-pairwise-l12-lam1.5.toml,1.5,14,data/runs/pool-accuracy-pairwise-l12-s1-10-2026-07-29/pairwise-ext-mf_n_qubits14_lam1.5_s9,"""all""","""pauli_pair""","[""ZZ"", ""XX"", ""YY"", ""YZ"", ""XY""]",pairwise-ext-mf_n_qubits14_lam1.5_s9,"""mean_field""",9
269,configs/pool-accuracy-pairwise-l12-lam1.5.toml,1.5,14,data/runs/pool-accuracy-pairwise-l12-s1-10-2026-07-29/pairwise-ext-mf_n_qubits14_lam1.5_s10,"""all""","""pauli_pair""","[""ZZ"", ""XX"", ""YY"", ""YZ"", ""XY""]",pairwise-ext-mf_n_qubits14_lam1.5_s10,"""mean_field""",10
270,configs/pool-accuracy-pairwise-l12-lam1.5.toml,1.5,16,data/runs/pool-accuracy-pairwise-l12-s1-10-2026-07-29/pairwise-ext-mf_n_qubits16_lam1.5_s1,"""all""","""pauli_pair""","[""ZZ"", ""XX"", ""YY"", ""YZ"", ""XY""]",pairwise-ext-mf_n_qubits16_lam1.5_s1,"""mean_field""",1
271,configs/pool-accuracy-pairwise-l12-lam1.5.toml,1.5,16,data/runs/pool-accuracy-pairwise-l12-s1-10-2026-07-29/pairwise-ext-mf_n_qubits16_lam1.5_s2,"""all""","""pauli_pair""","[""ZZ"", ""XX"", ""YY"", ""YZ"", ""XY""]",pairwise-ext-mf_n_qubits16_lam1.5_s2,"""mean_field""",2
272,configs/pool-accuracy-pairwise-l12-lam1.5.toml,1.5,16,data/runs/pool-accuracy-pairwise-l12-s1-10-2026-07-29/pairwise-ext-mf_n_qubits16_lam1.5_s3,"""all""","""pauli_pair""","[""ZZ"", ""XX"", ""YY"", ""YZ"", ""XY""]",pairwise-ext-mf_n_qubits16_lam1.5_s3,"""mean_field""",3
273,configs/pool-accuracy-pairwise-l12-lam1.5.toml,1.5,16,data/runs/pool-accuracy-pairwise-l12-s1-10-2026-07-29/pairwise-ext-mf_n_qubits16_lam1.5_s4,"""all""","""pauli_pair""","[""ZZ"", ""XX"", ""YY"", ""YZ"", ""XY""]",pairwise-ext-mf_n_qubits16_lam1.5_s4,"""mean_field""",4
274,configs/pool-accuracy-pairwise-l12-lam1.5.toml,1.5,16,data/runs/pool-accuracy-pairwise-l12-s1-10-2026-07-29/pairwise-ext-mf_n_qubits16_lam1.5_s5,"""all""","""pauli_pair""","[""ZZ"", ""XX"", ""YY"", ""YZ"", ""XY""]",pairwise-ext-mf_n_qubits16_lam1.5_s5,"""mean_field""",5
275,configs/pool-accuracy-pairwise-l12-lam1.5.toml,1.5,16,data/runs/pool-accuracy-pairwise-l12-s1-10-2026-07-29/pairwise-ext-mf_n_qubits16_lam1.5_s6,"""all""","""pauli_pair""","[""ZZ"", ""XX"", ""YY"", ""YZ"", ""XY""]",pairwise-ext-mf_n_qubits16_lam1.5_s6,"""mean_field""",6
276,configs/pool-accuracy-pairwise-l12-lam1.5.toml,1.5,16,data/runs/pool-accuracy-pairwise-l12-s1-10-2026-07-29/pairwise-ext-mf_n_qubits16_lam1.5_s7,"""all""","""pauli_pair""","[""ZZ"", ""XX"", ""YY"", ""YZ"", ""XY""]",pairwise-ext-mf_n_qubits16_lam1.5_s7,"""mean_field""",7
277,configs/pool-accuracy-pairwise-l12-lam1.5.toml,1.5,16,data/runs/pool-accuracy-pairwise-l12-s1-10-2026-07-29/pairwise-ext-mf_n_qubits16_lam1.5_s8,"""all""","""pauli_pair""","[""ZZ"", ""XX"", ""YY"", ""YZ"", ""XY""]",pairwise-ext-mf_n_qubits16_lam1.5_s8,"""mean_field""",8
278,configs/pool-accuracy-pairwise-l12-lam1.5.toml,1.5,16,data/runs/pool-accuracy-pairwise-l12-s1-10-2026-07-29/pairwise-ext-mf_n_qubits16_lam1.5_s9,"""all""","""pauli_pair""","[""ZZ"", ""XX"", ""YY"", ""YZ"", ""XY""]",pairwise-ext-mf_n_qubits16_lam1.5_s9,"""mean_field""",9
279,configs/pool-accuracy-pairwise-l12-lam1.5.toml,1.5,16,data/runs/pool-accuracy-pairwise-l12-s1-10-2026-07-29/pairwise-ext-mf_n_qubits16_lam1.5_s10,"""all""","""pauli_pair""","[""ZZ"", ""XX"", ""YY"", ""YZ"", ""XY""]",pairwise-ext-mf_n_qubits16_lam1.5_s10,"""mean_field""",10
