pool,n_qubits,lam,seq_len
collective,8,1.5,4
collective,8,1.5,8
collective,8,1.5,12
collective,8,1.5,16
collective,8,1.5,20
collective,8,1.5,24
collective,8,2.0,4
collective,8,2.0,8
collective,8,2.0,12
collective,8,2.0,16
collective,8,2.0,20
collective,8,2.0,24
collective,10,1.5,6
collective,10,1.5,10
collective,10,1.5,14
collective,10,1.5,18
collective,10,1.5,22
collective,10,1.5,26
collective,10,2.0,6
collective,10,2.0,10
collective,10,2.0,14
collective,10,2.0,18
collective,10,2.0,22
collective,10,2.0,26
collective,12,1.5,8
collective,12,1.5,12
collective,12,1.5,16
collective,12,1.5,20
collective,12,1.5,24
collective,12,1.5,28
collective,12,1.5,32
collective,12,2.0,8
collective,12,2.0,12
collective,12,2.0,16
collective,12,2.0,20
collective,12,2.0,24
collective,12,2.0,28
collective,12,2.0,32
collective,14,1.5,10
collective,14,1.5,14
collective,14,1.5,18
collective,14,1.5,22
collective,14,1.5,26
collective,14,1.5,30
collective,14,1.5,34
collective,14,2.0,10
collective,14,2.0,14
collective,14,2.0,18
collective,14,2.0,22
collective,14,2.0,26
collective,14,2.0,30
collective,14,2.0,34
collective,16,1.5,12
collective,16,1.5,16
collective,16,1.5,20
collective,16,1.5,24
collective,16,1.5,28
collective,16,1.5,32
collective,16,1.5,36
collective,16,1.5,40
collective,16,2.0,12
collective,16,2.0,16
collective,16,2.0,20
collective,16,2.0,24
collective,16,2.0,28
collective,16,2.0,32
collective,16,2.0,36
collective,16,2.0,40
collective,18,1.5,14
collective,18,1.5,18
collective,18,1.5,22
collective,18,1.5,26
collective,18,1.5,30
collective,18,1.5,34
collective,18,1.5,38
collective,18,1.5,42
collective,18,2.0,14
collective,18,2.0,18
collective,18,2.0,22
collective,18,2.0,26
collective,18,2.0,30
collective,18,2.0,34
collective,18,2.0,38
collective,18,2.0,42
collective,20,1.5,16
collective,20,1.5,20
collective,20,1.5,24
collective,20,1.5,28
collective,20,1.5,32
collective,20,1.5,36
collective,20,1.5,40
collective,20,1.5,44
collective,20,1.5,48
collective,20,2.0,16
collective,20,2.0,20
collective,20,2.0,24
collective,20,2.0,28
collective,20,2.0,32
collective,20,2.0,36
collective,20,2.0,40
collective,20,2.0,44
collective,20,2.0,48
collective,22,1.5,18
collective,22,1.5,22
collective,22,1.5,26
collective,22,1.5,30
collective,22,1.5,34
collective,22,1.5,38
collective,22,1.5,42
collective,22,1.5,46
collective,22,1.5,50
collective,22,2.0,18
collective,22,2.0,22
collective,22,2.0,26
collective,22,2.0,30
collective,22,2.0,34
collective,22,2.0,38
collective,22,2.0,42
collective,22,2.0,46
collective,22,2.0,50
collective,24,1.5,20
collective,24,1.5,24
collective,24,1.5,28
collective,24,1.5,32
collective,24,1.5,36
collective,24,1.5,40
collective,24,1.5,44
collective,24,1.5,48
collective,24,1.5,52
collective,24,1.5,56
collective,24,2.0,20
collective,24,2.0,24
collective,24,2.0,28
collective,24,2.0,32
collective,24,2.0,36
collective,24,2.0,40
collective,24,2.0,44
collective,24,2.0,48
collective,24,2.0,52
collective,24,2.0,56
pairwise-ext-mf,8,1.5,8
pairwise-ext-mf,8,1.5,12
pairwise-ext-mf,8,1.5,16
pairwise-ext-mf,8,1.5,20
pairwise-ext-mf,8,1.5,26
pairwise-ext-mf,8,1.5,32
pairwise-ext-mf,8,1.5,40
pairwise-ext-mf,8,1.5,48
pairwise-ext-mf,8,1.5,64
pairwise-ext-mf,8,2.0,8
pairwise-ext-mf,8,2.0,12
pairwise-ext-mf,8,2.0,16
pairwise-ext-mf,8,2.0,20
pairwise-ext-mf,8,2.0,26
pairwise-ext-mf,8,2.0,32
pairwise-ext-mf,8,2.0,40
pairwise-ext-mf,8,2.0,48
pairwise-ext-mf,8,2.0,64
pairwise-ext-mf,10,1.5,8
pairwise-ext-mf,10,1.5,12
pairwise-ext-mf,10,1.5,16
pairwise-ext-mf,10,1.5,20
pairwise-ext-mf,10,1.5,26
pairwise-ext-mf,10,1.5,32
pairwise-ext-mf,10,1.5,40
pairwise-ext-mf,10,1.5,48
pairwise-ext-mf,10,1.5,64
pairwise-ext-mf,10,2.0,8
pairwise-ext-mf,10,2.0,12
pairwise-ext-mf,10,2.0,16
pairwise-ext-mf,10,2.0,20
pairwise-ext-mf,10,2.0,26
pairwise-ext-mf,10,2.0,32
pairwise-ext-mf,10,2.0,40
pairwise-ext-mf,10,2.0,48
pairwise-ext-mf,10,2.0,64
pairwise-ext-mf,12,1.5,8
pairwise-ext-mf,12,1.5,12
pairwise-ext-mf,12,1.5,16
pairwise-ext-mf,12,1.5,20
pairwise-ext-mf,12,1.5,26
pairwise-ext-mf,12,1.5,32
pairwise-ext-mf,12,1.5,40
pairwise-ext-mf,12,1.5,48
pairwise-ext-mf,12,1.5,64
pairwise-ext-mf,12,2.0,8
pairwise-ext-mf,12,2.0,12
pairwise-ext-mf,12,2.0,16
pairwise-ext-mf,12,2.0,20
pairwise-ext-mf,12,2.0,26
pairwise-ext-mf,12,2.0,32
pairwise-ext-mf,12,2.0,40
pairwise-ext-mf,12,2.0,48
pairwise-ext-mf,12,2.0,64
pairwise-ext-mf,14,1.5,8
pairwise-ext-mf,14,1.5,12
pairwise-ext-mf,14,1.5,16
pairwise-ext-mf,14,1.5,20
pairwise-ext-mf,14,1.5,26
pairwise-ext-mf,14,1.5,32
pairwise-ext-mf,14,1.5,40
pairwise-ext-mf,14,1.5,48
pairwise-ext-mf,14,1.5,64
pairwise-ext-mf,14,2.0,8
pairwise-ext-mf,14,2.0,12
pairwise-ext-mf,14,2.0,16
pairwise-ext-mf,14,2.0,20
pairwise-ext-mf,14,2.0,26
pairwise-ext-mf,14,2.0,32
pairwise-ext-mf,14,2.0,40
pairwise-ext-mf,14,2.0,48
pairwise-ext-mf,14,2.0,64
pairwise-ext-mf,16,1.5,8
pairwise-ext-mf,16,1.5,12
pairwise-ext-mf,16,1.5,16
pairwise-ext-mf,16,1.5,20
pairwise-ext-mf,16,1.5,26
pairwise-ext-mf,16,1.5,32
pairwise-ext-mf,16,1.5,40
pairwise-ext-mf,16,1.5,48
pairwise-ext-mf,16,1.5,64
pairwise-ext-mf,16,2.0,8
pairwise-ext-mf,16,2.0,12
pairwise-ext-mf,16,2.0,16
pairwise-ext-mf,16,2.0,20
pairwise-ext-mf,16,2.0,26
pairwise-ext-mf,16,2.0,32
pairwise-ext-mf,16,2.0,40
pairwise-ext-mf,16,2.0,48
pairwise-ext-mf,16,2.0,64
pairwise-ext-mf,18,1.5,8
pairwise-ext-mf,18,1.5,12
pairwise-ext-mf,18,1.5,16
pairwise-ext-mf,18,1.5,20
pairwise-ext-mf,18,1.5,26
pairwise-ext-mf,18,1.5,32
pairwise-ext-mf,18,1.5,40
pairwise-ext-mf,18,1.5,48
pairwise-ext-mf,18,1.5,64
pairwise-ext-mf,18,2.0,8
pairwise-ext-mf,18,2.0,12
pairwise-ext-mf,18,2.0,16
pairwise-ext-mf,18,2.0,20
pairwise-ext-mf,18,2.0,26
pairwise-ext-mf,18,2.0,32
pairwise-ext-mf,18,2.0,40
pairwise-ext-mf,18,2.0,48
pairwise-ext-mf,18,2.0,64
pairwise-all,8,1.5,8
pairwise-all,8,1.5,12
pairwise-all,8,1.5,16
pairwise-all,8,1.5,20
pairwise-all,8,1.5,26
pairwise-all,8,1.5,32
pairwise-all,8,1.5,40
pairwise-all,8,1.5,48
pairwise-all,8,1.5,64
pairwise-all,8,2.0,8
pairwise-all,8,2.0,12
pairwise-all,8,2.0,16
pairwise-all,8,2.0,20
pairwise-all,8,2.0,26
pairwise-all,8,2.0,32
pairwise-all,8,2.0,40
pairwise-all,8,2.0,48
pairwise-all,8,2.0,64
pairwise-all,10,1.5,8
pairwise-all,10,1.5,12
pairwise-all,10,1.5,16
pairwise-all,10,1.5,20
pairwise-all,10,1.5,26
pairwise-all,10,1.5,32
pairwise-all,10,1.5,40
pairwise-all,10,1.5,48
pairwise-all,10,1.5,64
pairwise-all,10,2.0,8
pairwise-all,10,2.0,12
pairwise-all,10,2.0,16
pairwise-all,10,2.0,20
pairwise-all,10,2.0,26
pairwise-all,10,2.0,32
pairwise-all,10,2.0,40
pairwise-all,10,2.0,48
pairwise-all,10,2.0,64
pairwise-all,12,1.5,8
pairwise-all,12,1.5,12
pairwise-all,12,1.5,16
pairwise-all,12,1.5,20
pairwise-all,12,1.5,26
pairwise-all,12,1.5,32
pairwise-all,12,1.5,40
pairwise-all,12,1.5,48
pairwise-all,12,1.5,64
pairwise-all,12,2.0,8
pairwise-all,12,2.0,12
pairwise-all,12,2.0,16
pairwise-all,12,2.0,20
pairwise-all,12,2.0,26
pairwise-all,12,2.0,32
pairwise-all,12,2.0,40
pairwise-all,12,2.0,48
pairwise-all,12,2.0,64
pairwise-all,14,1.5,8
pairwise-all,14,1.5,12
pairwise-all,14,1.5,16
pairwise-all,14,1.5,20
pairwise-all,14,1.5,26
pairwise-all,14,1.5,32
pairwise-all,14,1.5,40
pairwise-all,14,1.5,48
pairwise-all,14,1.5,64
pairwise-all,14,2.0,8
pairwise-all,14,2.0,12
pairwise-all,14,2.0,16
pairwise-all,14,2.0,20
pairwise-all,14,2.0,26
pairwise-all,14,2.0,32
pairwise-all,14,2.0,40
pairwise-all,14,2.0,48
pairwise-all,14,2.0,64
pairwise-all,16,1.5,8
pairwise-all,16,1.5,12
pairwise-all,16,1.5,16
pairwise-all,16,1.5,20
pairwise-all,16,1.5,26
pairwise-all,16,1.5,32
pairwise-all,16,1.5,40
pairwise-all,16,1.5,48
pairwise-all,16,1.5,64
pairwise-all,16,2.0,8
pairwise-all,16,2.0,12
pairwise-all,16,2.0,16
pairwise-all,16,2.0,20
pairwise-all,16,2.0,26
pairwise-all,16,2.0,32
pairwise-all,16,2.0,40
pairwise-all,16,2.0,48
pairwise-all,16,2.0,64
pairwise-all,18,1.5,8
pairwise-all,18,1.5,12
pairwise-all,18,1.5,16
pairwise-all,18,1.5,20
pairwise-all,18,1.5,26
pairwise-all,18,1.5,32
pairwise-all,18,1.5,40
pairwise-all,18,1.5,48
pairwise-all,18,1.5,64
pairwise-all,18,2.0,8
pairwise-all,18,2.0,12
pairwise-all,18,2.0,16
pairwise-all,18,2.0,20
pairwise-all,18,2.0,26
pairwise-all,18,2.0,32
pairwise-all,18,2.0,40
pairwise-all,18,2.0,48
pairwise-all,18,2.0,64
