pool,n_qubits,lam,seq_len,restart,rel_error,n_evaluations,seconds,init_angles,device,reached
collective,20,2.0,20,0,0.1429290020018332,2079,0.2452247589826584,random,dicke,False
collective,20,2.0,20,1,0.04685854025119109,1365,0.14777568698627874,random,dicke,False
collective,20,2.0,20,2,0.039399441866564446,6909,0.7218895359837916,random,dicke,False
collective,20,2.0,20,3,0.038764532233356595,4767,0.48009308299515396,random,dicke,False
collective,20,2.0,20,4,0.16638725909293503,3696,0.3828233950189315,random,dicke,False
collective,20,2.0,20,5,0.05575428003981075,3234,0.3296608730161097,random,dicke,False
collective,20,2.0,20,6,0.040333748735398765,4305,0.4276552730007097,random,dicke,False
collective,20,2.0,20,7,0.06427801343422648,5040,0.5015846180031076,random,dicke,False
collective,20,2.0,20,8,0.01651956352560238,3591,0.3570631000038702,random,dicke,False
collective,20,2.0,20,9,2.7798580462527244e-05,15015,1.4868962189939339,random,dicke,False
collective,20,2.0,20,10,0.003624088003859018,8022,0.8086121999949683,random,dicke,False
collective,20,2.0,20,11,0.016629595209615707,9618,0.9692520509997848,random,dicke,False
