# Table VII (upper block) and the pool-reference gain (lower block), all rows medians over seeds 1-10. Generated by scripts/make-2x2-table-csv.py.
block,pool,reference,configuration,lam,reference_rel_error,refined_rel_error,gain,n_seeds
upper,std.\ pair.,zero,,1.5,,0.06326811005490683,,10
upper,std.\ pair.,zero,,2.0,,0.1705635874168788,,10
upper,std.\ pair.,mean field,,1.5,,0.009872976141452891,,10
upper,std.\ pair.,mean field,,2.0,,0.0024492740373901834,,10
upper,ext.\ pair.,zero,,1.5,,0.06339664472461848,,10
upper,ext.\ pair.,zero,,2.0,,0.17036213972522868,,10
upper,ext.\ pair.,mean field,,1.5,,0.009761936553199348,,10
upper,ext.\ pair.,mean field,,2.0,,0.0023787562377819123,,10
lower,std.\ pair.,zero,"std.\ pair., zero",2.0,0.170866929069021,0.1705635874168788,1.001778466651272,10
lower,std.\ pair.,mean field,"std.\ pair., mean field",2.0,0.0024492740361660727,0.0024492740373901834,0.9999999995002149,10
lower,ext.\ pair.,zero,"ext.\ pair., zero",2.0,0.170866929069021,0.17036213972522868,1.0029630371196705,10
lower,ext.\ pair.,mean field,"ext.\ pair., mean field",2.0,0.0024492740361660727,0.0023787562377819123,1.0296448191135024,10
lower,collective,zero,"collective, zero",2.0,0.170866929069021,0.02233435070186543,7.650409512677246,10
lower,collective,zero,"collective, zero",1.5,0.06352517940268665,0.001605157377310295,39.575670461131686,10
lower,collective,mean field,"collective, mean field",2.0,0.002449274036165152,0.001403526825888441,1.7450853029579587,10
lower,collective,mean field,"collective, mean field",1.5,0.009872976139298219,0.006963427210555364,1.4178328918743455,10
