benchmark,n_qubits,backend,pool_kind,n_jobs,n_sequences,seq_len,s_per_seq,wall_clock_s,process_rss_gb,pinned,target,rep
backend,12,cudaq_v1,pauli_pair,1,20,12,0.233682,,1.44,False,,0
backend,12,cudaq_v1,pauli_pair,1,20,12,0.235730,,1.44,False,,1
backend,12,cudaq_v1,pauli_pair,1,20,12,0.236144,,1.44,False,,2
backend,12,cudaq_v1,pauli_pair,1,20,12,0.237626,,1.44,False,,3
backend,12,cudaq_v1,pauli_pair,1,20,12,0.239498,,1.44,False,,4
backend,12,incremental,pauli_pair,1,20,12,0.005700,,1.13,False,,0
backend,12,incremental,pauli_pair,1,20,12,0.005658,,1.13,False,,1
backend,12,incremental,pauli_pair,1,20,12,0.005653,,1.13,False,,2
backend,12,incremental,pauli_pair,1,20,12,0.005665,,1.13,False,,3
backend,12,incremental,pauli_pair,1,20,12,0.005642,,1.13,False,,4
backend,12,incremental_gpu,pauli_pair,1,20,12,0.005820,,1.21,False,,0
backend,12,incremental_gpu,pauli_pair,1,20,12,0.005627,,1.21,False,,1
backend,12,incremental_gpu,pauli_pair,1,20,12,0.005600,,1.21,False,,2
backend,12,incremental_gpu,pauli_pair,1,20,12,0.005639,,1.21,False,,3
backend,12,incremental_gpu,pauli_pair,1,20,12,0.005618,,1.21,False,,4
backend,12,lightning.gpu,pauli_pair,1,20,12,0.029432,,1.25,False,,0
backend,12,lightning.gpu,pauli_pair,1,20,12,0.037172,,1.25,False,,1
backend,12,lightning.gpu,pauli_pair,1,20,12,0.028756,,1.25,False,,2
backend,12,lightning.gpu,pauli_pair,1,20,12,0.037248,,1.25,False,,3
backend,12,lightning.gpu,pauli_pair,1,20,12,0.030835,,1.25,False,,4
backend,12,lightning.gpu (grouped),pauli_pair,1,20,12,0.035358,,1.36,False,,0
backend,12,lightning.gpu (grouped),pauli_pair,1,20,12,0.033055,,1.36,False,,1
backend,12,lightning.gpu (grouped),pauli_pair,1,20,12,0.033059,,1.36,False,,2
backend,12,lightning.gpu (grouped),pauli_pair,1,20,12,0.032474,,1.36,False,,3
backend,12,lightning.gpu (grouped),pauli_pair,1,20,12,0.032363,,1.36,False,,4
backend,12,lightning.qubit,pauli_pair,1,20,12,0.082106,,1.24,False,,0
backend,12,lightning.qubit,pauli_pair,1,20,12,0.088961,,1.24,False,,1
backend,12,lightning.qubit,pauli_pair,1,20,12,0.080927,,1.24,False,,2
backend,12,lightning.qubit,pauli_pair,1,20,12,0.089124,,1.24,False,,3
backend,12,lightning.qubit,pauli_pair,1,20,12,0.081426,,1.24,False,,4
backend,12,lightning.qubit (grouped),pauli_pair,1,20,12,0.013700,,1.07,False,,0
backend,12,lightning.qubit (grouped),pauli_pair,1,20,12,0.013421,,1.07,False,,1
backend,12,lightning.qubit (grouped),pauli_pair,1,20,12,0.013255,,1.07,False,,2
backend,12,lightning.qubit (grouped),pauli_pair,1,20,12,0.013302,,1.07,False,,3
backend,12,lightning.qubit (grouped),pauli_pair,1,20,12,0.013348,,1.07,False,,4
backend,12,parity_even,pauli_pair,1,20,12,0.002960,,1.31,False,,0
backend,12,parity_even,pauli_pair,1,20,12,0.002934,,1.31,False,,1
backend,12,parity_even,pauli_pair,1,20,12,0.002930,,1.31,False,,2
backend,12,parity_even,pauli_pair,1,20,12,0.002935,,1.31,False,,3
backend,12,parity_even,pauli_pair,1,20,12,0.002922,,1.31,False,,4
backend,12,parity_even_gpu,pauli_pair,1,20,12,0.005919,,1.27,False,,0
backend,12,parity_even_gpu,pauli_pair,1,20,12,0.005802,,1.27,False,,1
backend,12,parity_even_gpu,pauli_pair,1,20,12,0.005794,,1.27,False,,2
backend,12,parity_even_gpu,pauli_pair,1,20,12,0.005797,,1.27,False,,3
backend,12,parity_even_gpu,pauli_pair,1,20,12,0.005766,,1.27,False,,4
backend,14,cudaq_v1,pauli_pair,1,20,12,0.227288,,1.50,False,,0
backend,14,cudaq_v1,pauli_pair,1,20,12,0.228176,,1.50,False,,1
backend,14,cudaq_v1,pauli_pair,1,20,12,0.230746,,1.50,False,,2
backend,14,cudaq_v1,pauli_pair,1,20,12,0.232254,,1.50,False,,3
backend,14,cudaq_v1,pauli_pair,1,20,12,0.233338,,1.51,False,,4
backend,14,incremental,pauli_pair,1,20,12,0.033053,,0.95,False,,0
backend,14,incremental,pauli_pair,1,20,12,0.033094,,0.95,False,,1
backend,14,incremental,pauli_pair,1,20,12,0.033161,,0.95,False,,2
backend,14,incremental,pauli_pair,1,20,12,0.033092,,0.95,False,,3
backend,14,incremental,pauli_pair,1,20,12,0.033031,,0.95,False,,4
backend,14,incremental_gpu,pauli_pair,1,20,12,0.005848,,1.27,False,,0
backend,14,incremental_gpu,pauli_pair,1,20,12,0.005727,,1.27,False,,1
backend,14,incremental_gpu,pauli_pair,1,20,12,0.005745,,1.27,False,,2
backend,14,incremental_gpu,pauli_pair,1,20,12,0.005710,,1.27,False,,3
backend,14,incremental_gpu,pauli_pair,1,20,12,0.005687,,1.27,False,,4
backend,14,lightning.gpu,pauli_pair,1,20,12,0.044743,,1.34,False,,0
backend,14,lightning.gpu,pauli_pair,1,20,12,0.037601,,1.34,False,,1
backend,14,lightning.gpu,pauli_pair,1,20,12,0.044856,,1.34,False,,2
backend,14,lightning.gpu,pauli_pair,1,20,12,0.046813,,1.34,False,,3
backend,14,lightning.gpu,pauli_pair,1,20,12,0.036753,,1.34,False,,4
backend,14,lightning.gpu (grouped),pauli_pair,1,20,12,0.039273,,1.34,False,,0
backend,14,lightning.gpu (grouped),pauli_pair,1,20,12,0.034096,,1.34,False,,1
backend,14,lightning.gpu (grouped),pauli_pair,1,20,12,0.033880,,1.34,False,,2
backend,14,lightning.gpu (grouped),pauli_pair,1,20,12,0.033789,,1.34,False,,3
backend,14,lightning.gpu (grouped),pauli_pair,1,20,12,0.033774,,1.34,False,,4
backend,14,lightning.qubit,pauli_pair,1,20,12,0.161916,,1.28,False,,0
backend,14,lightning.qubit,pauli_pair,1,20,12,0.155334,,1.28,False,,1
backend,14,lightning.qubit,pauli_pair,1,20,12,0.163141,,1.28,False,,2
backend,14,lightning.qubit,pauli_pair,1,20,12,0.163602,,1.28,False,,3
backend,14,lightning.qubit,pauli_pair,1,20,12,0.150411,,1.28,False,,4
backend,14,lightning.qubit (grouped),pauli_pair,1,20,12,0.024903,,1.30,False,,0
backend,14,lightning.qubit (grouped),pauli_pair,1,20,12,0.024235,,1.30,False,,1
backend,14,lightning.qubit (grouped),pauli_pair,1,20,12,0.024271,,1.30,False,,2
backend,14,lightning.qubit (grouped),pauli_pair,1,20,12,0.024289,,1.30,False,,3
backend,14,lightning.qubit (grouped),pauli_pair,1,20,12,0.024778,,1.30,False,,4
backend,14,parity_even,pauli_pair,1,20,12,0.016308,,1.10,False,,0
backend,14,parity_even,pauli_pair,1,20,12,0.016307,,1.10,False,,1
backend,14,parity_even,pauli_pair,1,20,12,0.016337,,1.10,False,,2
backend,14,parity_even,pauli_pair,1,20,12,0.016314,,1.10,False,,3
backend,14,parity_even,pauli_pair,1,20,12,0.016278,,1.10,False,,4
backend,14,parity_even_gpu,pauli_pair,1,20,12,0.006010,,1.28,False,,0
backend,14,parity_even_gpu,pauli_pair,1,20,12,0.005891,,1.28,False,,1
backend,14,parity_even_gpu,pauli_pair,1,20,12,0.005823,,1.28,False,,2
backend,14,parity_even_gpu,pauli_pair,1,20,12,0.005847,,1.28,False,,3
backend,14,parity_even_gpu,pauli_pair,1,20,12,0.005796,,1.28,False,,4
backend,16,cudaq_v1,pauli_pair,1,20,12,0.230982,,1.48,False,,0
backend,16,cudaq_v1,pauli_pair,1,20,12,0.230778,,1.48,False,,1
backend,16,cudaq_v1,pauli_pair,1,20,12,0.230146,,1.48,False,,2
backend,16,cudaq_v1,pauli_pair,1,20,12,0.230689,,1.48,False,,3
backend,16,cudaq_v1,pauli_pair,1,20,12,0.230983,,1.48,False,,4
backend,16,incremental,pauli_pair,1,20,12,0.182156,,1.09,False,,0
backend,16,incremental,pauli_pair,1,20,12,0.183220,,1.09,False,,1
backend,16,incremental,pauli_pair,1,20,12,0.182124,,1.09,False,,2
backend,16,incremental,pauli_pair,1,20,12,0.182854,,1.09,False,,3
backend,16,incremental,pauli_pair,1,20,12,0.182662,,1.09,False,,4
backend,16,incremental_gpu,pauli_pair,1,20,12,0.005699,,1.93,False,,0
backend,16,incremental_gpu,pauli_pair,1,20,12,0.005536,,1.93,False,,1
backend,16,incremental_gpu,pauli_pair,1,20,12,0.005484,,1.93,False,,2
backend,16,incremental_gpu,pauli_pair,1,20,12,0.005475,,1.93,False,,3
backend,16,incremental_gpu,pauli_pair,1,20,12,0.005519,,1.93,False,,4
backend,16,lightning.gpu,pauli_pair,1,20,12,0.052450,,1.28,False,,0
backend,16,lightning.gpu,pauli_pair,1,20,12,0.051666,,1.28,False,,1
backend,16,lightning.gpu,pauli_pair,1,20,12,0.051602,,1.28,False,,2
backend,16,lightning.gpu,pauli_pair,1,20,12,0.053839,,1.28,False,,3
backend,16,lightning.gpu,pauli_pair,1,20,12,0.052168,,1.28,False,,4
backend,16,lightning.gpu (grouped),pauli_pair,1,20,12,0.036046,,1.28,False,,0
backend,16,lightning.gpu (grouped),pauli_pair,1,20,12,0.034820,,1.28,False,,1
backend,16,lightning.gpu (grouped),pauli_pair,1,20,12,0.034245,,1.28,False,,2
backend,16,lightning.gpu (grouped),pauli_pair,1,20,12,0.034612,,1.28,False,,3
backend,16,lightning.gpu (grouped),pauli_pair,1,20,12,0.034438,,1.28,False,,4
backend,16,lightning.qubit,pauli_pair,1,20,12,0.382088,,1.31,False,,0
backend,16,lightning.qubit,pauli_pair,1,20,12,0.384862,,1.35,False,,1
backend,16,lightning.qubit,pauli_pair,1,20,12,0.380906,,1.35,False,,2
backend,16,lightning.qubit,pauli_pair,1,20,12,0.383919,,1.35,False,,3
backend,16,lightning.qubit,pauli_pair,1,20,12,0.383107,,1.35,False,,4
backend,16,lightning.qubit (grouped),pauli_pair,1,20,12,0.057916,,1.30,False,,0
backend,16,lightning.qubit (grouped),pauli_pair,1,20,12,0.058161,,1.30,False,,1
backend,16,lightning.qubit (grouped),pauli_pair,1,20,12,0.057871,,1.30,False,,2
backend,16,lightning.qubit (grouped),pauli_pair,1,20,12,0.057849,,1.30,False,,3
backend,16,lightning.qubit (grouped),pauli_pair,1,20,12,0.058109,,1.30,False,,4
backend,16,parity_even,pauli_pair,1,20,12,0.088550,,1.24,False,,0
backend,16,parity_even,pauli_pair,1,20,12,0.088752,,1.24,False,,1
backend,16,parity_even,pauli_pair,1,20,12,0.088790,,1.24,False,,2
backend,16,parity_even,pauli_pair,1,20,12,0.088820,,1.24,False,,3
backend,16,parity_even,pauli_pair,1,20,12,0.088544,,1.24,False,,4
backend,16,parity_even_gpu,pauli_pair,1,20,12,0.005841,,1.38,False,,0
backend,16,parity_even_gpu,pauli_pair,1,20,12,0.005781,,1.38,False,,1
backend,16,parity_even_gpu,pauli_pair,1,20,12,0.005736,,1.38,False,,2
backend,16,parity_even_gpu,pauli_pair,1,20,12,0.005745,,1.38,False,,3
backend,16,parity_even_gpu,pauli_pair,1,20,12,0.005744,,1.38,False,,4
backend,18,cudaq_v1,pauli_pair,1,20,12,0.232413,,1.49,False,,0
backend,18,cudaq_v1,pauli_pair,1,20,12,0.231488,,1.49,False,,1
backend,18,cudaq_v1,pauli_pair,1,20,12,0.231569,,1.49,False,,2
backend,18,cudaq_v1,pauli_pair,1,20,12,0.232283,,1.49,False,,3
backend,18,cudaq_v1,pauli_pair,1,20,12,0.232724,,1.49,False,,4
backend,18,incremental,pauli_pair,1,20,12,0.974178,,1.04,False,,0
backend,18,incremental,pauli_pair,1,20,12,0.969817,,1.04,False,,1
backend,18,incremental,pauli_pair,1,20,12,0.969180,,1.04,False,,2
backend,18,incremental,pauli_pair,1,20,12,0.969550,,1.04,False,,3
backend,18,incremental,pauli_pair,1,20,12,0.969236,,1.04,False,,4
backend,18,incremental_gpu,pauli_pair,1,20,12,0.007103,,1.35,False,,0
backend,18,incremental_gpu,pauli_pair,1,20,12,0.007054,,1.35,False,,1
backend,18,incremental_gpu,pauli_pair,1,20,12,0.007042,,1.35,False,,2
backend,18,incremental_gpu,pauli_pair,1,20,12,0.007030,,1.35,False,,3
backend,18,incremental_gpu,pauli_pair,1,20,12,0.007051,,1.35,False,,4
backend,18,lightning.gpu,pauli_pair,1,20,12,0.065299,,1.31,False,,0
backend,18,lightning.gpu,pauli_pair,1,20,12,0.065456,,1.31,False,,1
backend,18,lightning.gpu,pauli_pair,1,20,12,0.064441,,1.35,False,,2
backend,18,lightning.gpu,pauli_pair,1,20,12,0.063989,,1.35,False,,3
backend,18,lightning.gpu,pauli_pair,1,20,12,0.065185,,1.35,False,,4
backend,18,lightning.gpu (grouped),pauli_pair,1,20,12,0.037244,,1.42,False,,0
backend,18,lightning.gpu (grouped),pauli_pair,1,20,12,0.036530,,1.42,False,,1
backend,18,lightning.gpu (grouped),pauli_pair,1,20,12,0.038600,,1.42,False,,2
backend,18,lightning.gpu (grouped),pauli_pair,1,20,12,0.039597,,1.42,False,,3
backend,18,lightning.gpu (grouped),pauli_pair,1,20,12,0.037328,,1.42,False,,4
backend,18,lightning.qubit,pauli_pair,1,20,12,1.427235,,4.03,False,,0
backend,18,lightning.qubit,pauli_pair,1,20,12,1.433194,,4.10,False,,1
backend,18,lightning.qubit,pauli_pair,1,20,12,1.416453,,4.10,False,,2
backend,18,lightning.qubit,pauli_pair,1,20,12,1.421861,,4.10,False,,3
backend,18,lightning.qubit,pauli_pair,1,20,12,1.435329,,4.10,False,,4
backend,18,lightning.qubit (grouped),pauli_pair,1,20,12,0.210962,,3.48,False,,0
backend,18,lightning.qubit (grouped),pauli_pair,1,20,12,0.211469,,3.67,False,,1
backend,18,lightning.qubit (grouped),pauli_pair,1,20,12,0.211298,,3.85,False,,2
backend,18,lightning.qubit (grouped),pauli_pair,1,20,12,0.210665,,3.85,False,,3
backend,18,lightning.qubit (grouped),pauli_pair,1,20,12,0.211716,,3.85,False,,4
backend,18,parity_even,pauli_pair,1,20,12,0.468852,,1.23,False,,0
backend,18,parity_even,pauli_pair,1,20,12,0.468545,,1.23,False,,1
backend,18,parity_even,pauli_pair,1,20,12,0.468583,,1.23,False,,2
backend,18,parity_even,pauli_pair,1,20,12,0.468407,,1.23,False,,3
backend,18,parity_even,pauli_pair,1,20,12,0.469142,,1.23,False,,4
backend,18,parity_even_gpu,pauli_pair,1,20,12,0.006180,,1.98,False,,0
backend,18,parity_even_gpu,pauli_pair,1,20,12,0.006148,,1.98,False,,1
backend,18,parity_even_gpu,pauli_pair,1,20,12,0.006107,,1.98,False,,2
backend,18,parity_even_gpu,pauli_pair,1,20,12,0.006110,,1.98,False,,3
backend,18,parity_even_gpu,pauli_pair,1,20,12,0.006086,,1.98,False,,4
backend,20,cudaq_v1,pauli_pair,1,20,12,0.240894,,1.42,False,,0
backend,20,cudaq_v1,pauli_pair,1,20,12,0.240913,,1.42,False,,1
backend,20,cudaq_v1,pauli_pair,1,20,12,0.241604,,1.42,False,,2
backend,20,cudaq_v1,pauli_pair,1,20,12,0.242030,,1.42,False,,3
backend,20,cudaq_v1,pauli_pair,1,20,12,0.244284,,1.42,False,,4
backend,20,incremental,pauli_pair,1,20,12,4.993677,,1.00,False,,0
backend,20,incremental,pauli_pair,1,20,12,4.968729,,1.00,False,,1
backend,20,incremental,pauli_pair,1,20,12,4.986950,,1.00,False,,2
backend,20,incremental,pauli_pair,1,20,12,4.992046,,1.00,False,,3
backend,20,incremental,pauli_pair,1,20,12,4.950260,,1.00,False,,4
backend,20,incremental_gpu,pauli_pair,1,20,12,0.013589,,1.40,False,,0
backend,20,incremental_gpu,pauli_pair,1,20,12,0.013887,,1.40,False,,1
backend,20,incremental_gpu,pauli_pair,1,20,12,0.014821,,1.40,False,,2
backend,20,incremental_gpu,pauli_pair,1,20,12,0.013497,,1.40,False,,3
backend,20,incremental_gpu,pauli_pair,1,20,12,0.013470,,1.40,False,,4
backend,20,lightning.gpu,pauli_pair,1,20,12,0.087490,,1.28,False,,0
backend,20,lightning.gpu,pauli_pair,1,20,12,0.078923,,1.28,False,,1
backend,20,lightning.gpu,pauli_pair,1,20,12,0.087774,,1.28,False,,2
backend,20,lightning.gpu,pauli_pair,1,20,12,0.088113,,1.28,False,,3
backend,20,lightning.gpu,pauli_pair,1,20,12,0.078756,,1.28,False,,4
backend,20,lightning.gpu (grouped),pauli_pair,1,20,12,0.039510,,1.33,False,,0
backend,20,lightning.gpu (grouped),pauli_pair,1,20,12,0.038465,,1.33,False,,1
backend,20,lightning.gpu (grouped),pauli_pair,1,20,12,0.038372,,1.33,False,,2
backend,20,lightning.gpu (grouped),pauli_pair,1,20,12,0.038045,,1.33,False,,3
backend,20,lightning.gpu (grouped),pauli_pair,1,20,12,0.038073,,1.33,False,,4
backend,20,lightning.qubit,pauli_pair,1,20,12,5.265365,,11.15,False,,0
backend,20,lightning.qubit,pauli_pair,1,20,12,5.251464,,11.15,False,,1
backend,20,lightning.qubit,pauli_pair,1,20,12,5.286046,,11.15,False,,2
backend,20,lightning.qubit,pauli_pair,1,20,12,5.329421,,11.15,False,,3
backend,20,lightning.qubit,pauli_pair,1,20,12,5.277075,,11.15,False,,4
backend,20,lightning.qubit (grouped),pauli_pair,1,20,12,0.745623,,11.06,False,,0
backend,20,lightning.qubit (grouped),pauli_pair,1,20,12,0.748046,,11.06,False,,1
backend,20,lightning.qubit (grouped),pauli_pair,1,20,12,0.746605,,11.06,False,,2
backend,20,lightning.qubit (grouped),pauli_pair,1,20,12,0.747444,,11.06,False,,3
backend,20,lightning.qubit (grouped),pauli_pair,1,20,12,0.748567,,11.06,False,,4
backend,20,parity_even,pauli_pair,1,20,12,2.391489,,1.23,False,,0
backend,20,parity_even,pauli_pair,1,20,12,2.392261,,1.23,False,,1
backend,20,parity_even,pauli_pair,1,20,12,2.400144,,1.23,False,,2
backend,20,parity_even,pauli_pair,1,20,12,2.396184,,1.23,False,,3
backend,20,parity_even,pauli_pair,1,20,12,2.397615,,1.23,False,,4
backend,20,parity_even_gpu,pauli_pair,1,20,12,0.009567,,1.39,False,,0
backend,20,parity_even_gpu,pauli_pair,1,20,12,0.009440,,1.39,False,,1
backend,20,parity_even_gpu,pauli_pair,1,20,12,0.009422,,1.39,False,,2
backend,20,parity_even_gpu,pauli_pair,1,20,12,0.009408,,1.39,False,,3
backend,20,parity_even_gpu,pauli_pair,1,20,12,0.009416,,1.39,False,,4
backend,22,cudaq_v1,pauli_pair,1,20,12,0.270131,,1.28,False,,0
backend,22,cudaq_v1,pauli_pair,1,20,12,0.270487,,1.28,False,,1
backend,22,cudaq_v1,pauli_pair,1,20,12,0.270782,,1.28,False,,2
backend,22,cudaq_v1,pauli_pair,1,20,12,0.271192,,1.28,False,,3
backend,22,cudaq_v1,pauli_pair,1,20,12,0.271770,,1.28,False,,4
backend,22,incremental,pauli_pair,1,1,12,28.330957,,1.43,False,,0
backend,22,incremental,pauli_pair,1,1,12,26.989938,,1.43,False,,1
backend,22,incremental,pauli_pair,1,1,12,27.304178,,1.43,False,,2
backend,22,incremental,pauli_pair,1,1,12,26.732485,,1.43,False,,3
backend,22,incremental,pauli_pair,1,1,12,26.837623,,1.43,False,,4
backend,22,incremental_gpu,pauli_pair,1,20,12,0.044846,,1.41,False,,0
backend,22,incremental_gpu,pauli_pair,1,20,12,0.045130,,1.41,False,,1
backend,22,incremental_gpu,pauli_pair,1,20,12,0.045116,,1.41,False,,2
backend,22,incremental_gpu,pauli_pair,1,20,12,0.045243,,1.41,False,,3
backend,22,incremental_gpu,pauli_pair,1,20,12,0.045381,,1.41,False,,4
backend,22,lightning.gpu,pauli_pair,1,20,12,0.131065,,1.35,False,,0
backend,22,lightning.gpu,pauli_pair,1,20,12,0.134373,,1.35,False,,1
backend,22,lightning.gpu,pauli_pair,1,20,12,0.133724,,1.35,False,,2
backend,22,lightning.gpu,pauli_pair,1,20,12,0.133688,,1.35,False,,3
backend,22,lightning.gpu,pauli_pair,1,20,12,0.134833,,1.35,False,,4
backend,22,lightning.gpu (grouped),pauli_pair,1,20,12,0.044155,,1.32,False,,0
backend,22,lightning.gpu (grouped),pauli_pair,1,20,12,0.043545,,1.32,False,,1
backend,22,lightning.gpu (grouped),pauli_pair,1,20,12,0.047786,,1.32,False,,2
backend,22,lightning.gpu (grouped),pauli_pair,1,20,12,0.050376,,1.32,False,,3
backend,22,lightning.gpu (grouped),pauli_pair,1,20,12,0.043738,,1.32,False,,4
backend,22,lightning.qubit,pauli_pair,1,1,12,24.615115,,38.79,False,,0
backend,22,lightning.qubit,pauli_pair,1,1,12,24.520220,,38.87,False,,1
backend,22,lightning.qubit,pauli_pair,1,1,12,24.743236,,38.87,False,,2
backend,22,lightning.qubit,pauli_pair,1,1,12,24.708421,,38.87,False,,3
backend,22,lightning.qubit,pauli_pair,1,1,12,24.751294,,38.87,False,,4
backend,22,lightning.qubit (grouped),pauli_pair,1,20,12,3.421762,,38.67,False,,0
backend,22,lightning.qubit (grouped),pauli_pair,1,20,12,3.420472,,38.67,False,,1
backend,22,lightning.qubit (grouped),pauli_pair,1,20,12,3.418845,,38.68,False,,2
backend,22,lightning.qubit (grouped),pauli_pair,1,20,12,3.416306,,38.68,False,,3
backend,22,lightning.qubit (grouped),pauli_pair,1,20,12,3.416864,,38.71,False,,4
backend,22,parity_even,pauli_pair,1,20,12,12.301934,,1.47,False,,0
backend,22,parity_even,pauli_pair,1,20,12,12.389159,,1.47,False,,1
backend,22,parity_even,pauli_pair,1,20,12,12.352352,,1.49,False,,2
backend,22,parity_even,pauli_pair,1,20,12,12.320446,,1.49,False,,3
backend,22,parity_even,pauli_pair,1,20,12,12.288973,,1.49,False,,4
backend,22,parity_even_gpu,pauli_pair,1,20,12,0.025412,,1.43,False,,0
backend,22,parity_even_gpu,pauli_pair,1,20,12,0.025347,,1.43,False,,1
backend,22,parity_even_gpu,pauli_pair,1,20,12,0.025324,,1.43,False,,2
backend,22,parity_even_gpu,pauli_pair,1,20,12,0.025337,,1.43,False,,3
backend,22,parity_even_gpu,pauli_pair,1,20,12,0.025310,,1.43,False,,4
backend,24,cudaq_v1,pauli_pair,1,20,12,0.383601,,1.44,False,,0
backend,24,cudaq_v1,pauli_pair,1,20,12,0.383711,,1.44,False,,1
backend,24,cudaq_v1,pauli_pair,1,20,12,0.384691,,1.44,False,,2
backend,24,cudaq_v1,pauli_pair,1,20,12,0.383094,,1.44,False,,3
backend,24,cudaq_v1,pauli_pair,1,20,12,0.383460,,1.44,False,,4
backend,24,incremental,pauli_pair,1,1,12,153.627633,,2.46,False,,0
backend,24,incremental,pauli_pair,1,1,12,157.361974,,2.46,False,,1
backend,24,incremental,pauli_pair,1,1,12,140.575267,,2.46,False,,2
backend,24,incremental,pauli_pair,1,1,12,139.121894,,2.50,False,,3
backend,24,incremental,pauli_pair,1,1,12,139.916753,,2.50,False,,4
backend,24,incremental_gpu,pauli_pair,1,20,12,0.193382,,1.96,False,,0
backend,24,incremental_gpu,pauli_pair,1,20,12,0.193608,,1.96,False,,1
backend,24,incremental_gpu,pauli_pair,1,20,12,0.193666,,1.96,False,,2
backend,24,incremental_gpu,pauli_pair,1,20,12,0.193453,,1.96,False,,3
backend,24,incremental_gpu,pauli_pair,1,20,12,0.192343,,1.96,False,,4
backend,24,lightning.gpu,pauli_pair,1,20,12,0.308973,,1.30,False,,0
backend,24,lightning.gpu,pauli_pair,1,20,12,0.301544,,1.34,False,,1
backend,24,lightning.gpu,pauli_pair,1,20,12,0.309474,,1.34,False,,2
backend,24,lightning.gpu,pauli_pair,1,20,12,0.303594,,1.34,False,,3
backend,24,lightning.gpu,pauli_pair,1,20,12,0.297430,,1.34,False,,4
backend,24,lightning.gpu (grouped),pauli_pair,1,20,12,0.059775,,1.28,False,,0
backend,24,lightning.gpu (grouped),pauli_pair,1,20,12,0.061248,,1.28,False,,1
backend,24,lightning.gpu (grouped),pauli_pair,1,20,12,0.061540,,1.28,False,,2
backend,24,lightning.gpu (grouped),pauli_pair,1,20,12,0.060018,,1.28,False,,3
backend,24,lightning.gpu (grouped),pauli_pair,1,20,12,0.058456,,1.28,False,,4
backend,24,parity_even,pauli_pair,1,1,12,62.520828,,2.07,False,,0
backend,24,parity_even,pauli_pair,1,1,12,62.382735,,2.07,False,,1
backend,24,parity_even,pauli_pair,1,1,12,62.867297,,2.07,False,,2
backend,24,parity_even,pauli_pair,1,1,12,62.506104,,2.07,False,,3
backend,24,parity_even,pauli_pair,1,1,12,62.247300,,2.07,False,,4
backend,24,parity_even_gpu,pauli_pair,1,20,12,0.098859,,1.84,False,,0
backend,24,parity_even_gpu,pauli_pair,1,20,12,0.098769,,1.84,False,,1
backend,24,parity_even_gpu,pauli_pair,1,20,12,0.098758,,1.84,False,,2
backend,24,parity_even_gpu,pauli_pair,1,20,12,0.098787,,1.84,False,,3
backend,24,parity_even_gpu,pauli_pair,1,20,12,0.098733,,1.84,False,,4
backend,26,cudaq_v1,pauli_pair,1,20,12,0.905149,,1.41,False,,0
backend,26,cudaq_v1,pauli_pair,1,20,12,0.907123,,1.41,False,,1
backend,26,cudaq_v1,pauli_pair,1,20,12,0.905327,,1.41,False,,2
backend,26,cudaq_v1,pauli_pair,1,20,12,0.905478,,1.41,False,,3
backend,26,cudaq_v1,pauli_pair,1,20,12,0.905863,,1.41,False,,4
backend,26,incremental_gpu,pauli_pair,1,20,12,0.890768,,4.38,False,,0
backend,26,incremental_gpu,pauli_pair,1,20,12,0.891004,,4.38,False,,1
backend,26,incremental_gpu,pauli_pair,1,20,12,0.891064,,4.38,False,,2
backend,26,incremental_gpu,pauli_pair,1,20,12,0.894689,,4.38,False,,3
backend,26,incremental_gpu,pauli_pair,1,20,12,0.891244,,4.38,False,,4
backend,26,lightning.gpu,pauli_pair,1,20,12,1.039212,,1.43,False,,0
backend,26,lightning.gpu,pauli_pair,1,20,12,1.036257,,1.43,False,,1
backend,26,lightning.gpu,pauli_pair,1,20,12,1.036178,,1.43,False,,2
backend,26,lightning.gpu,pauli_pair,1,20,12,1.045440,,1.43,False,,3
backend,26,lightning.gpu,pauli_pair,1,20,12,1.046582,,1.43,False,,4
backend,26,lightning.gpu (grouped),pauli_pair,1,20,12,0.126506,,1.39,False,,0
backend,26,lightning.gpu (grouped),pauli_pair,1,20,12,0.126078,,1.39,False,,1
backend,26,lightning.gpu (grouped),pauli_pair,1,20,12,0.125491,,1.39,False,,2
backend,26,lightning.gpu (grouped),pauli_pair,1,20,12,0.125715,,1.39,False,,3
backend,26,lightning.gpu (grouped),pauli_pair,1,20,12,0.124889,,1.39,False,,4
backend,26,parity_even,pauli_pair,1,1,12,464.711448,,4.51,False,,0
backend,26,parity_even,pauli_pair,1,1,12,463.793288,,4.51,False,,1
backend,26,parity_even,pauli_pair,1,1,12,462.636042,,4.53,False,,2
backend,26,parity_even,pauli_pair,1,1,12,465.587195,,4.53,False,,3
backend,26,parity_even,pauli_pair,1,1,12,466.185146,,4.53,False,,4
backend,26,parity_even_gpu,pauli_pair,1,20,12,0.444292,,3.90,False,,0
backend,26,parity_even_gpu,pauli_pair,1,20,12,0.444207,,3.90,False,,1
backend,26,parity_even_gpu,pauli_pair,1,20,12,0.444181,,3.90,False,,2
backend,26,parity_even_gpu,pauli_pair,1,20,12,0.444125,,3.90,False,,3
backend,26,parity_even_gpu,pauli_pair,1,20,12,0.444132,,3.90,False,,4
dicke,12,dicke,collective,1,20,12,0.000097,,1.17,False,,0
dicke,12,dicke,collective,1,20,12,0.000075,,1.31,False,,1
dicke,12,dicke,collective,1,20,12,0.000073,,1.31,False,,2
dicke,12,dicke,collective,1,20,12,0.000076,,1.31,False,,3
dicke,12,dicke,collective,1,20,12,0.000073,,1.31,False,,4
dicke,14,dicke,collective,1,20,12,0.000095,,1.17,False,,0
dicke,14,dicke,collective,1,20,12,0.000075,,1.31,False,,1
dicke,14,dicke,collective,1,20,12,0.000075,,1.31,False,,2
dicke,14,dicke,collective,1,20,12,0.000075,,1.31,False,,3
dicke,14,dicke,collective,1,20,12,0.000076,,1.31,False,,4
dicke,16,dicke,collective,1,20,12,0.000103,,1.17,False,,0
dicke,16,dicke,collective,1,20,12,0.000076,,1.31,False,,1
dicke,16,dicke,collective,1,20,12,0.000118,,1.31,False,,2
dicke,16,dicke,collective,1,20,12,0.000079,,1.31,False,,3
dicke,16,dicke,collective,1,20,12,0.000078,,1.31,False,,4
dicke,18,dicke,collective,1,20,12,0.000104,,1.17,False,,0
dicke,18,dicke,collective,1,20,12,0.000081,,1.31,False,,1
dicke,18,dicke,collective,1,20,12,0.000080,,1.31,False,,2
dicke,18,dicke,collective,1,20,12,0.000082,,1.31,False,,3
dicke,18,dicke,collective,1,20,12,0.000080,,1.31,False,,4
dicke,20,dicke,collective,1,20,12,0.000107,,1.17,False,,0
dicke,20,dicke,collective,1,20,12,0.000083,,1.31,False,,1
dicke,20,dicke,collective,1,20,12,0.000083,,1.31,False,,2
dicke,20,dicke,collective,1,20,12,0.000084,,1.31,False,,3
dicke,20,dicke,collective,1,20,12,0.000082,,1.31,False,,4
dicke,22,dicke,collective,1,20,12,0.000113,,1.17,False,,0
dicke,22,dicke,collective,1,20,12,0.000086,,1.31,False,,1
dicke,22,dicke,collective,1,20,12,0.000088,,1.31,False,,2
dicke,22,dicke,collective,1,20,12,0.000091,,1.31,False,,3
dicke,22,dicke,collective,1,20,12,0.000089,,1.31,False,,4
dicke,24,dicke,collective,1,20,12,0.000109,,1.17,False,,0
dicke,24,dicke,collective,1,20,12,0.000088,,1.31,False,,1
dicke,24,dicke,collective,1,20,12,0.000089,,1.31,False,,2
dicke,24,dicke,collective,1,20,12,0.000093,,1.31,False,,3
dicke,24,dicke,collective,1,20,12,0.000090,,1.31,False,,4
dicke,26,dicke,collective,1,20,12,0.000116,,1.17,False,,0
dicke,26,dicke,collective,1,20,12,0.000121,,1.31,False,,1
dicke,26,dicke,collective,1,20,12,0.000095,,1.31,False,,2
dicke,26,dicke,collective,1,20,12,0.000095,,1.31,False,,3
dicke,26,dicke,collective,1,20,12,0.000095,,1.31,False,,4
dicke,50,dicke,collective,1,20,12,0.000152,,1.17,False,,0
dicke,50,dicke,collective,1,20,12,0.000156,,1.31,False,,1
dicke,50,dicke,collective,1,20,12,0.000158,,1.31,False,,2
dicke,50,dicke,collective,1,20,12,0.000162,,1.31,False,,3
dicke,50,dicke,collective,1,20,12,0.000157,,1.31,False,,4
dicke,100,dicke,collective,1,20,12,0.000419,,1.17,False,,0
dicke,100,dicke,collective,1,20,12,0.000432,,1.31,False,,1
dicke,100,dicke,collective,1,20,12,0.000411,,1.31,False,,2
dicke,100,dicke,collective,1,20,12,0.000399,,1.31,False,,3
dicke,100,dicke,collective,1,20,12,0.000457,,1.31,False,,4
dicke,500,dicke,collective,1,20,12,0.004602,,1.20,False,,0
dicke,500,dicke,collective,1,20,12,0.004647,,1.31,False,,1
dicke,500,dicke,collective,1,20,12,0.004747,,1.31,False,,2
dicke,500,dicke,collective,1,20,12,0.005062,,1.31,False,,3
dicke,500,dicke,collective,1,20,12,0.004632,,1.31,False,,4
dicke,1000,dicke,collective,1,20,12,0.016898,,1.31,False,,0
dicke,1000,dicke,collective,1,20,12,0.016798,,1.31,False,,1
dicke,1000,dicke,collective,1,20,12,0.015987,,1.31,False,,2
dicke,1000,dicke,collective,1,20,12,0.016706,,1.31,False,,3
dicke,1000,dicke,collective,1,20,12,0.017059,,1.31,False,,4
