# Earlier 3-seed pool-accuracy CSV (seeds 1-3, seq_len=12). Kept because the uniform random-sampler control (data/runs/random-sampler-control-2026-07-25) is paired against these runs.
pool,N,lambda,seed,refined_rel_error,rel_error,run,source_sweep,config_sha256,seq_len
collective,8,0.5,1,4.935370262432694e-07,0.00421023889558279,collective_n_qubits8_lam0.5_s1,pool-accuracy-l12-s123-2026-07-25,de6ed99feceebb3cc61a978e3d96cb306373d7986e13cfd7a65963012da3aa09,12
collective,8,0.5,2,2.6962735707885533e-07,0.00022826354469985603,collective_n_qubits8_lam0.5_s2,pool-accuracy-l12-s123-2026-07-25,0d49b28ad3f4b00766f2adb5e8af3cc01607f0e9f7f88bb702151b90b41eea6a,12
collective,8,0.5,3,2.7518120334979524e-09,0.015131114005688794,collective_n_qubits8_lam0.5_s3,pool-accuracy-l12-s123-2026-07-25,5094e173f58728bf6e0607fcebbaa6a2b47bdc879cb260e6e2f5b0d7f2cab4ad,12
collective,8,1.0,1,3.5937677555499234e-09,0.005606912951595053,collective_n_qubits8_lam1.0_s1,pool-accuracy-l12-s123-2026-07-25,69a459da56816abb4d62091421dbc2205de29bd03fccdbff768012e5ec421cd2,12
collective,8,1.0,2,2.4724667737431576e-06,0.0039970193603417045,collective_n_qubits8_lam1.0_s2,pool-accuracy-l12-s123-2026-07-25,cceb19b177b3e8e807a53795fb3698b7158427fcc91a05e0ba4e4e76f9a93218,12
collective,8,1.0,3,4.483047369893198e-08,0.002195715390619539,collective_n_qubits8_lam1.0_s3,pool-accuracy-l12-s123-2026-07-25,3713c37075c1843a219b0390450d83a1e2f633ece5f109842bfe01d5a444a1bc,12
collective,8,1.5,1,7.46689436685358e-07,0.006934565027102256,collective_n_qubits8_lam1.5_s1,pool-accuracy-l12-s123-2026-07-25,a05fa29cd451c2dc5677affa4287d9b23f0dfb3c0645d229bcd787d3b8987685,12
collective,8,1.5,2,0.00041434421065579796,0.0069345650271043285,collective_n_qubits8_lam1.5_s2,pool-accuracy-l12-s123-2026-07-25,8c9f1bd14ec87f3986482c68e46b21024ea2ed9ff853a5e19fde77a5c0caae3a,12
collective,8,1.5,3,0.005671240038060631,0.04119949065265705,collective_n_qubits8_lam1.5_s3,pool-accuracy-l12-s123-2026-07-25,6fc2b3ce82110b0177ce39b8cf04fc4b2b781194918b009ff1505603056dab6f,12
collective,8,2.0,1,2.9851918635167195e-07,0.031845505200605875,collective_n_qubits8_lam2.0_s1,pool-accuracy-l12-s123-2026-07-25,34178d129e977577adeee621f8c71f73fe4a2a0513648fe4d6657418318a6a71,12
collective,8,2.0,2,1.1589206544172238e-07,0.019511000110941406,collective_n_qubits8_lam2.0_s2,pool-accuracy-l12-s123-2026-07-25,fea044f68385ff0132e896876fb00d9a7672d0d21a6fa6c0e44166d1543c8429,12
collective,8,2.0,3,0.00012066484997696736,0.02553112209076974,collective_n_qubits8_lam2.0_s3,pool-accuracy-l12-s123-2026-07-25,03c99f8b04bf0885bea9f3f490e008f16e7ea47423cc0fc3be743d5d836d5587,12
collective,10,0.5,1,4.387005738658835e-08,0.0023542626691127845,collective_n_qubits10_lam0.5_s1,pool-accuracy-l12-s123-2026-07-25,294ec1180537925e340a4f847f3d2cb7393c14d084c222901d0e4dbaa69ccfad,12
collective,10,0.5,2,2.0228539936307051e-07,0.0006045619764815671,collective_n_qubits10_lam0.5_s2,pool-accuracy-l12-s123-2026-07-25,d37c60639ed0bc9ade515f591748006d2533e7e8cfae613090885708a34d82b7,12
collective,10,0.5,3,0.003532422079062738,0.003532422079062738,collective_n_qubits10_lam0.5_s3,pool-accuracy-l12-s123-2026-07-25,d0742baf8e01f15de4335825cc6f742ce91163299f29d5ea3d10450f9583080f,12
collective,10,1.0,1,8.941343639491073e-08,0.014418830881006525,collective_n_qubits10_lam1.0_s1,pool-accuracy-l12-s123-2026-07-25,cfd17bc0e96b4b0f2ae3c99975edb6cb7bb83bf28d31d659499b67ea865c5cb5,12
collective,10,1.0,2,3.503410888483843e-06,0.004956964211212208,collective_n_qubits10_lam1.0_s2,pool-accuracy-l12-s123-2026-07-25,9cd91bab5b177ba05a7dcb3dc4e23937164f9e2fc9e44d58495a13457594312b,12
collective,10,1.0,3,1.5488973329127323e-07,0.0016497839438670342,collective_n_qubits10_lam1.0_s3,pool-accuracy-l12-s123-2026-07-25,73b94c97df08f0c0471ac28d5f554c637f5dd8049d67d78dc3eba87ed2bdbb14,12
collective,10,1.5,1,0.0008074660290816583,0.01961213628747456,collective_n_qubits10_lam1.5_s1,pool-accuracy-l12-s123-2026-07-25,8215e0e189e61db46abb773e5cde09b3662ca4ea8d42b559c9f0e6af876fc94b,12
collective,10,1.5,2,0.0007197034799039182,0.03092083075849775,collective_n_qubits10_lam1.5_s2,pool-accuracy-l12-s123-2026-07-25,a6f50c4ae068bb27416d4a668dc38774146c5acd52f0235652fd1b261be66eab,12
collective,10,1.5,3,5.0016687921171454e-05,0.014964128141535584,collective_n_qubits10_lam1.5_s3,pool-accuracy-l12-s123-2026-07-25,8746fbc1e3a97ea8787d25c4ed65926311c08225cc12308968ae9a3e71578c8c,12
collective,10,2.0,1,0.0030801249048659904,0.02804904709856144,collective_n_qubits10_lam2.0_s1,pool-accuracy-l12-s123-2026-07-25,461a8135ad09909041104fcfb5263c0b848022d082ccb1981a60820a7bded679,12
collective,10,2.0,2,6.68896909050956e-05,0.029468962933970812,collective_n_qubits10_lam2.0_s2,pool-accuracy-l12-s123-2026-07-25,6c18525c3a917fee7804f62984200b0c20252dd2c8248fde31230eadb78e3463,12
collective,10,2.0,3,0.014893374882544426,0.051014131701804855,collective_n_qubits10_lam2.0_s3,pool-accuracy-l12-s123-2026-07-25,ce1079dc065e68aa027e51beb58882d689ec0282208e9d3a4f58057f85da6048,12
collective,12,1.0,1,3.374582241009044e-09,0.00041251806148672956,collective_n_qubits12_lam1.0_s1,pool-accuracy-l12-s123-2026-07-25,da99dc5b1d86a0c501e8c90940afe0e308d80c08eb20ed13c71304223fed7030,12
collective,12,1.0,2,6.299239802829364e-05,0.017188281459948555,collective_n_qubits12_lam1.0_s2,pool-accuracy-l12-s123-2026-07-25,fe5ef11838501cd906e3adb39be9f089327ee73df790efc08bcc4cac609ec25b,12
collective,12,1.0,3,1.8244330231296196e-06,0.016881179389674036,collective_n_qubits12_lam1.0_s3,pool-accuracy-l12-s123-2026-07-25,54bb056387361364c36c96038bd698ef4d5ab806403752347c9abd05d86da529,12
collective,12,1.5,1,0.0023714972557288194,0.020467084059002306,collective_n_qubits12_lam1.5_s1,pool-accuracy-l12-s123-2026-07-25,26ae81470703ecf10f8731390da632296157426fd181cbda8234278ec382e1d0,12
collective,12,1.5,2,0.00016979415074069783,0.026173964539665615,collective_n_qubits12_lam1.5_s2,pool-accuracy-l12-s123-2026-07-25,1c2f9355ea95d798e1855662ebde60b0de0e2f482672a68f04b5447c46ab07fb,12
collective,12,1.5,3,0.00016593436973880935,0.026599002484612902,collective_n_qubits12_lam1.5_s3,pool-accuracy-l12-s123-2026-07-25,ca32d8c6be7678337040bd88daca75d0ff05e95accaa993e9b6eafd48db5c8f2,12
collective,12,2.0,1,0.006536238244685018,0.06391056039603372,collective_n_qubits12_lam2.0_s1,pool-accuracy-l12-s123-2026-07-25,2f1512c59f25174d6db38a8d31902435a5d00b35bcd0dae4c93b7b7ba3e89f68,12
collective,12,2.0,2,0.0012748682762953956,0.05759389546912148,collective_n_qubits12_lam2.0_s2,pool-accuracy-l12-s123-2026-07-25,42b7caa46e097e5a405d74661587e851ae4f46240238c4944defc8b7bcbc901f,12
collective,12,2.0,3,0.008844784345092144,0.04246656279657007,collective_n_qubits12_lam2.0_s3,pool-accuracy-l12-s123-2026-07-25,fc22e3e4767ff4617d8ebb2b36055e3c13ad66396e2027be93db8f542a70fa70,12
collective,14,1.0,1,2.739129736897786e-06,0.010257153152407817,collective_n_qubits14_lam1.0_s1,pool-accuracy-l12-s123-2026-07-25,5b53851fc3d9aa95a6dc778eee7cbaa7418bbe136479ae715a281a6b96e7f99d,12
collective,14,1.0,2,3.053078188948621e-08,0.009829050643011476,collective_n_qubits14_lam1.0_s2,pool-accuracy-l12-s123-2026-07-25,55985c7d5e7faa0fba300715b62e7c02662d0bdb7218e95bb1667b242ed15663,12
collective,14,1.0,3,6.6674185690208e-05,0.010891953762768348,collective_n_qubits14_lam1.0_s3,pool-accuracy-l12-s123-2026-07-25,9620bc6c7bfe2f638dc15e60722fa45d9389d6d1fc91efa353ecfe9e3cd069da,12
collective,14,1.5,1,1.2235290720988804e-05,0.03390579078103491,collective_n_qubits14_lam1.5_s1,pool-accuracy-l12-s123-2026-07-25,80eab813e582c51a78ada7488356d39c6b3c74ae92a8430c33e6977be2b4877b,12
collective,14,1.5,2,0.0003974295437590646,0.03045265807293442,collective_n_qubits14_lam1.5_s2,pool-accuracy-l12-s123-2026-07-25,240eed0e80f8caab98f6f91a65acd627b861a80e16ee97039b9771638791e09e,12
collective,14,1.5,3,0.0005536037570868302,0.019987798158966116,collective_n_qubits14_lam1.5_s3,pool-accuracy-l12-s123-2026-07-25,b5f1edb9d9f4de400ddab99e5682644e8c8368cfdc55ed188bc48ea7dd3ac8c8,12
collective,14,2.0,1,0.026109083281411132,0.061964277457706475,collective_n_qubits14_lam2.0_s1,pool-accuracy-l12-s123-2026-07-25,7ff828c2d2aa4d952b15e98090bcd0b24de3298c08a4030e9a14aa96be7d8079,12
collective,14,2.0,2,0.0024972541579437943,0.0789363200033527,collective_n_qubits14_lam2.0_s2,pool-accuracy-l12-s123-2026-07-25,4eb1281caff0d09456230de7441b3c5403fb8b6e746dd8a71df444093307b71a,12
collective,14,2.0,3,0.013634809874572404,0.07822350380758226,collective_n_qubits14_lam2.0_s3,pool-accuracy-l12-s123-2026-07-25,26668198885de5b4772522b17eb4b2d840c3cf43eafa9e7e12a2f0e4251cdcba,12
collective,16,1.0,1,6.751477317700852e-06,0.014214063281621479,collective_n_qubits16_lam1.0_s1,pool-accuracy-l12-s123-2026-07-25,dcddc99c18d89ce0274c3fa6a16b6f37a7609e9271112d2d6223b582b170a6f7,12
collective,16,1.0,2,1.3504964011662272e-06,0.005017357050159156,collective_n_qubits16_lam1.0_s2,pool-accuracy-l12-s123-2026-07-25,2af4021f74144aa020568529c8f3586eae1eb67f5e8c7883cbd96fe6183ff37f,12
collective,16,1.0,3,3.824508792121048e-06,0.014001521326766783,collective_n_qubits16_lam1.0_s3,pool-accuracy-l12-s123-2026-07-25,93c3562d13906f9528202aca032b4a5b6397b566a12ee360de2b820a59e4f410,12
collective,16,1.5,1,0.00017965755678384392,0.033292252724139014,collective_n_qubits16_lam1.5_s1,pool-accuracy-l12-s123-2026-07-25,4941ce3247d84a970552373e0996719b73459a0bdc12fafbc404eeff14ca23ba,12
collective,16,1.5,2,0.00017379675942108351,0.02181220600191099,collective_n_qubits16_lam1.5_s2,pool-accuracy-l12-s123-2026-07-25,b62706a328b031dbd7c325224eefd190f79eafc3021f397d832ef2a4533a7a0c,12
collective,16,1.5,3,0.0006800319025101441,0.01943607811037742,collective_n_qubits16_lam1.5_s3,pool-accuracy-l12-s123-2026-07-25,6efeb442c3e1f68b6adab4df534ab64161c1ec2621b6c60dc03d1c535f129cb6,12
collective,16,2.0,1,0.025698765241672025,0.09981000652617714,collective_n_qubits16_lam2.0_s1,pool-accuracy-l12-s123-2026-07-25,2e2162ede770ab4e1e582055a2d771f8f18762639d0dcc466e32258bb9b4fb9b,12
collective,16,2.0,2,0.07068927043373838,0.07626217361023473,collective_n_qubits16_lam2.0_s2,pool-accuracy-l12-s123-2026-07-25,dd04b6704439d3da20a34dce36a00489356f52948dd4c07470c0707611036240,12
collective,16,2.0,3,0.009588769424588287,0.04274463295965871,collective_n_qubits16_lam2.0_s3,pool-accuracy-l12-s123-2026-07-25,9191cc789a9e296c9d11397929133ace00f28c96a990ff49719eb0f95f37020f,12
pairwise-all,8,0.5,1,0.004210238895585996,0.005408988864771869,pairwise-all_n_qubits8_lam0.5_s1,pool-accuracy-l12-s123-2026-07-25,5080bfd945fe2a4a61accf5226364ec0d2be8f69004f648bf8f57e2409cbb7d7,12
pairwise-all,8,0.5,2,0.003967185485937738,0.009823740051935407,pairwise-all_n_qubits8_lam0.5_s2,pool-accuracy-l12-s123-2026-07-25,9f81213c28088ecdd37871d20703e14dfcca215d13daa55ef1671e278b73c70e,12
pairwise-all,8,0.5,3,0.004088712190629477,0.006113479234044833,pairwise-all_n_qubits8_lam0.5_s3,pool-accuracy-l12-s123-2026-07-25,98baee23f47b2778b0657ba3ee7746e74008902d8510662e638bcac18099ea78,12
pairwise-all,8,1.0,1,0.02084822921693638,0.02594174635927388,pairwise-all_n_qubits8_lam1.0_s1,lmg-qpt-sweep-n10-16,acb724c10df3acf18e19ddd0d0418a9f590da7bea520f1fb449e9004951afa8f,12
pairwise-all,8,1.0,2,0.020343241759888435,0.021970690671519074,pairwise-all_n_qubits8_lam1.0_s2,lmg-qpt-sweep-n10-16,bebb06e9e94abc755a8d025b5af56b88805b8cee2e10c9bc259d0bd7b724f7bc,12
pairwise-all,8,1.0,3,0.021389375827621862,0.021553194145195825,pairwise-all_n_qubits8_lam1.0_s3,lmg-qpt-sweep-n10-16,1a782ad4ea88b0f5e490c28189dea156a1a4f99f7f06f4e3c514883dd7ef034a,12
pairwise-all,8,1.5,1,0.06468395384894779,0.06577303917687383,pairwise-all_n_qubits8_lam1.5_s1,pairwise-l12-uniform,ab9112fe64718680837961efef1c43d36ddf8d11a2478260574be5171021947f,12
pairwise-all,8,1.5,2,0.062253981267913386,0.06694521851939157,pairwise-all_n_qubits8_lam1.5_s2,pairwise-l12-uniform,3a94c819886bf8012e602177ed896616d1596a70218a1987da6d9641df21d13e,12
pairwise-all,8,1.5,3,0.06570703171803371,0.06587281848881703,pairwise-all_n_qubits8_lam1.5_s3,pairwise-l12-uniform,17b931cd521a4c2caa4e384b268967f138924613015404d1c4e24bf09fa1f60a,12
pairwise-all,8,2.0,1,0.1460010267156254,0.14719767273714068,pairwise-all_n_qubits8_lam2.0_s1,lmg-qpt-sweep-n10-16,735e4f243ac04ce8ac941a4d92cd486cd6a21d3b4e819ae5f86ed4243f1e50c2,12
pairwise-all,8,2.0,2,0.14552448742779195,0.1502216633255137,pairwise-all_n_qubits8_lam2.0_s2,lmg-qpt-sweep-n10-16,d1ff8a9c5a15e1cde5f290b99a7b40dad75f7e0fd6c9ebc195ed5e085286c74f,12
pairwise-all,8,2.0,3,0.14227853737065338,0.14896806989556552,pairwise-all_n_qubits8_lam2.0_s3,lmg-qpt-sweep-n10-16,aec9695c92a66bd22ee84892fbd030ef64df7bdc9a6dd62c38452fae1b49232a,12
pairwise-all,10,0.5,1,0.003470152584280518,0.004013103911978313,pairwise-all_n_qubits10_lam0.5_s1,pool-accuracy-l12-s123-2026-07-25,551c58d869d981c117e16497d18b1d18048332cf1c1da02bd50462b226213152,12
pairwise-all,10,0.5,2,0.0033456135925856068,0.005970327316442377,pairwise-all_n_qubits10_lam0.5_s2,pool-accuracy-l12-s123-2026-07-25,41a9859b1bf70430ddfca8537e70e03dceb9e83ed6803676dd765fabcf8895d4,12
pairwise-all,10,0.5,3,0.0035324220790638,0.004492074829059868,pairwise-all_n_qubits10_lam0.5_s3,pool-accuracy-l12-s123-2026-07-25,d8f7b027bc43007b6d9fee53c4848a3af329826c5dbf6bf676fb38621b122ca5,12
pairwise-all,10,1.0,1,0.018176496302147144,0.021101321583442606,pairwise-all_n_qubits10_lam1.0_s1,lmg-qpt-sweep-n10-16,ddfba4c5dae942b1b333502176b133371e5f6a67c9b1f3b50e486663233b567c,12
pairwise-all,10,1.0,2,0.01923741332855081,0.020181941313452696,pairwise-all_n_qubits10_lam1.0_s2,lmg-qpt-sweep-n10-16,e52f5639cac055244fecf23ce4e29ade1de4c3f23fbf0919396db0318473b0de,12
pairwise-all,10,1.0,3,0.018992375735016543,0.021102269472217248,pairwise-all_n_qubits10_lam1.0_s3,lmg-qpt-sweep-n10-16,7c522ac11262b736da2b1b0f6998957f708d1007f8c03b7adc67f6e658e4fbb2,12
pairwise-all,10,1.5,1,0.06387512325159032,0.06569138058691276,pairwise-all_n_qubits10_lam1.5_s1,pool-accuracy-l12-s123-2026-07-25,958978c2cffab966acb8c5b9fb6ef88bb567f9ecb863ccfe8f9202d5e45d7791,12
pairwise-all,10,1.5,2,0.06440036501114589,0.06599097872008365,pairwise-all_n_qubits10_lam1.5_s2,pool-accuracy-l12-s123-2026-07-25,682502082b0be40c87dd176ff07930e65f4d5b24a93dcf3070efe891a22cb93e,12
pairwise-all,10,1.5,3,0.06327003887537491,0.06557266715530495,pairwise-all_n_qubits10_lam1.5_s3,pool-accuracy-l12-s123-2026-07-25,c688c792183d8d57b8d067c3b5f34a05fd52f421549df6c64eaf7d4609e65342,12
pairwise-all,10,2.0,1,0.15450909175726446,0.15730815140730875,pairwise-all_n_qubits10_lam2.0_s1,lmg-qpt-sweep-n10-16,33fb3bbac55d644603e4ee2ab9e63fde1eac1a5eb51cfda2315bce03029131c4,12
pairwise-all,10,2.0,2,0.15347888549115846,0.15601620159843127,pairwise-all_n_qubits10_lam2.0_s2,lmg-qpt-sweep-n10-16,153d1056f35ef2b29e5593c7042e2b7f36134b957f18327bcc9f8b0feb521fd2,12
pairwise-all,10,2.0,3,0.15535080021137151,0.15797795286784633,pairwise-all_n_qubits10_lam2.0_s3,lmg-qpt-sweep-n10-16,1e64d1684f149b979b60fbb33c19f48fa0dabb6c27d68a5937c6aeffe23df61c,12
pairwise-all,12,1.0,1,0.01690402639242996,0.01876790365399144,pairwise-all_n_qubits12_lam1.0_s1,lmg-t1-scaling-n12-16,9c21e85e59602abf705f32f9b427470975ce79a87cb2bf8ff6341606f48b573a,12
pairwise-all,12,1.0,2,0.01704615392527131,0.017503995905565943,pairwise-all_n_qubits12_lam1.0_s2,lmg-t1-scaling-n12-16,75cdaf7d2eca4c0ce4201e124b3f4f041647d242d86d84a04d99954b3a48e53d,12
pairwise-all,12,1.0,3,0.01676255302624963,0.018757076777965925,pairwise-all_n_qubits12_lam1.0_s3,pairwise-l12-uniform,f9d4d21d6cbe82519024824fa2f3b36956a2a78a62db52968df1129e8fbee21c,12
pairwise-all,12,1.5,1,0.06360668957265384,0.06522715785785957,pairwise-all_n_qubits12_lam1.5_s1,lmg-t1-scaling-n12-16,c23663cb4aec96ccb32730fc0a6fefcc5e0617f9e7223888d21528d7f197f798,12
pairwise-all,12,1.5,2,0.06360668957255615,0.06532015900616402,pairwise-all_n_qubits12_lam1.5_s2,lmg-t1-scaling-n12-16,0016fdd83a1b5a79a62ad07ec1fec8cabeec3c45a28f02c9043389fa86fd21fc,12
pairwise-all,12,1.5,3,0.06330227013145318,0.06604915576615768,pairwise-all_n_qubits12_lam1.5_s3,pairwise-l12-uniform,c7ba3a70558e9efcbc280c7049a61e2de85d54af12b8520b9e884159685ee8da,12
pairwise-all,12,2.0,1,0.1611482063458705,0.16279235565989153,pairwise-all_n_qubits12_lam2.0_s1,lmg-t1-scaling-n12-16,b924f5698f298923eb010a404040a56d6eb7353127ae958cabe869235cbf5108,12
pairwise-all,12,2.0,2,0.16067073414848737,0.16284299194173818,pairwise-all_n_qubits12_lam2.0_s2,lmg-t1-scaling-n12-16,13710663826d22e18728f6afaad435e7386214d445b3e4eadf60e95fb1e21306,12
pairwise-all,12,2.0,3,0.16114820634625387,0.16444293137577762,pairwise-all_n_qubits12_lam2.0_s3,pairwise-l12-uniform,971df414bf347fcf3650f49c99dca1a9db4646a508e042ee3f555f799a4c086f,12
pairwise-all,14,1.0,1,0.01537201153663548,0.017828586361760376,pairwise-all_n_qubits14_lam1.0_s1,lmg-t1-scaling-n12-16,f868b07f6958cc5c1478520e38a2af7982f7020584694fb13679af3fd628c182,12
pairwise-all,14,1.0,2,0.015372011537071913,0.01618028003983958,pairwise-all_n_qubits14_lam1.0_s2,lmg-t1-scaling-n12-16,eca4586b67a0964b251aba4ca3ce07e3e0d2f247399ea6fee16043b8a69346e9,12
pairwise-all,14,1.0,3,0.015461673974655553,0.018075242291329154,pairwise-all_n_qubits14_lam1.0_s3,table1-seedfill-v1,c0aad462694b0f70688d472928412b89c9516ee3485bb89db72586e340ddf59e,12
pairwise-all,14,1.5,1,0.06330971580157121,0.06344327064917545,pairwise-all_n_qubits14_lam1.5_s1,lmg-t1-scaling-n12-16,a471c0fc45ee3b37f5fb1dc7d41020051affbd2a7c8a30c5a48be02950e40c07,12
pairwise-all,14,1.5,2,0.06350155361716013,0.06350155361716096,pairwise-all_n_qubits14_lam1.5_s2,lmg-t1-scaling-n12-16,cca7bcf5c9cd5694d44356f125724c4880bc143ac37f75165998764a6ac6b856,12
pairwise-all,14,1.5,3,0.06311787798624538,0.06562614531404826,pairwise-all_n_qubits14_lam1.5_s3,table1-seedfill-v1,bac2a0db56b40c0a83d55e395197d6899e5023e7dcc0a4ef2936fe6a4d6100d3,12
pairwise-all,14,2.0,1,0.16666278663411818,0.16786793659488627,pairwise-all_n_qubits14_lam2.0_s1,lmg-t1-scaling-n12-16,b811ff72cdbe8b184d4744c4b895131855e7bb368b0b028bd638b65063953259,12
pairwise-all,14,2.0,2,0.1663595890480166,0.16701874756576543,pairwise-all_n_qubits14_lam2.0_s2,lmg-t1-scaling-n12-16,b8af0b53323c4c98496015b9d46fdf1c5191cbe4f5093a01ee59a5f249ad3955,12
pairwise-all,14,2.0,3,0.16666278663341993,0.16734230838433348,pairwise-all_n_qubits14_lam2.0_s3,table1-seedfill-v1,7b9395ac053188b32a670e2753cf369858a1877765d724254a306b6122433e25,12
pairwise-all,16,1.0,1,0.014029924500601554,0.016192553172099656,pairwise-all_n_qubits16_lam1.0_s1,lmg-t1-scaling-n12-16,117a6a5bff7a040fe49f0cf00409713db07c5d33474144190d927fd7fe52f74f,12
pairwise-all,16,1.0,2,0.014214063281630888,0.014214063281631106,pairwise-all_n_qubits16_lam1.0_s2,lmg-t1-scaling-n12-16,b050d146cd0e7f9df307e906dad1a135c6050deb8260d409f255273cd5019788,12
pairwise-all,16,1.0,3,0.014093874563421756,0.015488951225573764,pairwise-all_n_qubits16_lam1.0_s3,pairwise-l12-uniform,88926f03987060e5e698970252030e2eaa036e1edb1e98a7bf9f65d6c497fc74,12
pairwise-all,16,1.5,1,0.063396644724725,0.06628539772378289,pairwise-all_n_qubits16_lam1.5_s1,lmg-t1-scaling-n12-16,7b872bfb52cbfd6b996730324c0d5ac2d084e9d1f420ab8afd89bd66af9b01c4,12
pairwise-all,16,1.5,2,0.06339664472502422,0.06475745145076645,pairwise-all_n_qubits16_lam1.5_s2,lmg-t1-scaling-n12-16,660534a7cca8e762701fbf88ba23ecff17104b79da91b1585db41f090deb1b54,12
pairwise-all,16,1.5,3,0.06326867089772525,0.06581865740757306,pairwise-all_n_qubits16_lam1.5_s3,pairwise-l12-uniform,8bbe021501bdb8ce9fb0a6fc01cac298cc1a148e9f11158aa3136e4d6f169ecf,12
pairwise-all,16,2.0,1,0.1702348931105724,0.17218947038750695,pairwise-all_n_qubits16_lam2.0_s1,lmg-t1-scaling-n12-16,e22f6ffb4fb71c39a31361720fd400f974559a67c72f0d7b1447a76a2cf11a20,12
pairwise-all,16,2.0,2,0.1704624735279283,0.17254164554157397,pairwise-all_n_qubits16_lam2.0_s2,lmg-t1-scaling-n12-16,cbf2a3d8fb6b19626b84fc51b0805eb10183b25e3041bec53c74372b146ffbe0,12
pairwise-all,16,2.0,3,0.17043534479496125,0.17223136231706096,pairwise-all_n_qubits16_lam2.0_s3,pairwise-l12-uniform,7e432661e0d1de2ace3ba090a4a6680f0574a1095de1a59194c4aa0ffb86cb6a,12
pairwise-ext-mf,8,0.5,1,0.004210238895692129,0.011545937746517309,pairwise-ext-mf_n_qubits8_lam0.5_s1,pool-accuracy-l12-s123-2026-07-25,c2a0548dee1a073bce356aabeb6e743881146a48c919403691c42ff45f613862,12
pairwise-ext-mf,8,0.5,2,0.0040887121907621435,0.010733940062918555,pairwise-ext-mf_n_qubits8_lam0.5_s2,pool-accuracy-l12-s123-2026-07-25,9afb71a291d3043d8278ae7cc4af9a77de38200cde577f01903977509008a274,12
pairwise-ext-mf,8,0.5,3,0.003967185487531276,0.011028070585295495,pairwise-ext-mf_n_qubits8_lam0.5_s3,pool-accuracy-l12-s123-2026-07-25,ab087b8d91b54ee76e08595603fa1e8bc64fd65beac3916ee6815d1838e218b6,12
pairwise-ext-mf,8,1.0,1,0.020343241760403825,0.028545822843579545,pairwise-ext-mf_n_qubits8_lam1.0_s1,lmg-qpt-sweep-n10-16,6f37e30a1345edc40db21cdf22e3e07c6c7ddd977cdbfaa538b20087849236f9,12
pairwise-ext-mf,8,1.0,2,0.02084822921616254,0.031431430407441285,pairwise-ext-mf_n_qubits8_lam1.0_s2,lmg-qpt-sweep-n10-16,14f814a10967d0e37e12feb4c7542d8d0e065d290bed68849c6ab9d6078de2e4,12
pairwise-ext-mf,8,1.0,3,0.01996483784852556,0.03163309516478693,pairwise-ext-mf_n_qubits8_lam1.0_s3,lmg-qpt-sweep-n10-16,dc1c4902601499728ab7ee1a1035539352cdb1b8f1735d924dee0f6e503db2c1,12
pairwise-ext-mf,8,1.5,1,0.03654360942238276,0.07104606240497874,pairwise-ext-mf_n_qubits8_lam1.5_s1,pairwise-l12-uniform,03939edcae4929c19f59fe5a93b2e415f950cfffdcd26776d34c6b60c432e740,12
pairwise-ext-mf,8,1.5,2,0.03621376568494202,0.06806215425916703,pairwise-ext-mf_n_qubits8_lam1.5_s2,pairwise-l12-uniform,43da3909d9c8dd6bb4affd49b1e0c3275f6acb8615e3b1c316745310d59d3bea,12
pairwise-ext-mf,8,1.5,3,0.0365634078744304,0.05180030960075006,pairwise-ext-mf_n_qubits8_lam1.5_s3,pairwise-l12-uniform,1bfc131caf80b446f78760b2fdf588aa7c214ef948941f978f157c837b3e4f8c,12
pairwise-ext-mf,8,2.0,1,0.015831180385304167,0.05349388013805099,pairwise-ext-mf_n_qubits8_lam2.0_s1,lmg-qpt-sweep-n10-16,e657da20d24cfa252b660e3bfb45fb9324ff3a5030fdcd32ff847cd9145b529c,12
pairwise-ext-mf,8,2.0,2,0.014354723701465868,0.05397515494016894,pairwise-ext-mf_n_qubits8_lam2.0_s2,lmg-qpt-sweep-n10-16,c82dc4742aea10084bdef7f568ee685f5ee1e6d12d1cbb37b803e6b872b82c50,12
pairwise-ext-mf,8,2.0,3,0.01596354107024465,0.06125694313950964,pairwise-ext-mf_n_qubits8_lam2.0_s3,lmg-qpt-sweep-n10-16,d397882d635f7138f3ef6095b26d59c38ddd213b45bd24015748e7f9fc9c160f,12
pairwise-ext-mf,10,0.5,1,0.003345743853554007,0.013489253351107924,pairwise-ext-mf_n_qubits10_lam0.5_s1,pool-accuracy-l12-s123-2026-07-25,37902e7199063ab04285c673b0756d755631cf93a859745b5583761aaf1eb068,12
pairwise-ext-mf,10,0.5,2,0.003407883088082232,0.007133633396465146,pairwise-ext-mf_n_qubits10_lam0.5_s2,pool-accuracy-l12-s123-2026-07-25,2b06e6a62be4b101c90ce8b72af40ce833bd40c46640fec0abb3daa77ec6aae9,12
pairwise-ext-mf,10,0.5,3,0.0034078838314393184,0.010027985161336373,pairwise-ext-mf_n_qubits10_lam0.5_s3,pool-accuracy-l12-s123-2026-07-25,20937dd11caac4531f5f33cec854b9ba8e665232cbf784ffa612ac61dbbc5cc6,12
pairwise-ext-mf,10,1.0,1,0.018219696266252337,0.02579706033879799,pairwise-ext-mf_n_qubits10_lam1.0_s1,lmg-qpt-sweep-n10-16,deb78d72f3b9d37800034f924e78287b1af5855f76b531db765ce30da687bc13,12
pairwise-ext-mf,10,1.0,2,0.018748402884158875,0.020835347995648044,pairwise-ext-mf_n_qubits10_lam1.0_s2,lmg-qpt-sweep-n10-16,6988bdd39999f7e1942e2ff8ec7e1490dc4bd38b7c4832b41c3556d9de276aa0,12
pairwise-ext-mf,10,1.0,3,0.01850351588709881,0.029511206146123087,pairwise-ext-mf_n_qubits10_lam1.0_s3,lmg-qpt-sweep-n10-16,973fb01044938184c607828630b70abfb7174d94513b1179248b8a4c9947c8d1,12
pairwise-ext-mf,10,1.5,1,0.025725026825549613,0.05629172510279825,pairwise-ext-mf_n_qubits10_lam1.5_s1,pool-accuracy-l12-s123-2026-07-25,024c11b308f4a5a459f05f8c1c0de319d52d9311bbabc4bf3f2fabd46784176a,12
pairwise-ext-mf,10,1.5,2,0.02521261898692824,0.0674811224801106,pairwise-ext-mf_n_qubits10_lam1.5_s2,pool-accuracy-l12-s123-2026-07-25,fb28883edadbb93ebc81b71bb1ec65136f23088c50527655227032fd7a6d9809,12
pairwise-ext-mf,10,1.5,3,0.0251660699285144,0.060309414943713696,pairwise-ext-mf_n_qubits10_lam1.5_s3,pool-accuracy-l12-s123-2026-07-25,e29e9c94aa8b2eaa42d046c26e68cd8962c6439826896e6d323f74666b7a5650,12
pairwise-ext-mf,10,2.0,1,0.0082785262811599,0.027725939480375394,pairwise-ext-mf_n_qubits10_lam2.0_s1,lmg-qpt-sweep-n10-16,1f8a75c080069f23c41175a4f70b71d26f44e53536cf56035fef96806f7a715c,12
pairwise-ext-mf,10,2.0,2,0.00814946529357716,0.03333717722879874,pairwise-ext-mf_n_qubits10_lam2.0_s2,lmg-qpt-sweep-n10-16,6e788be2cc87b500187615107b732bd506c60c2a22deca79d36b79ba1423461b,12
pairwise-ext-mf,10,2.0,3,0.008362959223760895,0.03710767106417782,pairwise-ext-mf_n_qubits10_lam2.0_s3,lmg-qpt-sweep-n10-16,3c34908f6ae4812ab9be378b356a331411ee90170efbe0e90a77004874776156,12
pairwise-ext-mf,12,1.0,1,0.016465659118220597,0.03322901839672075,pairwise-ext-mf_n_qubits12_lam1.0_s1,lmg-extmf-gap-n12-16,96d70782d15b4cdb652907016c974ebf7086d0f3a2327b2f4302a6a80a0dd8f5,12
pairwise-ext-mf,12,1.0,2,0.01674995255072933,0.021227431676862727,pairwise-ext-mf_n_qubits12_lam1.0_s2,lmg-extmf-gap-n12-16,1873450b846c4542a1f09826cde887507aef506a30b7631e2f2be09f61afbfb6,12
pairwise-ext-mf,12,1.0,3,0.01718828145998433,0.01930163491674094,pairwise-ext-mf_n_qubits12_lam1.0_s3,lmg-extmf-gap-n12-16,81557532ccc5238164f6c7e6331516065008f2504ccb57527ecae3c57104b330,12
pairwise-ext-mf,12,1.5,1,0.018272709313148557,0.03983571431718134,pairwise-ext-mf_n_qubits12_lam1.5_s1,lmg-extmf-gap-n12-16,7e70a16763bac206e444c7cd19b5566158cfeb5cf51ee2e426837ccbdbeafe4c,12
pairwise-ext-mf,12,1.5,2,0.01827252323947968,0.043823893042845743,pairwise-ext-mf_n_qubits12_lam1.5_s2,lmg-extmf-gap-n12-16,c44d903e5b2f592b6c80a150deaf443f844131e25a051c6f7323c9191b9fe57b,12
pairwise-ext-mf,12,1.5,3,0.017924277802889254,0.055634424031554885,pairwise-ext-mf_n_qubits12_lam1.5_s3,lmg-extmf-gap-n12-16,391297099df5c2ae954d894726bce05295e5ac575cc193a8ed151eab008a65f2,12
pairwise-ext-mf,12,2.0,1,0.004783560323752859,0.032357305140649516,pairwise-ext-mf_n_qubits12_lam2.0_s1,lmg-extmf-gap-n12-16,144796fc6f386b28f0638aae980b93311a1264451de60ab6163591cc5205fe9b,12
pairwise-ext-mf,12,2.0,2,0.0048112048958088224,0.04346767204019978,pairwise-ext-mf_n_qubits12_lam2.0_s2,lmg-extmf-gap-n12-16,98748ffaa4811e7046e695b34a1fd0410441a74ca13318c535b059d9695c79c6,12
pairwise-ext-mf,12,2.0,3,0.004839884538936785,0.03861199497685368,pairwise-ext-mf_n_qubits12_lam2.0_s3,lmg-extmf-gap-n12-16,b72735a44ba62985629dfdad18d296a1540dd259d3ff37613023a0493e111fda,12
pairwise-ext-mf,14,1.0,1,0.01537201153725503,0.019529810931334855,pairwise-ext-mf_n_qubits14_lam1.0_s1,lmg-extmf-gap-n12-16,5f7969b396281b32e824cc5ea3b82a3e6ac9644eaa57f5dadf7c16be9bf14b1e,12
pairwise-ext-mf,14,1.0,2,0.015193085010810691,0.01936685049409544,pairwise-ext-mf_n_qubits14_lam1.0_s2,lmg-extmf-gap-n12-16,c2aa9d9947d895f707ea4f8c5cc4937325d55fc5dcc57d53afebd2b6ce27a6c5,12
pairwise-ext-mf,14,1.0,3,0.01527589578429409,0.021346527327596943,pairwise-ext-mf_n_qubits14_lam1.0_s3,lmg-extmf-gap-n12-16,30347179bed1552a02507b8f99779b9e6372601b3ed626370e49a319663dc7de,12
pairwise-ext-mf,14,1.5,1,0.013159804955493511,0.045952776228361525,pairwise-ext-mf_n_qubits14_lam1.5_s1,lmg-extmf-gap-n12-16,ebafa6c9c2d4aef9c257dbc927cce49ae8948dd6e52783a312e9b663e8fff60d,12
pairwise-ext-mf,14,1.5,2,0.013080828265270524,0.04105127667282593,pairwise-ext-mf_n_qubits14_lam1.5_s2,lmg-extmf-gap-n12-16,be20a8664bbfa8a56cd139ee718c2cdfc6710bf14acbd7a1d5e11e57947f3bd3,12
pairwise-ext-mf,14,1.5,3,0.013079606326732008,0.026376883244581303,pairwise-ext-mf_n_qubits14_lam1.5_s3,lmg-extmf-gap-n12-16,8dce75c4cfb8d7244d807750450db9c26fba77351d30635df37f35d19e607401,12
pairwise-ext-mf,14,2.0,1,0.0031024067530967584,0.02617827272951248,pairwise-ext-mf_n_qubits14_lam2.0_s1,lmg-extmf-gap-n12-16,a71e705d9ec8bddba5dfc64effbaf02630cf40ec1f5066acfa502edd815934ff,12
pairwise-ext-mf,14,2.0,2,0.0032982788978517534,0.02732180274559315,pairwise-ext-mf_n_qubits14_lam2.0_s2,lmg-extmf-gap-n12-16,6c4ca8fedc9d4ce603eec57e3d994ed6f867b790379de6f3341f0f944262e6e6,12
pairwise-ext-mf,14,2.0,3,0.0031283380670939424,0.023605885883671584,pairwise-ext-mf_n_qubits14_lam2.0_s3,lmg-extmf-gap-n12-16,1aeac80b1c846ab1084097beec427b7a5468725d52a96c4109532dc10532b1a8,12
pairwise-ext-mf,16,1.0,1,0.014029710066371746,0.017212719405317607,pairwise-ext-mf_n_qubits16_lam1.0_s1,lmg-extmf-gap-n12-16,704aeb3fb31741f1e2d8c9a41a790dc7dd3562efb87cee6f71b5df269b0ac282,12
pairwise-ext-mf,16,1.0,2,0.014093757450368944,0.02168457912550091,pairwise-ext-mf_n_qubits16_lam1.0_s2,lmg-extmf-gap-n12-16,c1f10ae124567c2ba513b9824f5fe9074ee3145f8f175464ee396e91afe82afb,12
pairwise-ext-mf,16,1.0,3,0.014093859973896379,0.015833381049063358,pairwise-ext-mf_n_qubits16_lam1.0_s3,lmg-extmf-gap-n12-16,3ae7aadede49bb2b3af3b68ac151df7b47e61697d1de03e3c3747c5d34a6b1dd,12
pairwise-ext-mf,16,1.5,1,0.009619059293642727,0.03436755716262787,pairwise-ext-mf_n_qubits16_lam1.5_s1,lmg-extmf-gap-n12-16,e134ad8fb3c6b2a2139ba11a3c8857ff705cd92708f23d48218a1e02e61580f4,12
pairwise-ext-mf,16,1.5,2,0.009643838409164414,0.026994904284132572,pairwise-ext-mf_n_qubits16_lam1.5_s2,lmg-extmf-gap-n12-16,3bc679462aad9175867ce19acb8d9141e7af5dd7227f68efa2f0724c3a5a1c31,12
pairwise-ext-mf,16,1.5,3,0.009762861256473417,0.03474605830937194,pairwise-ext-mf_n_qubits16_lam1.5_s3,lmg-extmf-gap-n12-16,0892d07d325e1cf278ef24a0387a84c9bc91fbab99e5ef07ad00ef701ad7da4f,12
pairwise-ext-mf,16,2.0,1,0.002402991555508676,0.036901241231217664,pairwise-ext-mf_n_qubits16_lam2.0_s1,lmg-extmf-gap-n12-16,8e3bd5bb98ac4a7c7a8ee1efb91554a19e163d53317dad5c38d90765955ff647,12
pairwise-ext-mf,16,2.0,2,0.0023394792380235486,0.02937613061819994,pairwise-ext-mf_n_qubits16_lam2.0_s2,lmg-extmf-gap-n12-16,872ab93576c58b8d0a7d51db6dc2dcd307bb56adbd8f78eea3abbef565f72d3b,12
pairwise-ext-mf,16,2.0,3,0.002385932553293636,0.02406671803978307,pairwise-ext-mf_n_qubits16_lam2.0_s3,lmg-extmf-gap-n12-16,47d51d66baa3feb45be8e8a81aedeedf4766f7415dcf2369ad8419c3947c1df7,12
