row,run_id,config,out_dir,hamiltonian.lam,hamiltonian.n_qubits,pool.kind,train.seed
0,collective_n_qubits8_lam1.0_s1,configs/pool-accuracy-collective-main.toml,data/runs/pool-accuracy-l12-s1-10-2026-07-28/collective_n_qubits8_lam1.0_s1,1.0,8,"""collective""",1
1,collective_n_qubits8_lam1.0_s2,configs/pool-accuracy-collective-main.toml,data/runs/pool-accuracy-l12-s1-10-2026-07-28/collective_n_qubits8_lam1.0_s2,1.0,8,"""collective""",2
2,collective_n_qubits8_lam1.0_s3,configs/pool-accuracy-collective-main.toml,data/runs/pool-accuracy-l12-s1-10-2026-07-28/collective_n_qubits8_lam1.0_s3,1.0,8,"""collective""",3
3,collective_n_qubits8_lam1.0_s4,configs/pool-accuracy-collective-main.toml,data/runs/pool-accuracy-l12-s1-10-2026-07-28/collective_n_qubits8_lam1.0_s4,1.0,8,"""collective""",4
4,collective_n_qubits8_lam1.0_s5,configs/pool-accuracy-collective-main.toml,data/runs/pool-accuracy-l12-s1-10-2026-07-28/collective_n_qubits8_lam1.0_s5,1.0,8,"""collective""",5
5,collective_n_qubits8_lam1.0_s6,configs/pool-accuracy-collective-main.toml,data/runs/pool-accuracy-l12-s1-10-2026-07-28/collective_n_qubits8_lam1.0_s6,1.0,8,"""collective""",6
6,collective_n_qubits8_lam1.0_s7,configs/pool-accuracy-collective-main.toml,data/runs/pool-accuracy-l12-s1-10-2026-07-28/collective_n_qubits8_lam1.0_s7,1.0,8,"""collective""",7
7,collective_n_qubits8_lam1.0_s8,configs/pool-accuracy-collective-main.toml,data/runs/pool-accuracy-l12-s1-10-2026-07-28/collective_n_qubits8_lam1.0_s8,1.0,8,"""collective""",8
8,collective_n_qubits8_lam1.0_s9,configs/pool-accuracy-collective-main.toml,data/runs/pool-accuracy-l12-s1-10-2026-07-28/collective_n_qubits8_lam1.0_s9,1.0,8,"""collective""",9
9,collective_n_qubits8_lam1.0_s10,configs/pool-accuracy-collective-main.toml,data/runs/pool-accuracy-l12-s1-10-2026-07-28/collective_n_qubits8_lam1.0_s10,1.0,8,"""collective""",10
10,collective_n_qubits8_lam1.5_s1,configs/pool-accuracy-collective-main.toml,data/runs/pool-accuracy-l12-s1-10-2026-07-28/collective_n_qubits8_lam1.5_s1,1.5,8,"""collective""",1
11,collective_n_qubits8_lam1.5_s2,configs/pool-accuracy-collective-main.toml,data/runs/pool-accuracy-l12-s1-10-2026-07-28/collective_n_qubits8_lam1.5_s2,1.5,8,"""collective""",2
12,collective_n_qubits8_lam1.5_s3,configs/pool-accuracy-collective-main.toml,data/runs/pool-accuracy-l12-s1-10-2026-07-28/collective_n_qubits8_lam1.5_s3,1.5,8,"""collective""",3
13,collective_n_qubits8_lam1.5_s4,configs/pool-accuracy-collective-main.toml,data/runs/pool-accuracy-l12-s1-10-2026-07-28/collective_n_qubits8_lam1.5_s4,1.5,8,"""collective""",4
14,collective_n_qubits8_lam1.5_s5,configs/pool-accuracy-collective-main.toml,data/runs/pool-accuracy-l12-s1-10-2026-07-28/collective_n_qubits8_lam1.5_s5,1.5,8,"""collective""",5
15,collective_n_qubits8_lam1.5_s6,configs/pool-accuracy-collective-main.toml,data/runs/pool-accuracy-l12-s1-10-2026-07-28/collective_n_qubits8_lam1.5_s6,1.5,8,"""collective""",6
16,collective_n_qubits8_lam1.5_s7,configs/pool-accuracy-collective-main.toml,data/runs/pool-accuracy-l12-s1-10-2026-07-28/collective_n_qubits8_lam1.5_s7,1.5,8,"""collective""",7
17,collective_n_qubits8_lam1.5_s8,configs/pool-accuracy-collective-main.toml,data/runs/pool-accuracy-l12-s1-10-2026-07-28/collective_n_qubits8_lam1.5_s8,1.5,8,"""collective""",8
18,collective_n_qubits8_lam1.5_s9,configs/pool-accuracy-collective-main.toml,data/runs/pool-accuracy-l12-s1-10-2026-07-28/collective_n_qubits8_lam1.5_s9,1.5,8,"""collective""",9
19,collective_n_qubits8_lam1.5_s10,configs/pool-accuracy-collective-main.toml,data/runs/pool-accuracy-l12-s1-10-2026-07-28/collective_n_qubits8_lam1.5_s10,1.5,8,"""collective""",10
20,collective_n_qubits8_lam2.0_s1,configs/pool-accuracy-collective-main.toml,data/runs/pool-accuracy-l12-s1-10-2026-07-28/collective_n_qubits8_lam2.0_s1,2.0,8,"""collective""",1
21,collective_n_qubits8_lam2.0_s2,configs/pool-accuracy-collective-main.toml,data/runs/pool-accuracy-l12-s1-10-2026-07-28/collective_n_qubits8_lam2.0_s2,2.0,8,"""collective""",2
22,collective_n_qubits8_lam2.0_s3,configs/pool-accuracy-collective-main.toml,data/runs/pool-accuracy-l12-s1-10-2026-07-28/collective_n_qubits8_lam2.0_s3,2.0,8,"""collective""",3
23,collective_n_qubits8_lam2.0_s4,configs/pool-accuracy-collective-main.toml,data/runs/pool-accuracy-l12-s1-10-2026-07-28/collective_n_qubits8_lam2.0_s4,2.0,8,"""collective""",4
24,collective_n_qubits8_lam2.0_s5,configs/pool-accuracy-collective-main.toml,data/runs/pool-accuracy-l12-s1-10-2026-07-28/collective_n_qubits8_lam2.0_s5,2.0,8,"""collective""",5
25,collective_n_qubits8_lam2.0_s6,configs/pool-accuracy-collective-main.toml,data/runs/pool-accuracy-l12-s1-10-2026-07-28/collective_n_qubits8_lam2.0_s6,2.0,8,"""collective""",6
26,collective_n_qubits8_lam2.0_s7,configs/pool-accuracy-collective-main.toml,data/runs/pool-accuracy-l12-s1-10-2026-07-28/collective_n_qubits8_lam2.0_s7,2.0,8,"""collective""",7
27,collective_n_qubits8_lam2.0_s8,configs/pool-accuracy-collective-main.toml,data/runs/pool-accuracy-l12-s1-10-2026-07-28/collective_n_qubits8_lam2.0_s8,2.0,8,"""collective""",8
28,collective_n_qubits8_lam2.0_s9,configs/pool-accuracy-collective-main.toml,data/runs/pool-accuracy-l12-s1-10-2026-07-28/collective_n_qubits8_lam2.0_s9,2.0,8,"""collective""",9
29,collective_n_qubits8_lam2.0_s10,configs/pool-accuracy-collective-main.toml,data/runs/pool-accuracy-l12-s1-10-2026-07-28/collective_n_qubits8_lam2.0_s10,2.0,8,"""collective""",10
30,collective_n_qubits10_lam1.0_s1,configs/pool-accuracy-collective-main.toml,data/runs/pool-accuracy-l12-s1-10-2026-07-28/collective_n_qubits10_lam1.0_s1,1.0,10,"""collective""",1
31,collective_n_qubits10_lam1.0_s2,configs/pool-accuracy-collective-main.toml,data/runs/pool-accuracy-l12-s1-10-2026-07-28/collective_n_qubits10_lam1.0_s2,1.0,10,"""collective""",2
32,collective_n_qubits10_lam1.0_s3,configs/pool-accuracy-collective-main.toml,data/runs/pool-accuracy-l12-s1-10-2026-07-28/collective_n_qubits10_lam1.0_s3,1.0,10,"""collective""",3
33,collective_n_qubits10_lam1.0_s4,configs/pool-accuracy-collective-main.toml,data/runs/pool-accuracy-l12-s1-10-2026-07-28/collective_n_qubits10_lam1.0_s4,1.0,10,"""collective""",4
34,collective_n_qubits10_lam1.0_s5,configs/pool-accuracy-collective-main.toml,data/runs/pool-accuracy-l12-s1-10-2026-07-28/collective_n_qubits10_lam1.0_s5,1.0,10,"""collective""",5
35,collective_n_qubits10_lam1.0_s6,configs/pool-accuracy-collective-main.toml,data/runs/pool-accuracy-l12-s1-10-2026-07-28/collective_n_qubits10_lam1.0_s6,1.0,10,"""collective""",6
36,collective_n_qubits10_lam1.0_s7,configs/pool-accuracy-collective-main.toml,data/runs/pool-accuracy-l12-s1-10-2026-07-28/collective_n_qubits10_lam1.0_s7,1.0,10,"""collective""",7
37,collective_n_qubits10_lam1.0_s8,configs/pool-accuracy-collective-main.toml,data/runs/pool-accuracy-l12-s1-10-2026-07-28/collective_n_qubits10_lam1.0_s8,1.0,10,"""collective""",8
38,collective_n_qubits10_lam1.0_s9,configs/pool-accuracy-collective-main.toml,data/runs/pool-accuracy-l12-s1-10-2026-07-28/collective_n_qubits10_lam1.0_s9,1.0,10,"""collective""",9
39,collective_n_qubits10_lam1.0_s10,configs/pool-accuracy-collective-main.toml,data/runs/pool-accuracy-l12-s1-10-2026-07-28/collective_n_qubits10_lam1.0_s10,1.0,10,"""collective""",10
40,collective_n_qubits10_lam1.5_s1,configs/pool-accuracy-collective-main.toml,data/runs/pool-accuracy-l12-s1-10-2026-07-28/collective_n_qubits10_lam1.5_s1,1.5,10,"""collective""",1
41,collective_n_qubits10_lam1.5_s2,configs/pool-accuracy-collective-main.toml,data/runs/pool-accuracy-l12-s1-10-2026-07-28/collective_n_qubits10_lam1.5_s2,1.5,10,"""collective""",2
42,collective_n_qubits10_lam1.5_s3,configs/pool-accuracy-collective-main.toml,data/runs/pool-accuracy-l12-s1-10-2026-07-28/collective_n_qubits10_lam1.5_s3,1.5,10,"""collective""",3
43,collective_n_qubits10_lam1.5_s4,configs/pool-accuracy-collective-main.toml,data/runs/pool-accuracy-l12-s1-10-2026-07-28/collective_n_qubits10_lam1.5_s4,1.5,10,"""collective""",4
44,collective_n_qubits10_lam1.5_s5,configs/pool-accuracy-collective-main.toml,data/runs/pool-accuracy-l12-s1-10-2026-07-28/collective_n_qubits10_lam1.5_s5,1.5,10,"""collective""",5
45,collective_n_qubits10_lam1.5_s6,configs/pool-accuracy-collective-main.toml,data/runs/pool-accuracy-l12-s1-10-2026-07-28/collective_n_qubits10_lam1.5_s6,1.5,10,"""collective""",6
46,collective_n_qubits10_lam1.5_s7,configs/pool-accuracy-collective-main.toml,data/runs/pool-accuracy-l12-s1-10-2026-07-28/collective_n_qubits10_lam1.5_s7,1.5,10,"""collective""",7
47,collective_n_qubits10_lam1.5_s8,configs/pool-accuracy-collective-main.toml,data/runs/pool-accuracy-l12-s1-10-2026-07-28/collective_n_qubits10_lam1.5_s8,1.5,10,"""collective""",8
48,collective_n_qubits10_lam1.5_s9,configs/pool-accuracy-collective-main.toml,data/runs/pool-accuracy-l12-s1-10-2026-07-28/collective_n_qubits10_lam1.5_s9,1.5,10,"""collective""",9
49,collective_n_qubits10_lam1.5_s10,configs/pool-accuracy-collective-main.toml,data/runs/pool-accuracy-l12-s1-10-2026-07-28/collective_n_qubits10_lam1.5_s10,1.5,10,"""collective""",10
50,collective_n_qubits10_lam2.0_s1,configs/pool-accuracy-collective-main.toml,data/runs/pool-accuracy-l12-s1-10-2026-07-28/collective_n_qubits10_lam2.0_s1,2.0,10,"""collective""",1
51,collective_n_qubits10_lam2.0_s2,configs/pool-accuracy-collective-main.toml,data/runs/pool-accuracy-l12-s1-10-2026-07-28/collective_n_qubits10_lam2.0_s2,2.0,10,"""collective""",2
52,collective_n_qubits10_lam2.0_s3,configs/pool-accuracy-collective-main.toml,data/runs/pool-accuracy-l12-s1-10-2026-07-28/collective_n_qubits10_lam2.0_s3,2.0,10,"""collective""",3
53,collective_n_qubits10_lam2.0_s4,configs/pool-accuracy-collective-main.toml,data/runs/pool-accuracy-l12-s1-10-2026-07-28/collective_n_qubits10_lam2.0_s4,2.0,10,"""collective""",4
54,collective_n_qubits10_lam2.0_s5,configs/pool-accuracy-collective-main.toml,data/runs/pool-accuracy-l12-s1-10-2026-07-28/collective_n_qubits10_lam2.0_s5,2.0,10,"""collective""",5
55,collective_n_qubits10_lam2.0_s6,configs/pool-accuracy-collective-main.toml,data/runs/pool-accuracy-l12-s1-10-2026-07-28/collective_n_qubits10_lam2.0_s6,2.0,10,"""collective""",6
56,collective_n_qubits10_lam2.0_s7,configs/pool-accuracy-collective-main.toml,data/runs/pool-accuracy-l12-s1-10-2026-07-28/collective_n_qubits10_lam2.0_s7,2.0,10,"""collective""",7
57,collective_n_qubits10_lam2.0_s8,configs/pool-accuracy-collective-main.toml,data/runs/pool-accuracy-l12-s1-10-2026-07-28/collective_n_qubits10_lam2.0_s8,2.0,10,"""collective""",8
58,collective_n_qubits10_lam2.0_s9,configs/pool-accuracy-collective-main.toml,data/runs/pool-accuracy-l12-s1-10-2026-07-28/collective_n_qubits10_lam2.0_s9,2.0,10,"""collective""",9
59,collective_n_qubits10_lam2.0_s10,configs/pool-accuracy-collective-main.toml,data/runs/pool-accuracy-l12-s1-10-2026-07-28/collective_n_qubits10_lam2.0_s10,2.0,10,"""collective""",10
60,collective_n_qubits12_lam1.0_s1,configs/pool-accuracy-collective-main.toml,data/runs/pool-accuracy-l12-s1-10-2026-07-28/collective_n_qubits12_lam1.0_s1,1.0,12,"""collective""",1
61,collective_n_qubits12_lam1.0_s2,configs/pool-accuracy-collective-main.toml,data/runs/pool-accuracy-l12-s1-10-2026-07-28/collective_n_qubits12_lam1.0_s2,1.0,12,"""collective""",2
62,collective_n_qubits12_lam1.0_s3,configs/pool-accuracy-collective-main.toml,data/runs/pool-accuracy-l12-s1-10-2026-07-28/collective_n_qubits12_lam1.0_s3,1.0,12,"""collective""",3
63,collective_n_qubits12_lam1.0_s4,configs/pool-accuracy-collective-main.toml,data/runs/pool-accuracy-l12-s1-10-2026-07-28/collective_n_qubits12_lam1.0_s4,1.0,12,"""collective""",4
64,collective_n_qubits12_lam1.0_s5,configs/pool-accuracy-collective-main.toml,data/runs/pool-accuracy-l12-s1-10-2026-07-28/collective_n_qubits12_lam1.0_s5,1.0,12,"""collective""",5
65,collective_n_qubits12_lam1.0_s6,configs/pool-accuracy-collective-main.toml,data/runs/pool-accuracy-l12-s1-10-2026-07-28/collective_n_qubits12_lam1.0_s6,1.0,12,"""collective""",6
66,collective_n_qubits12_lam1.0_s7,configs/pool-accuracy-collective-main.toml,data/runs/pool-accuracy-l12-s1-10-2026-07-28/collective_n_qubits12_lam1.0_s7,1.0,12,"""collective""",7
67,collective_n_qubits12_lam1.0_s8,configs/pool-accuracy-collective-main.toml,data/runs/pool-accuracy-l12-s1-10-2026-07-28/collective_n_qubits12_lam1.0_s8,1.0,12,"""collective""",8
68,collective_n_qubits12_lam1.0_s9,configs/pool-accuracy-collective-main.toml,data/runs/pool-accuracy-l12-s1-10-2026-07-28/collective_n_qubits12_lam1.0_s9,1.0,12,"""collective""",9
69,collective_n_qubits12_lam1.0_s10,configs/pool-accuracy-collective-main.toml,data/runs/pool-accuracy-l12-s1-10-2026-07-28/collective_n_qubits12_lam1.0_s10,1.0,12,"""collective""",10
70,collective_n_qubits12_lam1.5_s1,configs/pool-accuracy-collective-main.toml,data/runs/pool-accuracy-l12-s1-10-2026-07-28/collective_n_qubits12_lam1.5_s1,1.5,12,"""collective""",1
71,collective_n_qubits12_lam1.5_s2,configs/pool-accuracy-collective-main.toml,data/runs/pool-accuracy-l12-s1-10-2026-07-28/collective_n_qubits12_lam1.5_s2,1.5,12,"""collective""",2
72,collective_n_qubits12_lam1.5_s3,configs/pool-accuracy-collective-main.toml,data/runs/pool-accuracy-l12-s1-10-2026-07-28/collective_n_qubits12_lam1.5_s3,1.5,12,"""collective""",3
73,collective_n_qubits12_lam1.5_s4,configs/pool-accuracy-collective-main.toml,data/runs/pool-accuracy-l12-s1-10-2026-07-28/collective_n_qubits12_lam1.5_s4,1.5,12,"""collective""",4
74,collective_n_qubits12_lam1.5_s5,configs/pool-accuracy-collective-main.toml,data/runs/pool-accuracy-l12-s1-10-2026-07-28/collective_n_qubits12_lam1.5_s5,1.5,12,"""collective""",5
75,collective_n_qubits12_lam1.5_s6,configs/pool-accuracy-collective-main.toml,data/runs/pool-accuracy-l12-s1-10-2026-07-28/collective_n_qubits12_lam1.5_s6,1.5,12,"""collective""",6
76,collective_n_qubits12_lam1.5_s7,configs/pool-accuracy-collective-main.toml,data/runs/pool-accuracy-l12-s1-10-2026-07-28/collective_n_qubits12_lam1.5_s7,1.5,12,"""collective""",7
77,collective_n_qubits12_lam1.5_s8,configs/pool-accuracy-collective-main.toml,data/runs/pool-accuracy-l12-s1-10-2026-07-28/collective_n_qubits12_lam1.5_s8,1.5,12,"""collective""",8
78,collective_n_qubits12_lam1.5_s9,configs/pool-accuracy-collective-main.toml,data/runs/pool-accuracy-l12-s1-10-2026-07-28/collective_n_qubits12_lam1.5_s9,1.5,12,"""collective""",9
79,collective_n_qubits12_lam1.5_s10,configs/pool-accuracy-collective-main.toml,data/runs/pool-accuracy-l12-s1-10-2026-07-28/collective_n_qubits12_lam1.5_s10,1.5,12,"""collective""",10
80,collective_n_qubits12_lam2.0_s1,configs/pool-accuracy-collective-main.toml,data/runs/pool-accuracy-l12-s1-10-2026-07-28/collective_n_qubits12_lam2.0_s1,2.0,12,"""collective""",1
81,collective_n_qubits12_lam2.0_s2,configs/pool-accuracy-collective-main.toml,data/runs/pool-accuracy-l12-s1-10-2026-07-28/collective_n_qubits12_lam2.0_s2,2.0,12,"""collective""",2
82,collective_n_qubits12_lam2.0_s3,configs/pool-accuracy-collective-main.toml,data/runs/pool-accuracy-l12-s1-10-2026-07-28/collective_n_qubits12_lam2.0_s3,2.0,12,"""collective""",3
83,collective_n_qubits12_lam2.0_s4,configs/pool-accuracy-collective-main.toml,data/runs/pool-accuracy-l12-s1-10-2026-07-28/collective_n_qubits12_lam2.0_s4,2.0,12,"""collective""",4
84,collective_n_qubits12_lam2.0_s5,configs/pool-accuracy-collective-main.toml,data/runs/pool-accuracy-l12-s1-10-2026-07-28/collective_n_qubits12_lam2.0_s5,2.0,12,"""collective""",5
85,collective_n_qubits12_lam2.0_s6,configs/pool-accuracy-collective-main.toml,data/runs/pool-accuracy-l12-s1-10-2026-07-28/collective_n_qubits12_lam2.0_s6,2.0,12,"""collective""",6
86,collective_n_qubits12_lam2.0_s7,configs/pool-accuracy-collective-main.toml,data/runs/pool-accuracy-l12-s1-10-2026-07-28/collective_n_qubits12_lam2.0_s7,2.0,12,"""collective""",7
87,collective_n_qubits12_lam2.0_s8,configs/pool-accuracy-collective-main.toml,data/runs/pool-accuracy-l12-s1-10-2026-07-28/collective_n_qubits12_lam2.0_s8,2.0,12,"""collective""",8
88,collective_n_qubits12_lam2.0_s9,configs/pool-accuracy-collective-main.toml,data/runs/pool-accuracy-l12-s1-10-2026-07-28/collective_n_qubits12_lam2.0_s9,2.0,12,"""collective""",9
89,collective_n_qubits12_lam2.0_s10,configs/pool-accuracy-collective-main.toml,data/runs/pool-accuracy-l12-s1-10-2026-07-28/collective_n_qubits12_lam2.0_s10,2.0,12,"""collective""",10
90,collective_n_qubits14_lam1.0_s1,configs/pool-accuracy-collective-main.toml,data/runs/pool-accuracy-l12-s1-10-2026-07-28/collective_n_qubits14_lam1.0_s1,1.0,14,"""collective""",1
91,collective_n_qubits14_lam1.0_s2,configs/pool-accuracy-collective-main.toml,data/runs/pool-accuracy-l12-s1-10-2026-07-28/collective_n_qubits14_lam1.0_s2,1.0,14,"""collective""",2
92,collective_n_qubits14_lam1.0_s3,configs/pool-accuracy-collective-main.toml,data/runs/pool-accuracy-l12-s1-10-2026-07-28/collective_n_qubits14_lam1.0_s3,1.0,14,"""collective""",3
93,collective_n_qubits14_lam1.0_s4,configs/pool-accuracy-collective-main.toml,data/runs/pool-accuracy-l12-s1-10-2026-07-28/collective_n_qubits14_lam1.0_s4,1.0,14,"""collective""",4
94,collective_n_qubits14_lam1.0_s5,configs/pool-accuracy-collective-main.toml,data/runs/pool-accuracy-l12-s1-10-2026-07-28/collective_n_qubits14_lam1.0_s5,1.0,14,"""collective""",5
95,collective_n_qubits14_lam1.0_s6,configs/pool-accuracy-collective-main.toml,data/runs/pool-accuracy-l12-s1-10-2026-07-28/collective_n_qubits14_lam1.0_s6,1.0,14,"""collective""",6
96,collective_n_qubits14_lam1.0_s7,configs/pool-accuracy-collective-main.toml,data/runs/pool-accuracy-l12-s1-10-2026-07-28/collective_n_qubits14_lam1.0_s7,1.0,14,"""collective""",7
97,collective_n_qubits14_lam1.0_s8,configs/pool-accuracy-collective-main.toml,data/runs/pool-accuracy-l12-s1-10-2026-07-28/collective_n_qubits14_lam1.0_s8,1.0,14,"""collective""",8
98,collective_n_qubits14_lam1.0_s9,configs/pool-accuracy-collective-main.toml,data/runs/pool-accuracy-l12-s1-10-2026-07-28/collective_n_qubits14_lam1.0_s9,1.0,14,"""collective""",9
99,collective_n_qubits14_lam1.0_s10,configs/pool-accuracy-collective-main.toml,data/runs/pool-accuracy-l12-s1-10-2026-07-28/collective_n_qubits14_lam1.0_s10,1.0,14,"""collective""",10
100,collective_n_qubits14_lam1.5_s1,configs/pool-accuracy-collective-main.toml,data/runs/pool-accuracy-l12-s1-10-2026-07-28/collective_n_qubits14_lam1.5_s1,1.5,14,"""collective""",1
101,collective_n_qubits14_lam1.5_s2,configs/pool-accuracy-collective-main.toml,data/runs/pool-accuracy-l12-s1-10-2026-07-28/collective_n_qubits14_lam1.5_s2,1.5,14,"""collective""",2
102,collective_n_qubits14_lam1.5_s3,configs/pool-accuracy-collective-main.toml,data/runs/pool-accuracy-l12-s1-10-2026-07-28/collective_n_qubits14_lam1.5_s3,1.5,14,"""collective""",3
103,collective_n_qubits14_lam1.5_s4,configs/pool-accuracy-collective-main.toml,data/runs/pool-accuracy-l12-s1-10-2026-07-28/collective_n_qubits14_lam1.5_s4,1.5,14,"""collective""",4
104,collective_n_qubits14_lam1.5_s5,configs/pool-accuracy-collective-main.toml,data/runs/pool-accuracy-l12-s1-10-2026-07-28/collective_n_qubits14_lam1.5_s5,1.5,14,"""collective""",5
105,collective_n_qubits14_lam1.5_s6,configs/pool-accuracy-collective-main.toml,data/runs/pool-accuracy-l12-s1-10-2026-07-28/collective_n_qubits14_lam1.5_s6,1.5,14,"""collective""",6
106,collective_n_qubits14_lam1.5_s7,configs/pool-accuracy-collective-main.toml,data/runs/pool-accuracy-l12-s1-10-2026-07-28/collective_n_qubits14_lam1.5_s7,1.5,14,"""collective""",7
107,collective_n_qubits14_lam1.5_s8,configs/pool-accuracy-collective-main.toml,data/runs/pool-accuracy-l12-s1-10-2026-07-28/collective_n_qubits14_lam1.5_s8,1.5,14,"""collective""",8
108,collective_n_qubits14_lam1.5_s9,configs/pool-accuracy-collective-main.toml,data/runs/pool-accuracy-l12-s1-10-2026-07-28/collective_n_qubits14_lam1.5_s9,1.5,14,"""collective""",9
109,collective_n_qubits14_lam1.5_s10,configs/pool-accuracy-collective-main.toml,data/runs/pool-accuracy-l12-s1-10-2026-07-28/collective_n_qubits14_lam1.5_s10,1.5,14,"""collective""",10
110,collective_n_qubits14_lam2.0_s1,configs/pool-accuracy-collective-main.toml,data/runs/pool-accuracy-l12-s1-10-2026-07-28/collective_n_qubits14_lam2.0_s1,2.0,14,"""collective""",1
111,collective_n_qubits14_lam2.0_s2,configs/pool-accuracy-collective-main.toml,data/runs/pool-accuracy-l12-s1-10-2026-07-28/collective_n_qubits14_lam2.0_s2,2.0,14,"""collective""",2
112,collective_n_qubits14_lam2.0_s3,configs/pool-accuracy-collective-main.toml,data/runs/pool-accuracy-l12-s1-10-2026-07-28/collective_n_qubits14_lam2.0_s3,2.0,14,"""collective""",3
113,collective_n_qubits14_lam2.0_s4,configs/pool-accuracy-collective-main.toml,data/runs/pool-accuracy-l12-s1-10-2026-07-28/collective_n_qubits14_lam2.0_s4,2.0,14,"""collective""",4
114,collective_n_qubits14_lam2.0_s5,configs/pool-accuracy-collective-main.toml,data/runs/pool-accuracy-l12-s1-10-2026-07-28/collective_n_qubits14_lam2.0_s5,2.0,14,"""collective""",5
115,collective_n_qubits14_lam2.0_s6,configs/pool-accuracy-collective-main.toml,data/runs/pool-accuracy-l12-s1-10-2026-07-28/collective_n_qubits14_lam2.0_s6,2.0,14,"""collective""",6
116,collective_n_qubits14_lam2.0_s7,configs/pool-accuracy-collective-main.toml,data/runs/pool-accuracy-l12-s1-10-2026-07-28/collective_n_qubits14_lam2.0_s7,2.0,14,"""collective""",7
117,collective_n_qubits14_lam2.0_s8,configs/pool-accuracy-collective-main.toml,data/runs/pool-accuracy-l12-s1-10-2026-07-28/collective_n_qubits14_lam2.0_s8,2.0,14,"""collective""",8
118,collective_n_qubits14_lam2.0_s9,configs/pool-accuracy-collective-main.toml,data/runs/pool-accuracy-l12-s1-10-2026-07-28/collective_n_qubits14_lam2.0_s9,2.0,14,"""collective""",9
119,collective_n_qubits14_lam2.0_s10,configs/pool-accuracy-collective-main.toml,data/runs/pool-accuracy-l12-s1-10-2026-07-28/collective_n_qubits14_lam2.0_s10,2.0,14,"""collective""",10
120,collective_n_qubits16_lam1.0_s1,configs/pool-accuracy-collective-main.toml,data/runs/pool-accuracy-l12-s1-10-2026-07-28/collective_n_qubits16_lam1.0_s1,1.0,16,"""collective""",1
121,collective_n_qubits16_lam1.0_s2,configs/pool-accuracy-collective-main.toml,data/runs/pool-accuracy-l12-s1-10-2026-07-28/collective_n_qubits16_lam1.0_s2,1.0,16,"""collective""",2
122,collective_n_qubits16_lam1.0_s3,configs/pool-accuracy-collective-main.toml,data/runs/pool-accuracy-l12-s1-10-2026-07-28/collective_n_qubits16_lam1.0_s3,1.0,16,"""collective""",3
123,collective_n_qubits16_lam1.0_s4,configs/pool-accuracy-collective-main.toml,data/runs/pool-accuracy-l12-s1-10-2026-07-28/collective_n_qubits16_lam1.0_s4,1.0,16,"""collective""",4
124,collective_n_qubits16_lam1.0_s5,configs/pool-accuracy-collective-main.toml,data/runs/pool-accuracy-l12-s1-10-2026-07-28/collective_n_qubits16_lam1.0_s5,1.0,16,"""collective""",5
125,collective_n_qubits16_lam1.0_s6,configs/pool-accuracy-collective-main.toml,data/runs/pool-accuracy-l12-s1-10-2026-07-28/collective_n_qubits16_lam1.0_s6,1.0,16,"""collective""",6
126,collective_n_qubits16_lam1.0_s7,configs/pool-accuracy-collective-main.toml,data/runs/pool-accuracy-l12-s1-10-2026-07-28/collective_n_qubits16_lam1.0_s7,1.0,16,"""collective""",7
127,collective_n_qubits16_lam1.0_s8,configs/pool-accuracy-collective-main.toml,data/runs/pool-accuracy-l12-s1-10-2026-07-28/collective_n_qubits16_lam1.0_s8,1.0,16,"""collective""",8
128,collective_n_qubits16_lam1.0_s9,configs/pool-accuracy-collective-main.toml,data/runs/pool-accuracy-l12-s1-10-2026-07-28/collective_n_qubits16_lam1.0_s9,1.0,16,"""collective""",9
129,collective_n_qubits16_lam1.0_s10,configs/pool-accuracy-collective-main.toml,data/runs/pool-accuracy-l12-s1-10-2026-07-28/collective_n_qubits16_lam1.0_s10,1.0,16,"""collective""",10
130,collective_n_qubits16_lam1.5_s1,configs/pool-accuracy-collective-main.toml,data/runs/pool-accuracy-l12-s1-10-2026-07-28/collective_n_qubits16_lam1.5_s1,1.5,16,"""collective""",1
131,collective_n_qubits16_lam1.5_s2,configs/pool-accuracy-collective-main.toml,data/runs/pool-accuracy-l12-s1-10-2026-07-28/collective_n_qubits16_lam1.5_s2,1.5,16,"""collective""",2
132,collective_n_qubits16_lam1.5_s3,configs/pool-accuracy-collective-main.toml,data/runs/pool-accuracy-l12-s1-10-2026-07-28/collective_n_qubits16_lam1.5_s3,1.5,16,"""collective""",3
133,collective_n_qubits16_lam1.5_s4,configs/pool-accuracy-collective-main.toml,data/runs/pool-accuracy-l12-s1-10-2026-07-28/collective_n_qubits16_lam1.5_s4,1.5,16,"""collective""",4
134,collective_n_qubits16_lam1.5_s5,configs/pool-accuracy-collective-main.toml,data/runs/pool-accuracy-l12-s1-10-2026-07-28/collective_n_qubits16_lam1.5_s5,1.5,16,"""collective""",5
135,collective_n_qubits16_lam1.5_s6,configs/pool-accuracy-collective-main.toml,data/runs/pool-accuracy-l12-s1-10-2026-07-28/collective_n_qubits16_lam1.5_s6,1.5,16,"""collective""",6
136,collective_n_qubits16_lam1.5_s7,configs/pool-accuracy-collective-main.toml,data/runs/pool-accuracy-l12-s1-10-2026-07-28/collective_n_qubits16_lam1.5_s7,1.5,16,"""collective""",7
137,collective_n_qubits16_lam1.5_s8,configs/pool-accuracy-collective-main.toml,data/runs/pool-accuracy-l12-s1-10-2026-07-28/collective_n_qubits16_lam1.5_s8,1.5,16,"""collective""",8
138,collective_n_qubits16_lam1.5_s9,configs/pool-accuracy-collective-main.toml,data/runs/pool-accuracy-l12-s1-10-2026-07-28/collective_n_qubits16_lam1.5_s9,1.5,16,"""collective""",9
139,collective_n_qubits16_lam1.5_s10,configs/pool-accuracy-collective-main.toml,data/runs/pool-accuracy-l12-s1-10-2026-07-28/collective_n_qubits16_lam1.5_s10,1.5,16,"""collective""",10
140,collective_n_qubits16_lam2.0_s1,configs/pool-accuracy-collective-main.toml,data/runs/pool-accuracy-l12-s1-10-2026-07-28/collective_n_qubits16_lam2.0_s1,2.0,16,"""collective""",1
141,collective_n_qubits16_lam2.0_s2,configs/pool-accuracy-collective-main.toml,data/runs/pool-accuracy-l12-s1-10-2026-07-28/collective_n_qubits16_lam2.0_s2,2.0,16,"""collective""",2
142,collective_n_qubits16_lam2.0_s3,configs/pool-accuracy-collective-main.toml,data/runs/pool-accuracy-l12-s1-10-2026-07-28/collective_n_qubits16_lam2.0_s3,2.0,16,"""collective""",3
143,collective_n_qubits16_lam2.0_s4,configs/pool-accuracy-collective-main.toml,data/runs/pool-accuracy-l12-s1-10-2026-07-28/collective_n_qubits16_lam2.0_s4,2.0,16,"""collective""",4
144,collective_n_qubits16_lam2.0_s5,configs/pool-accuracy-collective-main.toml,data/runs/pool-accuracy-l12-s1-10-2026-07-28/collective_n_qubits16_lam2.0_s5,2.0,16,"""collective""",5
145,collective_n_qubits16_lam2.0_s6,configs/pool-accuracy-collective-main.toml,data/runs/pool-accuracy-l12-s1-10-2026-07-28/collective_n_qubits16_lam2.0_s6,2.0,16,"""collective""",6
146,collective_n_qubits16_lam2.0_s7,configs/pool-accuracy-collective-main.toml,data/runs/pool-accuracy-l12-s1-10-2026-07-28/collective_n_qubits16_lam2.0_s7,2.0,16,"""collective""",7
147,collective_n_qubits16_lam2.0_s8,configs/pool-accuracy-collective-main.toml,data/runs/pool-accuracy-l12-s1-10-2026-07-28/collective_n_qubits16_lam2.0_s8,2.0,16,"""collective""",8
148,collective_n_qubits16_lam2.0_s9,configs/pool-accuracy-collective-main.toml,data/runs/pool-accuracy-l12-s1-10-2026-07-28/collective_n_qubits16_lam2.0_s9,2.0,16,"""collective""",9
149,collective_n_qubits16_lam2.0_s10,configs/pool-accuracy-collective-main.toml,data/runs/pool-accuracy-l12-s1-10-2026-07-28/collective_n_qubits16_lam2.0_s10,2.0,16,"""collective""",10
