epoch,loss,uw_loss,min_E,mean_E
0,1.53367,3.10888,-5.770547651,-4.365305724
1,5.50792,11.275,-5.276753941,-4.167923733
2,7.15707,14.6592,-5.230000425,-3.955848323
3,3.28953,6.74418,-5.509392021,-3.997174263
4,2.94642,6.02131,-4.893220487,-4.028702287
5,2.6311,5.3488,-5.475357095,-3.886219594
6,2.68214,5.50744,-5.959133438,-3.980310343
7,2.07315,4.19328,-5.851977152,-4.542428079
8,1.29152,2.61019,-5.923730374,-4.799243261
9,1.73915,3.52624,-5.182603558,-4.439277318
10,1.33482,2.72094,-5.156869011,-4.278489307
11,1.99434,4.03443,-5.654583626,-4.642786071
12,0.749404,1.53227,-5.487095002,-3.890979418
13,0.868675,1.76861,-5.533101139,-4.121815981
14,0.845462,1.71498,-5.665794212,-4.689143843
15,0.902,1.83439,-5.905104221,-3.898482705
16,0.516665,1.05017,-5.936530033,-4.16089038
17,0.698528,1.41833,-5.217001089,-4.34691949
18,1.21687,2.47585,-5.489516174,-4.407227029
19,0.572434,1.16139,-5.191331472,-4.490634672
20,0.77274,1.56991,-5.11467258,-4.268340472
21,0.578173,1.18543,-4.806654823,-3.609864089
22,0.457195,0.935455,-5.737016138,-3.947569792
23,0.832645,1.70683,-5.33333996,-3.647292038
24,0.37085,0.749274,-5.794994462,-4.345415671
25,0.331508,0.675836,-5.301419318,-4.244304743
26,0.389746,0.793507,-5.356587249,-4.12211506
27,0.195728,0.397615,-4.994584267,-3.890490754
28,0.602454,1.22355,-5.166050009,-4.213343132
29,0.605649,1.22474,-5.429451712,-4.303465928
30,0.370287,0.749128,-5.685890719,-4.033458202
31,0.57649,1.16997,-5.574427198,-4.070741774
32,0.49498,1.00868,-5.495072825,-3.870932235
33,0.596529,1.21464,-5.652205875,-4.187402567
34,0.60053,1.21964,-5.863006648,-4.535746916
35,0.455512,0.926648,-5.762937342,-4.22874771
36,0.493162,0.996234,-5.886635054,-4.732284073
37,0.582852,1.18366,-5.832787969,-4.201500207
38,0.492626,0.997401,-5.660236053,-4.434896889
39,0.903602,1.84136,-5.827883622,-4.50761533
40,0.537025,1.0941,-5.590507895,-4.012573426
41,0.21013,0.426463,-5.584862534,-4.076066634
42,0.561031,1.14341,-5.669723276,-3.676326328
43,0.328842,0.665585,-5.739090998,-3.968251564
44,0.307854,0.626069,-5.057776196,-4.381924078
45,0.366147,0.744649,-5.794835011,-4.61812211
46,0.241288,0.491375,-5.559862544,-4.244177563
47,0.447299,0.907473,-5.573612229,-4.362688766
48,0.52784,1.07052,-5.682754232,-4.810714667
49,0.457654,0.928295,-5.664987445,-4.775256435
50,0.4473,0.906958,-5.648142416,-4.683248738
51,0.274683,0.557029,-5.887469735,-3.962971529
52,0.343261,0.697622,-5.326285516,-4.341710289
53,0.309121,0.624241,-5.623897842,-4.629703208
54,0.431705,0.877909,-5.563112416,-4.195191328
55,0.296941,0.602359,-5.369509464,-4.292588165
56,0.4242,0.860955,-5.58980848,-3.927930974
57,0.332399,0.672732,-5.959815331,-4.424253998
58,0.362187,0.733351,-5.809666637,-4.121198606
59,0.372049,0.75251,-5.359084379,-4.224035452
60,0.23121,0.467141,-5.981949117,-4.442320218
61,0.558556,1.13096,-5.489139436,-4.40137677
62,0.292293,0.591527,-5.69603043,-4.511853021
63,0.351273,0.708008,-5.892162225,-4.807648698
64,0.385391,0.785617,-4.663103063,-3.877892702
65,0.364851,0.739033,-5.663185414,-4.606023079
66,0.40577,0.826703,-5.344329023,-3.989854971
67,0.397569,0.808734,-5.089215358,-4.338906617
68,0.792597,1.60398,-5.636079606,-4.434858508
69,0.592609,1.20095,-5.239799627,-4.276729893
70,0.333018,0.6719,-5.818769521,-4.597134117
71,0.372852,0.762082,-5.719495746,-3.95380053
72,0.411084,0.842097,-5.557355038,-4.402615247
73,0.382981,0.782717,-5.465969921,-4.039611167
74,0.596969,1.21282,-5.524793312,-3.936843908
75,0.295386,0.597691,-5.642384062,-4.710187239
76,0.409704,0.825984,-5.635600169,-4.694725596
77,0.382063,0.779937,-5.033076583,-4.061020923
78,0.521046,1.06006,-5.321428208,-4.105547055
79,0.310486,0.632627,-5.344397967,-4.373342634
80,0.346557,0.70251,-5.294249415,-4.713627329
81,0.299071,0.60374,-5.321481671,-4.581700343
82,0.515728,1.04285,-5.416368796,-4.533907785
83,0.355898,0.725822,-5.728341198,-4.229285675
84,0.459556,0.93205,-4.906475552,-4.22489863
85,0.654782,1.33247,-5.273141862,-4.162961414
86,0.483341,0.98755,-4.937847861,-4.055199875
87,0.666979,1.3522,-5.624438014,-4.551032032
88,0.133967,0.270847,-5.582470573,-4.684775023
89,0.531871,1.08481,-5.553490616,-3.897178828
90,0.348415,0.704566,-5.158086077,-4.393115957
91,0.317865,0.649109,-5.112855354,-4.061841931
92,0.468842,0.946042,-5.803502313,-4.715287123
93,0.350805,0.712802,-5.679990119,-4.28082396
94,0.34239,0.695039,-5.319364954,-3.905736375
95,0.214837,0.435547,-5.593548938,-4.202207541
96,0.401248,0.815126,-5.608596172,-4.338287084
97,0.46155,0.934954,-5.623401847,-4.443102787
98,0.174595,0.355343,-5.49751008,-4.047492412
99,0.57328,1.16502,-4.767220243,-4.310279585
100,0.425228,0.873281,-5.122404956,-3.882673972
101,0.487518,0.990531,-5.601051855,-4.504680837
102,0.306073,0.619003,-5.573891535,-4.621333613
103,0.299004,0.60474,-5.365973308,-4.146487299
104,0.653822,1.33018,-5.936511406,-4.529133478
105,0.170996,0.347813,-5.533023516,-4.254806988
106,0.280428,0.566603,-5.932124835,-4.711390964
107,0.392742,0.798862,-5.549513092,-4.226592879
108,0.340329,0.694646,-5.646282527,-4.457216851
109,0.251151,0.51206,-5.885814439,-4.28019806
110,0.336989,0.682746,-5.534994255,-4.594384106
111,0.387346,0.783813,-5.717570208,-4.226412572
112,0.289729,0.588337,-5.894578254,-4.184529346
113,0.225861,0.458727,-5.57864303,-4.459541457
114,0.505327,1.02876,-5.680712622,-3.745544912
115,0.633209,1.29362,-4.821997797,-3.975967471
116,0.44775,0.908029,-5.645135715,-4.119079563
117,0.464679,0.947716,-5.931201292,-4.509127228
118,0.143929,0.292869,-5.321477732,-4.02859702
119,0.33237,0.675446,-5.098082262,-3.920316338
120,0.800015,1.63431,-5.529419291,-4.468137243
121,0.564616,1.14226,-5.397309704,-4.536617217
122,0.48992,0.994666,-5.65339632,-4.565475002
123,0.3734,0.754957,-5.973597962,-4.665560647
124,0.19523,0.396664,-5.618810786,-4.426067799
125,0.140595,0.285173,-5.749791847,-4.464077867
126,0.346561,0.702592,-5.324659411,-4.347568983
127,0.349806,0.712751,-5.844271406,-3.993967532
128,0.31005,0.625955,-5.86762851,-4.946219232
129,0.327682,0.666067,-5.797782701,-4.349450169
130,0.358919,0.731602,-4.684740092,-4.001708164
131,0.285738,0.579649,-5.85384566,-4.411840049
132,0.365105,0.740754,-4.914924931,-3.975968691
133,0.375681,0.766045,-5.856495361,-4.319903492
134,0.35326,0.716821,-5.66594566,-4.457655323
135,0.231269,0.467232,-5.553196255,-4.537175441
136,0.639674,1.29804,-5.483545236,-4.546911261
137,0.447673,0.905607,-5.587685872,-4.518665577
138,0.471281,0.961001,-4.769220655,-3.879438653
139,0.364865,0.743197,-5.675983866,-4.329289817
140,0.185054,0.374916,-5.649202055,-4.339696278
141,0.276896,0.561481,-5.582341413,-4.524076296
142,0.246929,0.503105,-5.523804767,-4.198650149
143,0.543156,1.10027,-5.72237583,-4.399507613
144,0.30971,0.628995,-5.034207873,-4.424979463
145,0.668184,1.35278,-5.502771034,-4.151934486
146,0.414856,0.843638,-5.501856445,-4.055742703
147,0.31802,0.644113,-5.843971167,-4.551883943
148,0.48501,0.987634,-4.523459569,-3.85761549
149,0.173727,0.354042,-5.505398111,-4.003142777
150,0.580853,1.17698,-5.626362292,-4.379542732
151,0.270641,0.549959,-4.830035749,-4.088174318
152,0.679188,1.38105,-5.86600128,-4.827188169
153,0.405947,0.827955,-4.542454683,-3.908306654
154,0.279035,0.562971,-5.833740458,-4.751084057
155,0.339698,0.684867,-5.816730259,-4.896969664
156,0.447627,0.912359,-5.673907678,-4.296898358
157,0.114443,0.230732,-5.707524151,-4.683060005
158,0.140978,0.285354,-5.97129361,-4.608617607
159,0.27118,0.550138,-5.821355427,-4.77463379
160,0.33312,0.678206,-5.70308032,-4.273439373
161,0.222122,0.450398,-5.55476346,-4.551646621
162,0.268482,0.546797,-5.714673013,-4.520073943
163,0.126644,0.256697,-5.352852451,-4.462065329
164,0.307445,0.62315,-5.523216427,-4.14286696
165,0.106944,0.216117,-5.617125592,-4.437473644
166,0.296649,0.605544,-5.099907419,-4.067526699
167,0.339191,0.690489,-5.617437687,-4.167645254
168,0.240316,0.489585,-4.759047398,-4.276718443
169,0.174898,0.3543,-5.481133327,-4.500194784
170,0.322425,0.654111,-5.203506852,-4.355545762
171,0.274864,0.556162,-4.896565327,-4.246523262
172,0.18179,0.369979,-5.1894337,-4.03033156
173,0.227837,0.463014,-5.088837042,-4.005121445
174,0.246263,0.499288,-5.500215428,-4.208704575
175,0.368324,0.748274,-5.82948364,-4.166289848
176,0.268969,0.547384,-5.6587353,-4.261304939
177,0.501653,1.01514,-5.516304321,-4.438780339
178,0.351933,0.709718,-5.949377416,-4.531630083
179,0.256721,0.519622,-5.896149937,-4.390083634
180,0.253445,0.513426,-5.647203582,-3.934367783
181,0.29679,0.603841,-4.798591607,-4.089499471
182,0.201013,0.408344,-5.337810325,-4.268944518
183,0.203443,0.412141,-5.876550863,-4.770638106
184,0.338127,0.687615,-5.293778459,-4.308522459
185,0.175419,0.354715,-5.812871877,-4.62535763
186,0.234052,0.475841,-5.651692143,-4.168874481
187,0.237146,0.483384,-5.655303342,-3.937863881
188,0.301895,0.611946,-5.78952995,-4.796137957
189,0.142103,0.2895,-5.542451501,-3.978375455
190,0.264684,0.541294,-5.873283215,-4.476563077
191,0.164722,0.334565,-5.831204563,-4.346882232
192,0.521901,1.06885,-5.786150069,-4.339034263
193,0.28598,0.581855,-5.794136313,-4.307483194
194,0.179431,0.362527,-5.900155264,-4.63454908
195,0.450334,0.909449,-5.486203188,-4.63817232
196,0.26155,0.530746,-5.646866777,-4.131432425
197,0.483965,0.979287,-5.82931004,-4.69316166
198,0.214997,0.436792,-5.514845953,-4.167932151
199,0.408335,0.829357,-4.982199086,-4.180446201
200,0.287429,0.583952,-5.500540113,-4.333119582
201,0.203155,0.41498,-5.582174871,-4.210518314
202,0.266114,0.541262,-5.335961565,-4.20558877
203,0.12726,0.258788,-4.906304055,-3.808048318
204,0.261462,0.530704,-5.795426095,-4.549489711
205,0.192803,0.3914,-4.959009544,-4.343287882
206,0.29296,0.596231,-5.36858106,-4.010952444
207,0.216036,0.442334,-5.290316474,-4.213436132
208,0.252435,0.514199,-5.784614008,-4.53112903
209,0.227368,0.45933,-5.341312107,-4.241464318
210,0.297199,0.607079,-4.798662459,-4.108119563
211,0.406003,0.821121,-5.192457975,-4.206488506
212,0.296869,0.605889,-4.637347242,-3.858984707
213,0.233615,0.4749,-5.171339466,-3.954496286
214,0.297797,0.604678,-5.378932036,-4.346172553
215,0.276294,0.560759,-5.631131822,-4.287309918
216,0.222176,0.45344,-5.849035853,-4.336516323
217,0.291858,0.591071,-5.947090462,-4.668451473
218,0.314379,0.639364,-4.920249686,-4.381989858
219,0.503145,1.01541,-5.560272186,-4.502617459
220,0.228026,0.461479,-5.706822379,-4.219913237
221,0.203669,0.414784,-5.390794425,-4.188889794
222,0.608912,1.23897,-5.780250649,-4.553575124
223,0.253705,0.511314,-5.58988193,-4.587733188
224,0.191325,0.38646,-5.844543413,-4.766193992
225,0.326206,0.656706,-5.821056373,-4.324483027
226,0.374757,0.760024,-4.859349763,-4.276090557
227,0.33541,0.679852,-5.590548811,-4.475082255
228,0.203623,0.416487,-5.658405522,-4.184740937
229,0.46465,0.93993,-5.168460849,-4.36994647
230,0.265089,0.540092,-5.509634726,-4.155034582
231,0.311808,0.633661,-5.866379927,-4.562932227
232,0.30191,0.615857,-4.79822021,-4.055285715
233,0.319585,0.654333,-4.80508541,-3.831225856
234,0.104078,0.21117,-4.87084896,-3.967779851
235,0.361215,0.728893,-5.947896059,-4.614000921
236,0.316802,0.644286,-5.115535102,-4.092388411
237,0.155326,0.315348,-5.389028807,-4.193217615
238,0.117462,0.237761,-5.463336715,-3.97432945
239,0.128376,0.260347,-5.606985653,-4.03334538
240,0.199633,0.406446,-5.840603519,-4.514545123
241,0.122806,0.247407,-5.680199003,-4.740744885
242,0.348318,0.70542,-4.88949787,-4.037452125
243,0.138633,0.281479,-5.307162633,-4.428595222
244,0.253292,0.514953,-5.612913334,-4.551321099
245,0.356428,0.724452,-5.276911339,-4.262299987
246,0.177546,0.360801,-5.471960499,-4.298364793
247,0.334702,0.680898,-5.553074501,-4.228934447
248,0.27221,0.552372,-5.592897629,-4.302596461
249,0.289602,0.587174,-4.956574472,-4.070682491
250,0.342888,0.700624,-5.579347666,-3.910241768
251,0.217473,0.441768,-5.507087306,-4.436746761
252,0.20009,0.404589,-5.746405604,-4.652437025
253,0.364247,0.740907,-5.515517419,-4.337949579
254,0.323228,0.658454,-5.178471778,-4.247232478
255,0.360667,0.72745,-5.924594888,-4.714417614
256,0.223171,0.454014,-4.96736897,-4.301196455
257,0.287298,0.582167,-5.989174316,-4.544522653
258,0.175826,0.356401,-5.649529295,-4.133378375
259,0.174418,0.354354,-5.516747701,-3.851672286
260,0.184477,0.373065,-5.631679421,-4.668858529
261,0.383405,0.777513,-5.310606844,-4.216089186
262,0.14909,0.300179,-5.898882212,-4.414686577
263,0.178513,0.364369,-5.752151671,-4.278428958
264,0.374481,0.760598,-5.697460191,-4.221100664
265,0.34064,0.68886,-5.632656515,-4.817994794
266,0.208276,0.421869,-5.951533946,-4.620364759
267,0.283845,0.574572,-5.49757639,-4.312536569
268,0.357338,0.726356,-5.464179767,-4.217416773
269,0.431849,0.871583,-5.894304274,-4.911241618
270,0.241732,0.490851,-5.807438593,-4.179157474
271,0.14186,0.286823,-5.727807132,-4.236163136
272,0.315822,0.644198,-5.271157018,-4.125040536
273,0.242028,0.493179,-5.904587565,-4.646672051
274,0.162998,0.329436,-5.611170416,-4.913914999
275,0.113122,0.230616,-5.593148649,-4.086013307
276,0.394726,0.804311,-5.384277361,-4.137197859
277,0.247702,0.50082,-5.788969438,-4.349422776
278,0.234921,0.475492,-5.570835611,-4.736520616
279,0.382144,0.776018,-5.510195875,-4.50985132
280,0.174028,0.351996,-5.503256431,-4.207760692
281,0.180477,0.365194,-5.297190481,-4.294965379
282,0.285301,0.579757,-5.531826881,-4.48234808
283,0.213812,0.434389,-4.836672018,-3.83868354
284,0.118083,0.239184,-5.829503783,-4.641828045
285,0.269932,0.546712,-5.898178753,-4.656581193
286,0.271001,0.552367,-5.3929975,-4.163247821
287,0.37439,0.76362,-5.471565557,-4.251339531
288,0.233532,0.47393,-5.581056993,-4.377917867
289,0.227136,0.463038,-5.80935479,-4.285842415
290,0.223557,0.45256,-5.57281993,-4.343006331
291,0.279013,0.565795,-5.81251289,-4.49942001
292,0.193396,0.392331,-5.688408139,-4.420963505
293,0.20532,0.41373,-5.881942236,-4.473814761
294,0.193448,0.393229,-5.443126503,-4.165536242
295,0.153722,0.314052,-5.581640332,-3.924048476
296,0.29923,0.606538,-5.600129131,-4.506278221
297,0.329291,0.671044,-5.612075104,-4.089613344
298,0.68489,1.40067,-5.395570179,-4.328818883
299,0.255658,0.524615,-5.603182554,-3.860410816
300,0.223824,0.452647,-5.592627489,-4.645892012
301,0.115474,0.233356,-5.649648906,-4.043712053
302,0.261314,0.533231,-5.547037917,-3.778448694
303,0.402738,0.817781,-5.664408673,-4.774837348
304,0.171046,0.347935,-4.741723395,-4.187299897
305,0.162234,0.331279,-5.35102128,-4.179259361
306,0.210312,0.427403,-4.600630204,-3.872480603
307,0.269691,0.545489,-5.329783838,-4.405973926
308,0.247627,0.502928,-5.942058804,-4.799451178
309,0.303432,0.613131,-5.640267514,-4.376304952
310,0.182437,0.371316,-5.685997684,-4.114264013
311,0.232107,0.474368,-4.823997016,-4.142698906
312,0.176426,0.35623,-5.743582391,-4.72946091
313,0.276079,0.560595,-5.836000454,-4.028198323
314,0.234791,0.476774,-5.618037147,-3.754890597
315,0.267266,0.541208,-5.518478069,-4.387535887
316,0.288371,0.585854,-4.668947098,-4.062503778
317,0.231525,0.467308,-5.661171814,-4.792472768
318,0.238202,0.482238,-5.969353267,-4.788106293
319,0.186847,0.380298,-5.173780256,-4.017517007
320,0.194672,0.396043,-5.0754648,-3.99163463
321,0.234746,0.475394,-5.106482404,-4.028454597
322,0.185788,0.379251,-4.936233453,-3.955882647
323,0.386463,0.781806,-5.197792338,-4.35599773
324,0.258085,0.519955,-5.633157834,-4.427297053
325,0.264722,0.537291,-5.693754563,-4.45000112
326,0.279216,0.565745,-5.270963797,-4.215532153
327,0.261438,0.535046,-5.580358969,-4.517405344
328,0.3115,0.631765,-5.662286532,-4.322372738
329,0.38149,0.776793,-5.032424413,-4.14538273
330,0.180483,0.362414,-5.899773406,-4.402736119
331,0.31651,0.645218,-5.245297279,-4.478814214
332,0.201952,0.407338,-5.559579364,-4.262275714
333,0.173613,0.353283,-5.176741626,-4.332708803
334,0.185735,0.377142,-5.428173084,-4.208038206
335,0.225695,0.456939,-5.664640906,-4.632521501
336,0.191839,0.3914,-5.673988686,-4.581116966
337,0.173762,0.353905,-5.1732476,-4.369909532
338,0.225511,0.456968,-5.285293637,-3.696219225
339,0.202109,0.410158,-5.234813658,-4.281214638
340,0.200076,0.40631,-5.325921852,-4.19474135
341,0.372281,0.756291,-5.887715108,-4.390762272
342,0.258766,0.524348,-5.509455857,-4.272385993
343,0.264414,0.536546,-5.581962094,-4.501588302
344,0.29455,0.604101,-5.731140102,-3.646836075
345,0.267769,0.541654,-5.80453843,-4.457886714
346,0.281973,0.573276,-5.75245682,-4.210240719
347,0.260596,0.528353,-5.672221077,-4.6716173
348,0.358897,0.73063,-4.990853511,-3.949956113
349,0.214667,0.43428,-5.880320158,-4.671424649
350,0.260486,0.52759,-5.589968912,-4.140770542
351,0.242584,0.493996,-4.990095839,-4.076536182
352,0.323673,0.660575,-5.468294972,-4.51705478
353,0.327783,0.665181,-5.500484949,-4.298705072
354,0.176813,0.358152,-5.85152661,-4.427392571
355,0.322091,0.654539,-5.267372408,-4.212551883
356,0.208192,0.422144,-5.003046085,-4.581773375
357,0.218259,0.445815,-4.842830727,-4.083984989
358,0.219767,0.446347,-4.822632016,-3.986419933
359,0.565123,1.14441,-5.584146741,-4.484427162
360,0.337033,0.68407,-5.771391473,-4.604620518
361,0.247472,0.509055,-5.635309178,-4.087937134
362,0.211018,0.430255,-5.052623554,-4.029660622
363,0.134439,0.272414,-5.893417668,-4.390610151
364,0.200087,0.407022,-5.45099034,-3.980316954
365,0.323824,0.655711,-5.676756718,-4.867440721
366,0.361938,0.735276,-4.922803792,-4.482893639
367,0.133796,0.270983,-5.214690328,-3.715966297
368,0.448758,0.903703,-5.851896091,-4.53812313
369,0.155639,0.315451,-5.489961053,-4.040165461
370,0.198406,0.401301,-5.903051784,-4.531392238
371,0.149044,0.305568,-5.673133278,-4.096123271
372,0.214167,0.436869,-5.594058167,-4.161093486
373,0.0975506,0.198259,-5.293326595,-4.114329463
374,0.157602,0.321339,-5.942099911,-4.041859801
375,0.100994,0.20572,-5.490243931,-3.745258679
376,0.225418,0.454571,-5.792173813,-4.61782061
377,0.212577,0.433817,-5.04774255,-4.179197091
378,0.167972,0.342259,-5.5809673,-4.157304977
379,0.308244,0.63017,-5.219562933,-4.440626469
380,0.167204,0.340066,-5.822483455,-4.431207931
381,0.183243,0.371896,-5.182001671,-4.109713012
382,0.115105,0.232336,-5.889649651,-4.841633497
383,0.216222,0.440758,-5.503630429,-4.245971604
384,0.249115,0.511329,-5.039577125,-4.059718968
385,0.216855,0.438054,-5.798355605,-4.56623703
386,0.14185,0.287448,-5.493333365,-3.923510288
387,0.309738,0.632366,-5.544002655,-4.497504154
388,0.388149,0.791938,-5.577111993,-4.136141507
389,0.261477,0.529357,-5.345577151,-4.189411308
390,0.194514,0.395828,-5.871941863,-4.61241745
391,0.153294,0.312727,-5.495856053,-4.043421704
392,0.273137,0.554762,-5.404486724,-4.32017481
393,0.143947,0.291824,-5.702586771,-4.558795313
394,0.116222,0.235525,-5.865489177,-4.308945552
395,0.237638,0.480401,-5.210403679,-4.526044424
396,0.141662,0.28627,-5.44681902,-4.556504908
397,0.162402,0.331775,-5.514801338,-4.131926344
398,0.186773,0.377756,-5.80149894,-4.834272653
399,0.147431,0.299337,-5.662000962,-4.709178822
400,0.282945,0.57406,-5.469862066,-4.427264063
401,0.286738,0.581928,-5.3026411,-4.438932899
402,0.121657,0.246243,-5.657876552,-4.45592287
403,0.162512,0.329575,-5.933023686,-4.82305831
404,0.132427,0.267636,-5.711997706,-4.527590285
405,0.14785,0.299398,-5.815544145,-4.210624912
406,0.184933,0.377022,-4.79956942,-3.908588282
407,0.197296,0.400704,-4.980849463,-4.390164618
408,0.108051,0.218394,-5.695173893,-4.812644231
409,0.157812,0.319793,-5.678994509,-4.377095197
410,0.189041,0.383874,-5.565706803,-3.937628004
411,0.355337,0.721975,-4.846418239,-4.450926928
412,0.33405,0.675008,-5.651632512,-4.446553277
413,0.149893,0.304749,-5.677268863,-3.999968151
414,0.302084,0.612881,-4.946907699,-4.082933253
415,0.182761,0.371211,-5.507686416,-4.308146312
416,0.269413,0.542717,-5.941732359,-4.426691216
417,0.29584,0.598624,-5.769315159,-4.461090488
418,0.171014,0.345863,-5.587809359,-4.159361424
419,0.286396,0.580084,-5.56449002,-4.359363391
420,0.270296,0.54725,-5.939616493,-4.4968543
421,0.243216,0.491767,-5.563087137,-4.78929274
422,0.159668,0.327661,-5.430001084,-3.795076174
423,0.132361,0.267682,-5.605055637,-4.56317633
424,0.242177,0.49209,-4.895225694,-4.246050455
425,0.16795,0.341014,-5.315134958,-4.380793892
426,0.311413,0.635217,-5.763924255,-4.386065766
427,0.286606,0.579668,-5.850656233,-4.532012603
428,0.199826,0.403621,-5.773191372,-4.117423998
429,0.226599,0.460401,-4.8340772,-4.309778084
430,0.251563,0.508354,-5.840656135,-5.047819168
431,0.0790371,0.161555,-5.838390699,-4.347699526
432,0.146531,0.295647,-5.908702299,-4.452329959
433,0.190936,0.390453,-5.594216215,-4.130428903
434,0.355131,0.724675,-4.894583963,-4.200937157
435,0.315679,0.639086,-5.203813232,-4.355025651
436,0.162987,0.332711,-5.840629399,-4.307101338
437,0.11112,0.225383,-4.994373918,-4.231454787
438,0.112498,0.228098,-5.429855822,-4.510405441
439,0.180029,0.366933,-5.603043946,-4.122865296
440,0.183372,0.369668,-5.93956703,-4.600581056
441,0.155268,0.316248,-5.310015813,-4.022770821
442,0.162863,0.330042,-5.797127213,-4.224180437
443,0.20294,0.409885,-5.719687617,-4.252227221
444,0.180192,0.3663,-5.508778667,-4.623691607
445,0.178185,0.360028,-5.6885412,-4.780727323
446,0.299652,0.607657,-5.584667393,-4.445396323
447,0.0830508,0.168289,-5.788786164,-4.13305272
448,0.269421,0.547566,-5.131504567,-4.176000396
449,0.0966673,0.196411,-4.615545934,-3.721061636
450,0.172085,0.348178,-5.173867369,-4.276396993
451,0.263261,0.535398,-5.635956652,-3.900125409
452,0.15664,0.317866,-4.929575206,-4.221584435
453,0.26156,0.529495,-5.878892589,-4.693429471
454,0.182843,0.36797,-5.751283346,-4.785235693
455,0.145162,0.296844,-5.773708649,-4.342475709
456,0.106851,0.216817,-5.884242762,-4.172325331
457,0.162719,0.33052,-5.655556162,-4.62896603
458,0.165782,0.335971,-5.482124753,-4.71228268
459,0.138987,0.282174,-5.457485281,-4.195156657
460,0.388557,0.795618,-5.614459177,-4.129741182
461,0.140652,0.284451,-5.35106864,-4.468925111
462,0.159321,0.323497,-5.091345715,-4.484598611
463,0.176512,0.357665,-5.76188847,-4.403313676
464,0.24263,0.489977,-5.831211639,-4.694322491
465,0.145998,0.29723,-5.733777137,-4.036298884
466,0.121445,0.24625,-5.520781271,-4.258436894
467,0.19257,0.39017,-5.521650254,-4.548173094
468,0.186005,0.378916,-4.832373625,-3.867732359
469,0.14999,0.303473,-5.598294972,-4.633832668
470,0.236284,0.478363,-5.344979746,-4.609784756
471,0.154169,0.312825,-5.550859474,-4.52245623
472,0.225292,0.458679,-5.619392946,-4.338020069
473,0.19605,0.397354,-5.679033322,-4.401416657
474,0.0953824,0.195605,-5.806389733,-3.887454022
475,0.223992,0.449967,-5.814479655,-4.874729945
476,0.144431,0.293183,-5.628371968,-4.673120445
477,0.15884,0.323332,-5.606851525,-3.818604612
478,0.148108,0.302485,-4.847138361,-3.86714698
479,0.150289,0.305098,-5.250489336,-4.173474741
480,0.100042,0.204251,-4.918025051,-3.868732311
481,0.153728,0.311975,-4.585420898,-4.157319287
482,0.228111,0.464926,-5.802059255,-4.27810985
483,0.152529,0.310133,-5.884455144,-4.55829715
484,0.16613,0.335005,-5.747800594,-4.507877203
485,0.0990902,0.201494,-5.330229688,-4.30722454
486,0.181265,0.368349,-5.797302055,-4.28059483
487,0.172225,0.34795,-5.682023166,-4.583512624
488,0.18373,0.373836,-5.432422652,-4.507163272
489,0.22953,0.466824,-5.40722539,-4.238933628
490,0.199793,0.404582,-5.771059607,-4.601858144
491,0.170247,0.345297,-5.518472546,-4.496002421
492,0.0964804,0.195754,-5.527461675,-4.224062117
493,0.273519,0.556628,-5.424173002,-4.194686916
494,0.120764,0.245736,-5.632297112,-4.584018997
495,0.0572644,0.1161,-5.363326025,-4.438333685
496,0.142264,0.289006,-5.895080528,-4.431459661
497,0.109058,0.220796,-5.642013964,-4.492223352
498,0.197254,0.398815,-5.975060272,-4.888929145
499,0.168694,0.341333,-5.743997202,-4.598805546
500,0.302175,0.615572,-5.720022314,-4.489668418
501,0.388554,0.783932,-5.695478456,-4.667319238
502,0.208725,0.425582,-4.610967319,-3.582224904
503,0.226693,0.459276,-5.507717282,-4.447618008
504,0.154917,0.314993,-5.233136766,-4.23073986
505,0.264489,0.532655,-5.895744898,-4.739082171
506,0.225882,0.461429,-5.129304164,-3.894897128
507,0.452165,0.916896,-5.833090919,-4.78305107
508,0.157692,0.319906,-5.555556565,-4.417664115
509,0.25165,0.511272,-5.062499816,-4.373064443
510,0.141821,0.287936,-5.894719604,-4.575002602
511,0.19221,0.388662,-5.81486481,-4.365383549
512,0.126208,0.256828,-5.521299607,-4.494256079
513,0.196531,0.399171,-5.573590108,-4.423853572
514,0.081099,0.164338,-5.557659399,-4.227329753
515,0.136972,0.278498,-5.905314377,-4.504012142
516,0.17577,0.355494,-5.805870219,-4.574371854
517,0.12602,0.254885,-5.840816897,-4.703840108
518,0.178252,0.363422,-4.801130809,-4.35044395
519,0.226654,0.459238,-5.585178489,-4.661381609
520,0.135464,0.275006,-5.709818596,-4.521438869
521,0.193084,0.389695,-5.52616786,-4.703525892
522,0.25138,0.510789,-5.857699379,-4.286167703
523,0.113037,0.228147,-5.907262585,-4.70152742
524,0.239823,0.486461,-5.732459595,-4.397269275
525,0.110518,0.224057,-5.074602563,-3.944002756
526,0.148552,0.301759,-5.563431051,-4.731907755
527,0.195643,0.396999,-5.339767881,-4.537049585
528,0.208949,0.423698,-5.639581881,-4.35445134
529,0.19406,0.393423,-5.410693487,-4.733907344
530,0.176172,0.356732,-5.617412827,-4.503025274
531,0.205941,0.418801,-5.930370604,-4.422998398
532,0.195502,0.396017,-5.882440956,-4.453112872
533,0.0999514,0.202559,-5.854633466,-4.3995473
534,0.124457,0.252286,-5.84618804,-4.760243304
535,0.119511,0.242568,-5.308608064,-4.21079211
536,0.194538,0.393146,-5.9533202,-4.366531977
537,0.381338,0.778334,-5.809290791,-4.078700465
538,0.237707,0.480831,-5.619315397,-4.464001178
539,0.162229,0.329584,-5.864879385,-4.603380284
540,0.15596,0.317707,-5.59537708,-4.261650652
541,0.189168,0.383032,-5.603077407,-4.185537725
542,0.332712,0.675458,-4.999251828,-4.102536498
543,0.156261,0.317079,-5.781449098,-4.248297063
544,0.199562,0.402755,-5.733965873,-4.692459077
545,0.227161,0.460726,-5.525495196,-4.292684431
546,0.181803,0.370974,-5.360086498,-3.961927208
547,0.163377,0.332357,-5.746237203,-4.387856613
548,0.169812,0.344481,-5.776333977,-4.294979579
549,0.151823,0.308661,-5.442623777,-4.275028923
550,0.193283,0.393122,-5.377467461,-4.611441273
551,0.136723,0.277707,-5.109522588,-4.103032604
552,0.122348,0.249157,-5.238975343,-4.222204067
553,0.154798,0.314574,-5.643555756,-4.424395101
554,0.127364,0.257111,-5.700841118,-4.730485706
555,0.238903,0.484109,-5.4782505,-4.255880841
556,0.232436,0.472313,-5.51043848,-4.126450892
557,0.179617,0.363598,-5.952012304,-4.303156054
558,0.135107,0.27557,-5.62060907,-4.012330453
559,0.161235,0.326995,-5.599651426,-4.369625712
560,0.101014,0.204124,-5.535898786,-4.27436555
561,0.342441,0.692512,-5.850795921,-4.481761845
562,0.100048,0.202286,-5.856388372,-4.692330411
563,0.291548,0.591928,-5.569577575,-4.348413167
564,0.21033,0.425403,-5.27576968,-4.34571903
565,0.215188,0.436086,-5.90779597,-4.797489807
566,0.369611,0.747988,-4.954611073,-4.262224097
567,0.0977458,0.19793,-5.805426903,-4.451930696
568,0.225713,0.455433,-5.819788853,-4.885443986
569,0.161017,0.325791,-5.94329468,-4.721782784
570,0.272372,0.549536,-5.444848815,-4.977161227
571,0.155797,0.314446,-5.64398787,-4.430937972
572,0.172541,0.350941,-5.591313571,-4.787275011
573,0.329173,0.663195,-5.898827184,-4.604111125
574,0.185826,0.377032,-5.889847973,-4.389082811
575,0.0458859,0.0929233,-5.388771934,-4.434734252
576,0.181637,0.368508,-5.388482749,-4.377095655
577,0.30418,0.617485,-5.672094395,-4.414995258
578,0.0826941,0.167077,-5.684634885,-3.987753894
579,0.100057,0.203461,-5.676128223,-4.498400999
580,0.100028,0.202291,-5.908170854,-4.513182645
581,0.158008,0.323591,-5.631493394,-4.219944616
582,0.165426,0.337027,-5.362860588,-4.165372274
583,0.244918,0.495107,-5.704445848,-4.430727059
584,0.185343,0.376882,-4.707985733,-4.317868945
585,0.149485,0.305473,-4.726800533,-3.916636388
586,0.185135,0.379439,-5.678277675,-4.23972875
587,0.12279,0.24818,-5.849235219,-4.589497223
588,0.217434,0.4422,-5.980509123,-4.430918991
589,0.102073,0.207178,-5.328167792,-4.291720417
590,0.0795464,0.161769,-4.911036123,-4.217976972
591,0.360727,0.730287,-5.661675786,-4.677511902
592,0.157188,0.317918,-5.519737219,-4.456300021
593,0.188418,0.382718,-5.611191584,-4.247444236
594,0.188556,0.38507,-5.08827375,-4.030954647
595,0.135168,0.275671,-5.314534342,-4.225764479
596,0.158841,0.322584,-5.564261663,-4.156747483
597,0.215113,0.437018,-5.582960601,-4.276803779
598,0.11992,0.243933,-5.590485124,-4.298592126
599,0.118972,0.241208,-5.481574552,-4.500760982
600,0.126221,0.255127,-5.947038044,-4.68349675
601,0.161155,0.328584,-4.802931791,-4.112447012
602,0.126926,0.257627,-4.680088895,-4.169638342
603,0.152467,0.307694,-5.897287309,-5.088411356
604,0.275515,0.559528,-5.74811704,-4.250571603
605,0.13669,0.277719,-5.410076849,-4.233287363
606,0.196114,0.397799,-5.309213027,-4.265813973
607,0.138181,0.279496,-5.618452409,-4.711141908
608,0.131765,0.268067,-5.485150191,-4.150602363
609,0.129014,0.260917,-5.883932858,-4.776989261
610,0.15842,0.321411,-5.839445581,-4.293772947
611,0.0787022,0.160288,-5.61701573,-4.466619881
612,0.13673,0.278415,-5.319263123,-4.111943384
613,0.383324,0.771805,-5.854077677,-4.675433952
614,0.358717,0.726787,-4.842041913,-3.996095366
615,0.152607,0.310416,-5.485275548,-4.099275905
616,0.137894,0.280277,-5.504309124,-4.456273719
617,0.118684,0.23955,-5.606540737,-4.745065754
618,0.146272,0.297665,-5.583267275,-4.210221129
619,0.221234,0.451657,-5.401074921,-4.249022723
620,0.170326,0.343958,-5.711283395,-4.719668524
621,0.13404,0.272521,-5.809827743,-4.503623837
622,0.166801,0.3386,-5.894723301,-4.219566431
623,0.129349,0.260637,-5.774450341,-4.634804339
624,0.285747,0.578407,-5.855718409,-4.709179366
625,0.0933601,0.189044,-5.746752632,-4.897725909
626,0.211547,0.430523,-5.382173355,-4.578454886
627,0.249158,0.508236,-4.960953075,-3.908884418
628,0.136337,0.276089,-5.917963166,-4.427340446
629,0.148377,0.300301,-5.816645714,-4.936144756
630,0.140468,0.286144,-5.882835188,-4.162007906
631,0.152767,0.310583,-5.425222621,-4.203956312
632,0.151088,0.30465,-5.525510046,-4.757258222
633,0.115762,0.23406,-5.71006002,-4.781160424
634,0.201633,0.408149,-5.595874594,-4.457804394
635,0.292083,0.591113,-5.439193017,-4.504132553
636,0.255714,0.519748,-5.367613754,-4.009848469
637,0.228138,0.463712,-5.290703431,-3.896486512
638,0.113901,0.230895,-5.559905734,-4.065623723
639,0.165946,0.335991,-5.640599281,-4.413022763
640,0.185376,0.374594,-5.390104029,-4.665687143
641,0.092922,0.189616,-5.551499822,-4.108839888
642,0.141609,0.289631,-5.837166201,-3.929775102
643,0.22204,0.450093,-5.348869546,-4.580682657
644,0.128684,0.259957,-5.927494164,-4.776384993
645,0.124683,0.25208,-5.836109468,-4.613456673
646,0.122674,0.248013,-5.611681136,-4.026515834
647,0.139988,0.284044,-5.072738562,-4.333134417
648,0.112123,0.22627,-5.580909462,-4.590175427
649,0.248781,0.507123,-5.730971676,-3.814356206
650,0.213449,0.43689,-5.716655262,-4.466910064
651,0.0611517,0.124607,-5.4351711,-4.244320446
652,0.0948693,0.193298,-5.704850751,-4.043776224
653,0.182562,0.369391,-5.839838452,-4.827585901
654,0.122107,0.246458,-5.786076922,-4.580969668
655,0.254579,0.516473,-5.875614971,-4.300513855
656,0.140404,0.285563,-5.575882471,-4.424722262
657,0.201902,0.408467,-5.223925014,-4.385070303
658,0.13164,0.267102,-5.553020329,-4.201836155
659,0.104619,0.211848,-5.561161342,-4.492144273
660,0.187698,0.383451,-4.595014634,-3.823721965
661,0.16723,0.340359,-5.937291593,-4.408038023
662,0.170026,0.344589,-5.406762711,-4.539525527
663,0.110149,0.225151,-5.590771516,-4.322489243
664,0.102256,0.206652,-5.83358625,-4.65756464
665,0.173454,0.350884,-5.039711028,-4.134095907
666,0.155371,0.31386,-5.452126106,-4.77761988
667,0.153296,0.310274,-5.605446918,-4.748213604
668,0.137363,0.278463,-5.82393885,-4.488889005
669,0.152546,0.309524,-5.735680255,-4.417167031
670,0.240987,0.490128,-5.787167465,-4.296141297
671,0.222391,0.451077,-5.785853794,-4.743285818
672,0.17626,0.35759,-4.861398147,-4.250886991
673,0.213677,0.431412,-5.499188699,-4.380542919
674,0.157995,0.323344,-5.646890119,-4.127885286
675,0.0918922,0.185343,-5.67974529,-5.000354813
676,0.13034,0.264096,-5.912774001,-4.426554215
677,0.141927,0.287147,-5.532780448,-4.530523169
678,0.116913,0.236701,-5.763640057,-4.35413214
679,0.106892,0.216681,-5.848113121,-4.417354268
680,0.199556,0.404258,-5.531852001,-4.372503924
681,0.252127,0.51393,-5.178240384,-4.144130529
682,0.207025,0.417835,-5.322506783,-4.448765736
683,0.13004,0.263447,-5.591082198,-4.519237105
684,0.168528,0.341465,-5.696907355,-4.91969275
685,0.243445,0.49308,-5.595302941,-3.987754685
686,0.121172,0.245532,-5.773903214,-4.395684212
687,0.0501431,0.10087,-5.951385816,-4.98109667
688,0.216166,0.437568,-5.829197849,-4.77915629
689,0.0504009,0.10209,-5.728067763,-4.281822381
690,0.0739817,0.149739,-5.579001401,-4.494323263
691,0.122263,0.248566,-5.353986121,-3.991374552
692,0.10193,0.206877,-5.797893196,-4.393792304
693,0.190337,0.38649,-5.14834837,-4.000473131
694,0.242113,0.492246,-5.753839806,-4.523244246
695,0.167334,0.340649,-5.747430502,-4.507932741
696,0.144488,0.293337,-5.509647922,-4.378085563
697,0.155335,0.313962,-5.890835814,-4.377429474
698,0.136371,0.275392,-5.551429746,-4.720803412
699,0.142278,0.29011,-5.223444534,-3.935151167
700,0.186105,0.37775,-5.784605842,-4.357605199
