n_samples,best_raw_energy,best_raw_rel_error
512,-5.94708026797,2.585664e-02
1024,-5.94708026797,2.585664e-02
1536,-5.94708026797,2.585664e-02
2048,-5.94708026797,2.585664e-02
2560,-5.94708026797,2.585664e-02
3072,-5.94708026797,2.585664e-02
3584,-5.94708026797,2.585664e-02
4096,-5.94708026797,2.585664e-02
4608,-5.94708026797,2.585664e-02
5120,-5.94708026797,2.585664e-02
5632,-5.94708026797,2.585664e-02
6144,-5.94708026797,2.585664e-02
6656,-5.94708026797,2.585664e-02
7010,-5.94708026797,2.585664e-02
7522,-5.94708026797,2.585664e-02
8034,-5.94708026797,2.585664e-02
8410,-5.94708026797,2.585664e-02
