row,run_id,config,out_dir,pool.angle_scale,pool.kind,train.seed,train.seq_len
0,collective-scaled_seq_len68_s1,configs/prospective-depth-n28.toml,data/runs/prospective-depth-n28-2026-07-28/train/collective-scaled_seq_len68_s1,8,"""collective""",1,68
1,collective-scaled_seq_len68_s2,configs/prospective-depth-n28.toml,data/runs/prospective-depth-n28-2026-07-28/train/collective-scaled_seq_len68_s2,8,"""collective""",2,68
2,collective-scaled_seq_len68_s3,configs/prospective-depth-n28.toml,data/runs/prospective-depth-n28-2026-07-28/train/collective-scaled_seq_len68_s3,8,"""collective""",3,68
3,collective-scaled_seq_len68_s4,configs/prospective-depth-n28.toml,data/runs/prospective-depth-n28-2026-07-28/train/collective-scaled_seq_len68_s4,8,"""collective""",4,68
4,collective-scaled_seq_len68_s5,configs/prospective-depth-n28.toml,data/runs/prospective-depth-n28-2026-07-28/train/collective-scaled_seq_len68_s5,8,"""collective""",5,68
5,collective-scaled_seq_len68_s6,configs/prospective-depth-n28.toml,data/runs/prospective-depth-n28-2026-07-28/train/collective-scaled_seq_len68_s6,8,"""collective""",6,68
6,collective-scaled_seq_len72_s1,configs/prospective-depth-n28.toml,data/runs/prospective-depth-n28-2026-07-28/train/collective-scaled_seq_len72_s1,8,"""collective""",1,72
7,collective-scaled_seq_len72_s2,configs/prospective-depth-n28.toml,data/runs/prospective-depth-n28-2026-07-28/train/collective-scaled_seq_len72_s2,8,"""collective""",2,72
8,collective-scaled_seq_len72_s3,configs/prospective-depth-n28.toml,data/runs/prospective-depth-n28-2026-07-28/train/collective-scaled_seq_len72_s3,8,"""collective""",3,72
9,collective-scaled_seq_len72_s4,configs/prospective-depth-n28.toml,data/runs/prospective-depth-n28-2026-07-28/train/collective-scaled_seq_len72_s4,8,"""collective""",4,72
10,collective-scaled_seq_len72_s5,configs/prospective-depth-n28.toml,data/runs/prospective-depth-n28-2026-07-28/train/collective-scaled_seq_len72_s5,8,"""collective""",5,72
11,collective-scaled_seq_len72_s6,configs/prospective-depth-n28.toml,data/runs/prospective-depth-n28-2026-07-28/train/collective-scaled_seq_len72_s6,8,"""collective""",6,72
