pool,N,lambda,draw,paired_seed,n_samples,random_raw_rel_error,random_refined_rel_error,gqe_raw_rel_error,gqe_refined_rel_error,random_over_gqe,extended_refined_rel_error,scoring_max_rel_diff,paired_run
collective,16,1.5,1,1,7010,6.352518e-02,2.240175e-03,0.033292252724139014,0.00017965755678384392,12.47,1.226174e-04,,collective_n_qubits16_lam1.5_s1
collective,16,1.5,2,2,7010,9.380125e-03,3.821021e-04,0.02181220600191099,0.00017379675942108351,2.199,,,collective_n_qubits16_lam1.5_s2
collective,16,1.5,3,3,7010,1.225466e-02,3.574034e-03,0.01943607811037742,0.0006800319025101441,5.256,,,collective_n_qubits16_lam1.5_s3
collective,16,2.0,1,1,7010,1.080149e-01,3.135066e-02,0.09981000652617714,0.025698765241672025,1.22,,,collective_n_qubits16_lam2.0_s1
collective,16,2.0,2,2,7010,7.969681e-02,1.291119e-03,0.07626217361023473,0.07068927043373838,0.01826,,,collective_n_qubits16_lam2.0_s2
collective,16,2.0,3,3,7010,4.104856e-02,3.251823e-02,0.04274463295965871,0.009588769424588287,3.391,,,collective_n_qubits16_lam2.0_s3
pairwise-all,16,1.5,1,1,7010,6.516399e-02,6.326811e-02,0.06628539772378289,0.063396644724725,0.998,6.299380e-02,8.03e-15,pairwise-all_n_qubits16_lam1.5_s1
pairwise-all,16,1.5,2,2,7010,6.610317e-02,6.326867e-02,0.06475745145076645,0.06339664472502422,0.998,,5.21e-15,pairwise-all_n_qubits16_lam1.5_s2
pairwise-all,16,1.5,3,3,7010,6.668038e-02,6.326811e-02,0.06581865740757306,0.06326867089772525,1,6.326867e-02,5.89e-15,pairwise-all_n_qubits16_lam1.5_s3
pairwise-all,16,2.0,1,1,7010,1.735314e-01,1.704625e-01,0.17218947038750695,0.1702348931105724,1.001,1.704640e-01,5.59e-15,pairwise-all_n_qubits16_lam2.0_s1
pairwise-all,16,2.0,2,2,7010,1.721798e-01,1.702603e-01,0.17254164554157397,0.1704624735279283,0.9988,1.702604e-01,4.94e-15,pairwise-all_n_qubits16_lam2.0_s2
pairwise-all,16,2.0,3,3,7010,1.729990e-01,1.702602e-01,0.17223136231706096,0.17043534479496125,0.999,,6.72e-15,pairwise-all_n_qubits16_lam2.0_s3
pairwise-ext-mf,16,1.5,1,1,7010,2.800649e-02,9.819061e-03,0.03436755716262787,0.009619059293642727,1.021,,6.13e-15,pairwise-ext-mf_n_qubits16_lam1.5_s1
pairwise-ext-mf,16,1.5,2,2,7010,3.310927e-02,9.760912e-03,0.026994904284132572,0.009643838409164414,1.012,9.620022e-03,7.21e-15,pairwise-ext-mf_n_qubits16_lam1.5_s2
pairwise-ext-mf,16,1.5,3,3,7010,4.396041e-02,9.761803e-03,0.03474605830937194,0.009762861256473417,0.9999,9.814482e-03,5.64e-15,pairwise-ext-mf_n_qubits16_lam1.5_s3
pairwise-ext-mf,16,2.0,1,1,7010,2.163561e-02,2.410479e-03,0.036901241231217664,0.002402991555508676,1.003,,7.33e-15,pairwise-ext-mf_n_qubits16_lam2.0_s1
pairwise-ext-mf,16,2.0,2,2,7010,2.156045e-02,2.306619e-03,0.02937613061819994,0.0023394792380235486,0.986,,7.79e-15,pairwise-ext-mf_n_qubits16_lam2.0_s2
pairwise-ext-mf,16,2.0,3,3,7010,2.527194e-02,2.297282e-03,0.02406671803978307,0.002385932553293636,0.9628,,4.48e-15,pairwise-ext-mf_n_qubits16_lam2.0_s3
collective,8,0.5,1,1,7010,1.959122e-03,6.234446e-08,0.00421023889558279,4.935370262432694e-07,0.1263,,,collective_n_qubits8_lam0.5_s1
collective,8,0.5,2,2,7010,3.745481e-03,6.395456e-09,0.00022826354469985603,2.6962735707885533e-07,0.02372,,,collective_n_qubits8_lam0.5_s2
collective,8,0.5,3,3,7010,3.978366e-03,4.848575e-08,0.015131114005688794,2.7518120334979524e-09,17.62,8.888968e-09,,collective_n_qubits8_lam0.5_s3
collective,8,1.0,1,1,7010,1.360949e-02,3.894882e-04,0.005606912951595053,3.5937677555499234e-09,1.084e+05,2.651616e-08,,collective_n_qubits8_lam1.0_s1
collective,8,1.0,2,2,7010,4.627750e-04,2.472467e-06,0.0039970193603417045,2.4724667737431576e-06,1,,,collective_n_qubits8_lam1.0_s2
collective,8,1.0,3,3,7010,1.860043e-03,8.524069e-07,0.002195715390619539,4.483047369893198e-08,19.01,,,collective_n_qubits8_lam1.0_s3
collective,8,1.5,1,1,7010,4.327462e-03,9.099584e-05,0.006934565027102256,7.46689436685358e-07,121.9,,,collective_n_qubits8_lam1.5_s1
collective,8,1.5,2,2,7010,6.934565e-03,1.130284e-05,0.0069345650271043285,0.00041434421065579796,0.02728,,,collective_n_qubits8_lam1.5_s2
collective,8,1.5,3,3,7010,1.506058e-02,4.733227e-07,0.04119949065265705,0.005671240038060631,8.346e-05,6.618784e-04,,collective_n_qubits8_lam1.5_s3
collective,8,2.0,1,1,7010,5.453897e-02,9.819766e-03,0.031845505200605875,2.9851918635167195e-07,3.289e+04,5.431558e-06,,collective_n_qubits8_lam2.0_s1
collective,8,2.0,2,2,7010,1.286992e-02,3.501629e-04,0.019511000110941406,1.1589206544172238e-07,3021,,,collective_n_qubits8_lam2.0_s2
collective,8,2.0,3,3,7010,3.550004e-02,1.941231e-12,0.02553112209076974,0.00012066484997696736,1.609e-08,,,collective_n_qubits8_lam2.0_s3
collective,10,0.5,1,1,7010,1.552655e-02,1.094865e-09,0.0023542626691127845,4.387005738658835e-08,0.02496,3.968361e-07,,collective_n_qubits10_lam0.5_s1
collective,10,0.5,2,2,7010,6.097334e-03,2.367610e-09,0.0006045619764815671,2.0228539936307051e-07,0.0117,,,collective_n_qubits10_lam0.5_s2
collective,10,0.5,3,3,7010,3.532422e-03,2.416105e-07,0.003532422079062738,0.003532422079062738,6.84e-05,,,collective_n_qubits10_lam0.5_s3
collective,10,1.0,1,1,7010,1.076867e-02,5.219035e-05,0.014418830881006525,8.941343639491073e-08,583.7,,,collective_n_qubits10_lam1.0_s1
collective,10,1.0,2,2,7010,1.307403e-03,7.654762e-07,0.004956964211212208,3.503410888483843e-06,0.2185,,,collective_n_qubits10_lam1.0_s2
collective,10,1.0,3,3,7010,1.462019e-02,3.284721e-06,0.0016497839438670342,1.5488973329127323e-07,21.21,,,collective_n_qubits10_lam1.0_s3
collective,10,1.5,1,1,7010,2.875588e-02,1.944270e-06,0.01961213628747456,0.0008074660290816583,0.002408,8.326491e-05,,collective_n_qubits10_lam1.5_s1
collective,10,1.5,2,2,7010,5.549209e-03,1.508621e-07,0.03092083075849775,0.0007197034799039182,0.0002096,,,collective_n_qubits10_lam1.5_s2
collective,10,1.5,3,3,7010,1.400338e-02,1.934646e-04,0.014964128141535584,5.0016687921171454e-05,3.868,,,collective_n_qubits10_lam1.5_s3
collective,10,2.0,1,1,7010,2.862924e-02,1.019347e-02,0.02804904709856144,0.0030801249048659904,3.309,,,collective_n_qubits10_lam2.0_s1
collective,10,2.0,2,2,7010,7.077044e-02,1.762034e-05,0.029468962933970812,6.68896909050956e-05,0.2634,3.688304e-03,,collective_n_qubits10_lam2.0_s2
collective,10,2.0,3,3,7010,3.620977e-02,7.061656e-03,0.051014131701804855,0.014893374882544426,0.4741,,,collective_n_qubits10_lam2.0_s3
collective,12,1.0,1,1,7010,6.436550e-03,1.406644e-06,0.00041251806148672956,3.374582241009044e-09,416.8,,,collective_n_qubits12_lam1.0_s1
collective,12,1.0,2,2,7010,1.718828e-02,1.357091e-04,0.017188281459948555,6.299239802829364e-05,2.154,3.913018e-06,,collective_n_qubits12_lam1.0_s2
collective,12,1.0,3,3,7010,1.563814e-02,1.180961e-05,0.016881179389674036,1.8244330231296196e-06,6.473,3.827971e-08,,collective_n_qubits12_lam1.0_s3
collective,12,1.5,1,1,7010,1.270292e-02,7.016365e-07,0.020467084059002306,0.0023714972557288194,0.0002959,,,collective_n_qubits12_lam1.5_s1
collective,12,1.5,2,2,7010,2.659900e-02,1.880056e-03,0.026173964539665615,0.00016979415074069783,11.07,,,collective_n_qubits12_lam1.5_s2
collective,12,1.5,3,3,7010,2.241069e-02,6.340791e-03,0.026599002484612902,0.00016593436973880935,38.21,,,collective_n_qubits12_lam1.5_s3
collective,12,2.0,1,1,7010,6.645822e-02,2.026290e-03,0.06391056039603372,0.006536238244685018,0.31,,,collective_n_qubits12_lam2.0_s1
collective,12,2.0,2,2,7010,5.056402e-02,2.051212e-04,0.05759389546912148,0.0012748682762953956,0.1609,,,collective_n_qubits12_lam2.0_s2
collective,12,2.0,3,3,7010,7.240427e-02,3.169020e-04,0.04246656279657007,0.008844784345092144,0.03583,4.327834e-03,,collective_n_qubits12_lam2.0_s3
collective,14,1.0,1,1,7010,1.555134e-02,3.378204e-07,0.010257153152407817,2.739129736897786e-06,0.1233,,,collective_n_qubits14_lam1.0_s1
collective,14,1.0,2,2,7010,1.555134e-02,3.442345e-06,0.009829050643011476,3.053078188948621e-08,112.7,1.421505e-08,,collective_n_qubits14_lam1.0_s2
collective,14,1.0,3,3,7010,3.550211e-03,3.591538e-05,0.010891953762768348,6.6674185690208e-05,0.5387,,,collective_n_qubits14_lam1.0_s3
collective,14,1.5,1,1,7010,3.221880e-02,1.375236e-06,0.03390579078103491,1.2235290720988804e-05,0.1124,,,collective_n_qubits14_lam1.5_s1
collective,14,1.5,2,2,7010,2.912075e-02,2.373983e-03,0.03045265807293442,0.0003974295437590646,5.973,,,collective_n_qubits14_lam1.5_s2
collective,14,1.5,3,3,7010,1.904410e-02,1.092951e-02,0.019987798158966116,0.0005536037570868302,19.74,,,collective_n_qubits14_lam1.5_s3
collective,14,2.0,1,1,7010,8.396649e-02,9.796621e-03,0.061964277457706475,0.026109083281411132,0.3752,,,collective_n_qubits14_lam2.0_s1
collective,14,2.0,2,2,7010,6.530397e-02,5.961116e-03,0.0789363200033527,0.0024972541579437943,2.387,,,collective_n_qubits14_lam2.0_s2
collective,14,2.0,3,3,7010,6.641210e-02,8.723936e-03,0.07822350380758226,0.013634809874572404,0.6398,,,collective_n_qubits14_lam2.0_s3
collective,16,1.0,1,1,7010,1.421406e-02,9.130991e-08,0.014214063281621479,6.751477317700852e-06,0.01352,,,collective_n_qubits16_lam1.0_s1
collective,16,1.0,2,2,7010,8.707772e-03,1.569539e-04,0.005017357050159156,1.3504964011662272e-06,116.2,,,collective_n_qubits16_lam1.0_s2
collective,16,1.0,3,3,7010,6.481012e-03,2.443563e-07,0.014001521326766783,3.824508792121048e-06,0.06389,,,collective_n_qubits16_lam1.0_s3
pairwise-all,8,0.5,1,1,7010,9.052364e-03,3.967405e-03,0.005408988864771869,0.004210238895585996,0.9423,,,pairwise-all_n_qubits8_lam0.5_s1
pairwise-all,8,0.5,2,2,7010,9.425860e-03,3.936954e-03,0.009823740051935407,0.003967185485937738,0.9924,,,pairwise-all_n_qubits8_lam0.5_s2
pairwise-all,8,0.5,3,3,7010,6.315929e-03,4.088712e-03,0.006113479234044833,0.004088712190629477,1,,,pairwise-all_n_qubits8_lam0.5_s3
pairwise-all,8,1.0,1,1,7010,2.186651e-02,2.138938e-02,0.02594174635927388,0.02084822921693638,1.026,,5.33e-15,pairwise-all_n_qubits8_lam1.0_s1
pairwise-all,8,1.0,2,2,7010,2.521760e-02,2.091574e-02,0.021970690671519074,0.020343241759888435,1.028,,6.92e-15,pairwise-all_n_qubits8_lam1.0_s2
pairwise-all,8,1.0,3,3,7010,2.242666e-02,2.091224e-02,0.021553194145195825,0.021389375827621862,0.9777,,5.86e-15,pairwise-all_n_qubits8_lam1.0_s3
pairwise-all,8,1.5,1,1,7010,6.548028e-02,6.468395e-02,0.06577303917687383,0.06468395384894779,1,,6.08e-15,pairwise-all_n_qubits8_lam1.5_s1
pairwise-all,8,1.5,2,2,7010,7.349672e-02,6.348772e-02,0.06694521851939157,0.062253981267913386,1.02,6.344759e-02,4.96e-15,pairwise-all_n_qubits8_lam1.5_s2
pairwise-all,8,1.5,3,3,7010,6.742846e-02,6.468395e-02,0.06587281848881703,0.06570703171803371,0.9844,,5.80e-15,pairwise-all_n_qubits8_lam1.5_s3
pairwise-all,8,2.0,1,1,7010,1.480285e-01,1.438694e-01,0.14719767273714068,0.1460010267156254,0.9854,,5.93e-15,pairwise-all_n_qubits8_lam2.0_s1
pairwise-all,8,2.0,2,2,7010,1.473185e-01,1.460010e-01,0.1502216633255137,0.14552448742779195,1.003,,5.88e-15,pairwise-all_n_qubits8_lam2.0_s2
pairwise-all,8,2.0,3,3,7010,1.514857e-01,1.438694e-01,0.14896806989556552,0.14227853737065338,1.011,,5.56e-15,pairwise-all_n_qubits8_lam2.0_s3
pairwise-all,10,0.5,1,1,7010,3.532422e-03,3.532422e-03,0.004013103911978313,0.003470152584280518,1.018,,,pairwise-all_n_qubits10_lam0.5_s1
pairwise-all,10,0.5,2,2,7010,8.152422e-03,3.407883e-03,0.005970327316442377,0.0033456135925856068,1.019,,,pairwise-all_n_qubits10_lam0.5_s2
pairwise-all,10,0.5,3,3,7010,4.837394e-03,3.470153e-03,0.004492074829059868,0.0035324220790638,0.9824,,,pairwise-all_n_qubits10_lam0.5_s3
pairwise-all,10,1.0,1,1,7010,2.079179e-02,1.899238e-02,0.021101321583442606,0.018176496302147144,1.045,,5.62e-15,pairwise-all_n_qubits10_lam1.0_s1
pairwise-all,10,1.0,2,2,7010,2.217924e-02,1.874840e-02,0.020181941313452696,0.01923741332855081,0.9746,1.872141e-02,6.24e-15,pairwise-all_n_qubits10_lam1.0_s2
pairwise-all,10,1.0,3,3,7010,1.922063e-02,1.899238e-02,0.021102269472217248,0.018992375735016543,1,,5.87e-15,pairwise-all_n_qubits10_lam1.0_s3
pairwise-all,10,1.5,1,1,7010,6.397706e-02,6.387512e-02,0.06569138058691276,0.06387512325159032,1,,,pairwise-all_n_qubits10_lam1.5_s1
pairwise-all,10,1.5,2,2,7010,6.827158e-02,6.387512e-02,0.06599097872008365,0.06440036501114589,0.9918,,,pairwise-all_n_qubits10_lam1.5_s2
pairwise-all,10,1.5,3,3,7010,6.572712e-02,6.388092e-02,0.06557266715530495,0.06327003887537491,1.01,,,pairwise-all_n_qubits10_lam1.5_s3
pairwise-all,10,2.0,1,1,7010,1.569708e-01,1.545091e-01,0.15730815140730875,0.15450909175726446,1,,5.41e-15,pairwise-all_n_qubits10_lam2.0_s1
pairwise-all,10,2.0,2,2,7010,1.569042e-01,1.545091e-01,0.15601620159843127,0.15347888549115846,1.007,,6.28e-15,pairwise-all_n_qubits10_lam2.0_s2
pairwise-all,10,2.0,3,3,7010,1.562061e-01,1.553508e-01,0.15797795286784633,0.15535080021137151,1,,5.25e-15,pairwise-all_n_qubits10_lam2.0_s3
pairwise-all,12,1.0,1,1,7010,1.921011e-02,1.690403e-02,0.01876790365399144,0.01690402639242996,1,,6.53e-15,pairwise-all_n_qubits12_lam1.0_s1
pairwise-all,12,1.0,2,2,7010,1.854865e-02,1.676239e-02,0.017503995905565943,0.01704615392527131,0.9834,,5.13e-15,pairwise-all_n_qubits12_lam1.0_s2
pairwise-all,12,1.0,3,3,7010,1.861720e-02,1.704615e-02,0.018757076777965925,0.01676255302624963,1.017,,5.36e-15,pairwise-all_n_qubits12_lam1.0_s3
pairwise-all,12,1.5,1,1,7010,6.550730e-02,6.360669e-02,0.06522715785785957,0.06360668957265384,1,,6.32e-15,pairwise-all_n_qubits12_lam1.5_s1
pairwise-all,12,1.5,2,2,7010,6.587647e-02,6.295936e-02,0.06532015900616402,0.06360668957255615,0.9898,,6.22e-15,pairwise-all_n_qubits12_lam1.5_s2
pairwise-all,12,1.5,3,3,7010,6.466236e-02,6.391111e-02,0.06604915576615768,0.06330227013145318,1.01,,5.29e-15,pairwise-all_n_qubits12_lam1.5_s3
pairwise-all,12,2.0,1,1,7010,1.627887e-01,1.621163e-01,0.16279235565989153,0.1611482063458705,1.006,,5.77e-15,pairwise-all_n_qubits12_lam2.0_s1
pairwise-all,12,2.0,2,2,7010,1.629809e-01,1.605755e-01,0.16284299194173818,0.16067073414848737,0.9994,,7.04e-15,pairwise-all_n_qubits12_lam2.0_s2
pairwise-all,12,2.0,3,3,7010,1.621163e-01,1.621163e-01,0.16444293137577762,0.16114820634625387,1.006,,5.98e-15,pairwise-all_n_qubits12_lam2.0_s3
pairwise-all,14,1.0,1,1,7010,1.681338e-02,1.537201e-02,0.017828586361760376,0.01537201153663548,1,,6.30e-15,pairwise-all_n_qubits14_lam1.0_s1
pairwise-all,14,1.0,2,2,7010,1.555134e-02,1.555134e-02,0.01618028003983958,0.015372011537071913,1.012,,5.70e-15,pairwise-all_n_qubits14_lam1.0_s2
pairwise-all,14,1.0,3,3,7010,1.784011e-02,1.536534e-02,0.018075242291329154,0.015461673974655553,0.9938,,5.83e-15,pairwise-all_n_qubits14_lam1.0_s3
pairwise-all,14,1.5,1,1,7010,6.538188e-02,6.309604e-02,0.06344327064917545,0.06330971580157121,0.9966,6.330972e-02,5.91e-15,pairwise-all_n_qubits14_lam1.5_s1
pairwise-all,14,1.5,2,2,7010,6.733460e-02,6.292713e-02,0.06350155361716096,0.06350155361716013,0.991,,5.53e-15,pairwise-all_n_qubits14_lam1.5_s2
pairwise-all,14,1.5,3,3,7010,6.606026e-02,6.309604e-02,0.06562614531404826,0.06311787798624538,0.9997,,6.03e-15,pairwise-all_n_qubits14_lam1.5_s3
pairwise-all,14,2.0,1,1,7010,1.699731e-01,1.663623e-01,0.16786793659488627,0.16666278663411818,0.9982,1.666628e-01,6.29e-15,pairwise-all_n_qubits14_lam2.0_s1
pairwise-all,14,2.0,2,2,7010,1.691816e-01,1.666628e-01,0.16701874756576543,0.1663595890480166,1.002,1.663596e-01,6.06e-15,pairwise-all_n_qubits14_lam2.0_s2
pairwise-all,14,2.0,3,3,7010,1.669544e-01,1.660594e-01,0.16734230838433348,0.16666278663341993,0.9964,,7.04e-15,pairwise-all_n_qubits14_lam2.0_s3
pairwise-all,16,1.0,1,1,7010,1.518753e-02,1.409387e-02,0.016192553172099656,0.014029924500601554,1.005,,5.92e-15,pairwise-all_n_qubits16_lam1.0_s1
pairwise-all,16,1.0,2,2,7010,1.421406e-02,1.421406e-02,0.014214063281631106,0.014214063281630888,1,,6.06e-15,pairwise-all_n_qubits16_lam1.0_s2
pairwise-all,16,1.0,3,3,7010,1.536235e-02,1.415391e-02,0.015488951225573764,0.014093874563421756,1.004,,6.37e-15,pairwise-all_n_qubits16_lam1.0_s3
pairwise-ext-mf,8,0.5,1,1,7010,1.505372e-02,4.088712e-03,0.011545937746517309,0.004210238895692129,0.9711,,,pairwise-ext-mf_n_qubits8_lam0.5_s1
pairwise-ext-mf,8,0.5,2,2,7010,1.354953e-02,3.708091e-03,0.010733940062918555,0.0040887121907621435,0.9069,3.967185e-03,,pairwise-ext-mf_n_qubits8_lam0.5_s2
pairwise-ext-mf,8,0.5,3,3,7010,1.438011e-02,3.845718e-03,0.011028070585295495,0.003967185487531276,0.9694,,,pairwise-ext-mf_n_qubits8_lam0.5_s3
pairwise-ext-mf,8,1.0,1,1,7010,2.946148e-02,2.091546e-02,0.028545822843579545,0.020343241760403825,1.028,,5.30e-15,pairwise-ext-mf_n_qubits8_lam1.0_s1
pairwise-ext-mf,8,1.0,2,2,7010,2.894749e-02,2.138938e-02,0.031431430407441285,0.02084822921616254,1.026,,5.37e-15,pairwise-ext-mf_n_qubits8_lam1.0_s2
pairwise-ext-mf,8,1.0,3,3,7010,3.677153e-02,1.874747e-02,0.03163309516478693,0.01996483784852556,0.939,2.138938e-02,5.60e-15,pairwise-ext-mf_n_qubits8_lam1.0_s3
pairwise-ext-mf,8,1.5,1,1,7010,7.319411e-02,3.671240e-02,0.07104606240497874,0.03654360942238276,1.005,,5.41e-15,pairwise-ext-mf_n_qubits8_lam1.5_s1
pairwise-ext-mf,8,1.5,2,2,7010,5.739879e-02,3.505546e-02,0.06806215425916703,0.03621376568494202,0.968,,4.79e-15,pairwise-ext-mf_n_qubits8_lam1.5_s2
pairwise-ext-mf,8,1.5,3,3,7010,8.371459e-02,3.646074e-02,0.05180030960075006,0.0365634078744304,0.9972,,5.94e-15,pairwise-ext-mf_n_qubits8_lam1.5_s3
pairwise-ext-mf,8,2.0,1,1,7010,6.609268e-02,1.560347e-02,0.05349388013805099,0.015831180385304167,0.9856,,5.96e-15,pairwise-ext-mf_n_qubits8_lam2.0_s1
pairwise-ext-mf,8,2.0,2,2,7010,6.232536e-02,1.581546e-02,0.05397515494016894,0.014354723701465868,1.102,,5.63e-15,pairwise-ext-mf_n_qubits8_lam2.0_s2
pairwise-ext-mf,8,2.0,3,3,7010,5.979799e-02,1.619145e-02,0.06125694313950964,0.01596354107024465,1.014,,5.34e-15,pairwise-ext-mf_n_qubits8_lam2.0_s3
pairwise-ext-mf,10,0.5,1,1,7010,1.353792e-02,3.404681e-03,0.013489253351107924,0.003345743853554007,1.018,,,pairwise-ext-mf_n_qubits10_lam0.5_s1
pairwise-ext-mf,10,0.5,2,2,7010,9.710984e-03,3.470153e-03,0.007133633396465146,0.003407883088082232,1.018,3.407962e-03,,pairwise-ext-mf_n_qubits10_lam0.5_s2
pairwise-ext-mf,10,0.5,3,3,7010,1.222739e-02,3.470153e-03,0.010027985161336373,0.0034078838314393184,1.018,,,pairwise-ext-mf_n_qubits10_lam0.5_s3
pairwise-ext-mf,10,1.0,1,1,7010,3.234844e-02,1.899238e-02,0.02579706033879799,0.018219696266252337,1.042,,5.46e-15,pairwise-ext-mf_n_qubits10_lam1.0_s1
pairwise-ext-mf,10,1.0,2,2,7010,2.274620e-02,1.899238e-02,0.020835347995648044,0.018748402884158875,1.013,,4.96e-15,pairwise-ext-mf_n_qubits10_lam1.0_s2
pairwise-ext-mf,10,1.0,3,3,7010,3.479632e-02,1.820672e-02,0.029511206146123087,0.01850351588709881,0.984,1.874734e-02,5.30e-15,pairwise-ext-mf_n_qubits10_lam1.0_s3
pairwise-ext-mf,10,1.5,1,1,7010,5.320328e-02,2.498444e-02,0.05629172510279825,0.025725026825549613,0.9712,,,pairwise-ext-mf_n_qubits10_lam1.5_s1
pairwise-ext-mf,10,1.5,2,2,7010,5.962845e-02,2.522610e-02,0.0674811224801106,0.02521261898692824,1.001,,,pairwise-ext-mf_n_qubits10_lam1.5_s2
pairwise-ext-mf,10,1.5,3,3,7010,6.339365e-02,2.489936e-02,0.060309414943713696,0.0251660699285144,0.9894,,,pairwise-ext-mf_n_qubits10_lam1.5_s3
pairwise-ext-mf,10,2.0,1,1,7010,5.901676e-02,8.306757e-03,0.027725939480375394,0.0082785262811599,1.003,7.688246e-03,5.21e-15,pairwise-ext-mf_n_qubits10_lam2.0_s1
pairwise-ext-mf,10,2.0,2,2,7010,4.378340e-02,8.126823e-03,0.03333717722879874,0.00814946529357716,0.9972,,5.38e-15,pairwise-ext-mf_n_qubits10_lam2.0_s2
pairwise-ext-mf,10,2.0,3,3,7010,4.678309e-02,8.082941e-03,0.03710767106417782,0.008362959223760895,0.9665,,5.02e-15,pairwise-ext-mf_n_qubits10_lam2.0_s3
pairwise-ext-mf,12,1.0,1,1,7010,2.339065e-02,1.659381e-02,0.03322901839672075,0.016465659118220597,1.008,,5.64e-15,pairwise-ext-mf_n_qubits12_lam1.0_s1
pairwise-ext-mf,12,1.0,2,2,7010,2.210155e-02,1.690403e-02,0.021227431676862727,0.01674995255072933,1.009,,5.64e-15,pairwise-ext-mf_n_qubits12_lam1.0_s2
pairwise-ext-mf,12,1.0,3,3,7010,2.585664e-02,1.646659e-02,0.01930163491674094,0.01718828145998433,0.958,,4.77e-15,pairwise-ext-mf_n_qubits12_lam1.0_s3
pairwise-ext-mf,12,1.5,1,1,7010,4.766281e-02,1.806096e-02,0.03983571431718134,0.018272709313148557,0.9884,,6.27e-15,pairwise-ext-mf_n_qubits12_lam1.5_s1
pairwise-ext-mf,12,1.5,2,2,7010,4.192424e-02,1.827117e-02,0.043823893042845743,0.01827252323947968,0.9999,,6.65e-15,pairwise-ext-mf_n_qubits12_lam1.5_s2
pairwise-ext-mf,12,1.5,3,3,7010,5.917170e-02,1.770108e-02,0.055634424031554885,0.017924277802889254,0.9875,,6.55e-15,pairwise-ext-mf_n_qubits12_lam1.5_s3
pairwise-ext-mf,12,2.0,1,1,7010,2.717103e-02,4.804338e-03,0.032357305140649516,0.004783560323752859,1.004,,6.10e-15,pairwise-ext-mf_n_qubits12_lam2.0_s1
pairwise-ext-mf,12,2.0,2,2,7010,4.102188e-02,4.852331e-03,0.04346767204019978,0.0048112048958088224,1.009,4.831354e-03,5.85e-15,pairwise-ext-mf_n_qubits12_lam2.0_s2
pairwise-ext-mf,12,2.0,3,3,7010,3.447863e-02,4.897093e-03,0.03861199497685368,0.004839884538936785,1.012,,6.06e-15,pairwise-ext-mf_n_qubits12_lam2.0_s3
pairwise-ext-mf,14,1.0,1,1,7010,2.233099e-02,1.517935e-02,0.019529810931334855,0.01537201153725503,0.9875,,5.53e-15,pairwise-ext-mf_n_qubits14_lam1.0_s1
pairwise-ext-mf,14,1.0,2,2,7010,2.272722e-02,1.546167e-02,0.01936685049409544,0.015193085010810691,1.018,1.528235e-02,5.41e-15,pairwise-ext-mf_n_qubits14_lam1.0_s2
pairwise-ext-mf,14,1.0,3,3,7010,1.832559e-02,1.545512e-02,0.021346527327596943,0.01527589578429409,1.012,,5.25e-15,pairwise-ext-mf_n_qubits14_lam1.0_s3
pairwise-ext-mf,14,1.5,1,1,7010,5.019793e-02,1.324696e-02,0.045952776228361525,0.013159804955493511,1.007,,5.78e-15,pairwise-ext-mf_n_qubits14_lam1.5_s1
pairwise-ext-mf,14,1.5,2,2,7010,3.157116e-02,1.298572e-02,0.04105127667282593,0.013080828265270524,0.9927,,6.70e-15,pairwise-ext-mf_n_qubits14_lam1.5_s2
pairwise-ext-mf,14,1.5,3,3,7010,3.836538e-02,1.324778e-02,0.026376883244581303,0.013079606326732008,1.013,,6.32e-15,pairwise-ext-mf_n_qubits14_lam1.5_s3
pairwise-ext-mf,14,2.0,1,1,7010,3.299671e-02,3.224589e-03,0.02617827272951248,0.0031024067530967584,1.039,,6.63e-15,pairwise-ext-mf_n_qubits14_lam2.0_s1
pairwise-ext-mf,14,2.0,2,2,7010,2.682574e-02,3.230455e-03,0.02732180274559315,0.0032982788978517534,0.9794,,4.62e-15,pairwise-ext-mf_n_qubits14_lam2.0_s2
pairwise-ext-mf,14,2.0,3,3,7010,4.112197e-02,3.297241e-03,0.023605885883671584,0.0031283380670939424,1.054,,7.12e-15,pairwise-ext-mf_n_qubits14_lam2.0_s3
pairwise-ext-mf,16,1.0,1,1,7010,1.863083e-02,1.409376e-02,0.017212719405317607,0.014029710066371746,1.005,,5.34e-15,pairwise-ext-mf_n_qubits16_lam1.0_s1
pairwise-ext-mf,16,1.0,2,2,7010,2.225259e-02,1.402555e-02,0.02168457912550091,0.014093757450368944,0.9952,,6.10e-15,pairwise-ext-mf_n_qubits16_lam1.0_s2
pairwise-ext-mf,16,1.0,3,3,7010,1.926644e-02,1.409376e-02,0.015833381049063358,0.014093859973896379,1,,5.55e-15,pairwise-ext-mf_n_qubits16_lam1.0_s3
