run,kind,n_qubits,h,lam,gamma,pool_kind,connectivity,seed,init_state,paulis,pool_size,seq_len,ground_energy,best_energy,best_epoch,abs_error,refined_energy,refined_abs_error,rel_error,refined_rel_error,variant
collective-scaled_n_qubits10_lam1.0_s1,lmg,10,1.0,1.0,0.0,collective,all,1,zero,"ZZ,XX,YY",30,26,-5.098073751945616,-4.42931784213221,249,0.6687559098134059,-5.098073751945434,1.8207657603852567e-13,0.1311781551920828,3.571477873756503e-14,collective
collective-scaled_n_qubits10_lam1.0_s2,lmg,10,1.0,1.0,0.0,collective,all,2,zero,"ZZ,XX,YY",30,26,-5.098073751945616,-4.290367441451577,118,0.807706310494039,-5.0980737519452735,3.4283687000424834e-13,0.15843362607019718,6.724831508634196e-14,collective
collective-scaled_n_qubits10_lam1.0_s3,lmg,10,1.0,1.0,0.0,collective,all,3,zero,"ZZ,XX,YY",30,26,-5.098073751945616,-4.502963579363419,653,0.5951101725821974,-5.098073751945364,2.5224267119483557e-13,0.11673235844324165,4.947803493399253e-14,collective
collective-scaled_n_qubits10_lam1.0_s4,lmg,10,1.0,1.0,0.0,collective,all,4,zero,"ZZ,XX,YY",30,26,-5.098073751945616,-4.514459624151179,342,0.5836141277944371,-5.098073751945416,2.007283228522283e-13,0.11447738031873471,3.937336582775462e-14,collective
collective-scaled_n_qubits10_lam1.0_s5,lmg,10,1.0,1.0,0.0,collective,all,5,zero,"ZZ,XX,YY",30,26,-5.098073751945616,-4.342918276534453,471,0.7551554754111631,-5.098073751945261,3.552713678800501e-13,0.14812564748067197,6.968737314646835e-14,collective
collective-scaled_n_qubits10_lam1.0_s6,lmg,10,1.0,1.0,0.0,collective,all,6,zero,"ZZ,XX,YY",30,26,-5.098073751945616,-4.857441568913971,43,0.24063218303164557,-5.098073751945339,2.7711166694643907e-13,0.04720060845330284,5.4356151054245313e-14,collective
collective-scaled_n_qubits10_lam2.0_s1,lmg,10,1.0,2.0,0.0,collective,all,1,zero,"ZZ,XX,YY",30,26,-5.9255221734236585,-5.247875304165022,251,0.6776468692586368,-5.925522173412232,1.1426415369442111e-11,0.11436070095187996,1.928338977565607e-12,collective
collective-scaled_n_qubits10_lam2.0_s2,lmg,10,1.0,2.0,0.0,collective,all,2,zero,"ZZ,XX,YY",30,26,-5.9255221734236585,-5.435850160628259,61,0.48967201279539907,-5.925522173409259,1.439914854017843e-11,0.08263778253866115,2.4300218814064222e-12,collective
collective-scaled_n_qubits10_lam2.0_s3,lmg,10,1.0,2.0,0.0,collective,all,3,zero,"ZZ,XX,YY",30,26,-5.9255221734236585,-5.348528978988169,159,0.5769931944354898,-5.925522173421036,2.62279087337447e-12,0.09737423598266845,4.426261174311106e-13,collective
collective-scaled_n_qubits10_lam2.0_s4,lmg,10,1.0,2.0,0.0,collective,all,4,zero,"ZZ,XX,YY",30,26,-5.9255221734236585,-5.6002314783389355,388,0.32529069508472297,-5.925522173420047,3.611333454500709e-12,0.05489654507473996,6.094540445224841e-13,collective
collective-scaled_n_qubits10_lam2.0_s5,lmg,10,1.0,2.0,0.0,collective,all,5,zero,"ZZ,XX,YY",30,26,-5.9255221734236585,-5.249597103099705,498,0.6759250703239532,-5.925522173413634,1.0024869823155313e-11,0.11407012758394862,1.6918120512851152e-12,collective
collective-scaled_n_qubits10_lam2.0_s6,lmg,10,1.0,2.0,0.0,collective,all,6,zero,"ZZ,XX,YY",30,26,-5.9255221734236585,-5.272323718379553,311,0.6531984550441052,-5.925522173423496,1.6253665080512292e-13,0.11023474993878879,2.742992871313689e-14,collective
collective-scaled_n_qubits12_lam1.0_s1,lmg,12,1.0,1.0,0.0,collective,all,1,zero,"ZZ,XX,YY",30,26,-6.104933312061926,-5.988165026850385,547,0.11676828521154015,-6.104933312059823,2.1023183194301964e-12,0.019126873176621473,3.443638467395713e-13,collective
collective-scaled_n_qubits12_lam1.0_s2,lmg,12,1.0,1.0,0.0,collective,all,2,zero,"ZZ,XX,YY",30,26,-6.104933312061926,-5.999999999999934,2,0.1049333120619913,-6.10493331206136,5.657696533489798e-13,0.01718828145995756,9.267417421762016e-14,collective
collective-scaled_n_qubits12_lam1.0_s3,lmg,12,1.0,1.0,0.0,collective,all,3,zero,"ZZ,XX,YY",30,26,-6.104933312061926,-5.489279527466146,466,0.6156537845957795,-6.104933312060813,1.112887559884257e-12,0.1008452923440443,1.822931558786155e-13,collective
collective-scaled_n_qubits12_lam1.0_s4,lmg,12,1.0,1.0,0.0,collective,all,4,zero,"ZZ,XX,YY",30,26,-6.104933312061926,-5.153905279211732,44,0.9510280328501937,-6.104933312061361,5.648814749292796e-13,0.15578024922421083,9.252868885778089e-14,collective
collective-scaled_n_qubits12_lam1.0_s5,lmg,12,1.0,1.0,0.0,collective,all,5,zero,"ZZ,XX,YY",30,26,-6.104933312061926,-5.162288071480514,521,0.9426452405814114,-6.10493331206071,1.2159162565694714e-12,0.15440713147823648,1.9916945761997176e-13,collective
collective-scaled_n_qubits12_lam1.0_s6,lmg,12,1.0,1.0,0.0,collective,all,6,zero,"ZZ,XX,YY",30,26,-6.104933312061926,-5.034096120648891,261,1.0708371914130348,-6.104933312061119,8.064660050877137e-13,0.17540522339487477,1.3210070673406453e-13,collective
collective-scaled_n_qubits12_lam2.0_s1,lmg,12,1.0,2.0,0.0,collective,all,1,zero,"ZZ,XX,YY",30,26,-7.160898355632,-6.370134228414257,89,0.7907641272177433,-7.160898355591555,4.04449806978846e-11,0.11042806194781586,5.648031669947513e-12,collective
collective-scaled_n_qubits12_lam2.0_s2,lmg,12,1.0,2.0,0.0,collective,all,2,zero,"ZZ,XX,YY",30,26,-7.160898355632,-6.246891560795729,132,0.9140067948362711,-7.16089835560276,2.923972175494782e-11,0.1276385656441291,4.083247702008083e-12,collective
collective-scaled_n_qubits12_lam2.0_s3,lmg,12,1.0,2.0,0.0,collective,all,3,zero,"ZZ,XX,YY",30,26,-7.160898355632,-6.353682980370563,317,0.8072153752614373,-7.160898355613148,1.8851586958135158e-11,0.1127254340409074,2.6325729010395055e-12,collective
collective-scaled_n_qubits12_lam2.0_s4,lmg,12,1.0,2.0,0.0,collective,all,4,zero,"ZZ,XX,YY",30,26,-7.160898355632,-6.227971482811565,407,0.9329268728204347,-7.160898355621117,1.0882850176585634e-11,0.13028070313087098,1.5197604596672348e-12,collective
collective-scaled_n_qubits12_lam2.0_s5,lmg,12,1.0,2.0,0.0,collective,all,5,zero,"ZZ,XX,YY",30,26,-7.160898355632,-6.104516154025985,308,1.0563822016060147,-7.160898355601944,3.005595772265224e-11,0.14752090438138632,4.197232837275706e-12,collective
collective-scaled_n_qubits12_lam2.0_s6,lmg,12,1.0,2.0,0.0,collective,all,6,zero,"ZZ,XX,YY",30,26,-7.160898355632,-6.170915161419658,163,0.9899831942123418,-7.160898355625862,6.1382010585475655e-12,0.1382484633975745,8.57183101016915e-13,collective
collective-scaled_n_qubits14_lam1.0_s1,lmg,14,1.0,1.0,0.0,collective,all,1,zero,"ZZ,XX,YY",30,26,-7.1105790062312195,-5.528251861741272,177,1.5823271444899474,-7.110579006221194,1.0025758001575014e-11,0.2225314061067749,1.40997772372533e-12,collective
collective-scaled_n_qubits14_lam1.0_s2,lmg,14,1.0,1.0,0.0,collective,all,2,zero,"ZZ,XX,YY",30,26,-7.1105790062312195,-5.787498708419068,24,1.3230802978121519,-7.110579006227389,3.83071352416664e-12,0.18607209014240553,5.387344013489855e-13,collective
collective-scaled_n_qubits14_lam1.0_s3,lmg,14,1.0,1.0,0.0,collective,all,3,zero,"ZZ,XX,YY",30,26,-7.1105790062312195,-6.185188075042073,244,0.9253909311891464,-7.110579006224931,6.288303211476887e-12,0.13014283792897846,8.843588132508271e-13,collective
collective-scaled_n_qubits14_lam1.0_s4,lmg,14,1.0,1.0,0.0,collective,all,4,zero,"ZZ,XX,YY",30,26,-7.1105790062312195,-5.840046148194837,611,1.2705328580363826,-7.110579006226386,4.8334669600080815e-12,0.1786820534478241,6.797571556088985e-13,collective
collective-scaled_n_qubits14_lam1.0_s5,lmg,14,1.0,1.0,0.0,collective,all,5,zero,"ZZ,XX,YY",30,26,-7.1105790062312195,-6.313253496702849,700,0.7973255095283704,-7.110579006224082,7.137401780710206e-12,0.11213229032820668,1.0037722349270688e-12,collective
collective-scaled_n_qubits14_lam1.0_s6,lmg,14,1.0,1.0,0.0,collective,all,6,zero,"ZZ,XX,YY",30,26,-7.1105790062312195,-5.47655431553608,334,1.6340246906951394,-7.110579006228049,3.170796958329447e-12,0.22980191757425003,4.4592668973240856e-13,collective
collective-scaled_n_qubits14_lam2.0_s1,lmg,14,1.0,2.0,0.0,collective,all,1,zero,"ZZ,XX,YY",30,26,-8.403018205007816,-6.9385902877094745,555,1.4644279172983419,-8.40301820499964,8.176570531759353e-12,0.1742740383955862,9.730516264842184e-13,collective
collective-scaled_n_qubits14_lam2.0_s2,lmg,14,1.0,2.0,0.0,collective,all,2,zero,"ZZ,XX,YY",30,26,-8.403018205007816,-7.231647007093435,698,1.1713711979143815,-8.403018205003457,4.359179683888215e-12,0.13939886470986074,5.187635653687317e-13,collective
collective-scaled_n_qubits14_lam2.0_s3,lmg,14,1.0,2.0,0.0,collective,all,3,zero,"ZZ,XX,YY",30,26,-8.403018205007816,-7.528071301761539,456,0.8749469032462773,-8.403018205000631,7.185363415374013e-12,0.10412293320093592,8.55093162965167e-13,collective
collective-scaled_n_qubits14_lam2.0_s4,lmg,14,1.0,2.0,0.0,collective,all,4,zero,"ZZ,XX,YY",30,26,-8.403018205007816,-6.862244875138531,411,1.5407733298692854,-8.40301820500239,5.426770144367765e-12,0.18335951348422103,6.458120180120111e-13,collective
collective-scaled_n_qubits14_lam2.0_s5,lmg,14,1.0,2.0,0.0,collective,all,5,zero,"ZZ,XX,YY",30,26,-8.403018205007816,-6.779091284104977,1,1.6239269209028393,-8.403018205003184,4.632738637155853e-12,0.1932551948935506,5.513184101392226e-13,collective
collective-scaled_n_qubits14_lam2.0_s6,lmg,14,1.0,2.0,0.0,collective,all,6,zero,"ZZ,XX,YY",30,26,-8.403018205007816,-7.101703481325426,444,1.30131472368239,-8.403018205001624,6.192379942149273e-12,0.15486277572347348,7.369233043502032e-13,collective
collective-scaled_n_qubits16_lam1.0_s1,lmg,16,1.0,1.0,0.0,collective,all,1,zero,"ZZ,XX,YY",30,26,-8.115352128710208,-7.378158918901411,269,0.7371932098087974,-8.115352128674454,3.575451046344824e-11,0.09083933735922328,4.40578669863963e-12,collective
collective-scaled_n_qubits16_lam1.0_s2,lmg,16,1.0,1.0,0.0,collective,all,2,zero,"ZZ,XX,YY",30,26,-8.115352128710208,-6.6045646709726205,238,1.510787457737588,-8.115352128693251,1.695710238891479e-11,0.18616412865102636,2.0895091328107066e-12,collective
collective-scaled_n_qubits16_lam1.0_s3,lmg,16,1.0,1.0,0.0,collective,all,3,zero,"ZZ,XX,YY",30,26,-8.115352128710208,-7.035218234059423,442,1.0801338946507855,-8.115352128686094,2.41140440948584e-11,0.13309760038994803,2.9714106932647543e-12,collective
collective-scaled_n_qubits16_lam1.0_s4,lmg,16,1.0,1.0,0.0,collective,all,4,zero,"ZZ,XX,YY",30,26,-8.115352128710208,-6.673325269281741,144,1.4420268594284673,-8.115352128682856,2.7352342613085057e-11,0.17769122479934238,3.3704443355352255e-12,collective
collective-scaled_n_qubits16_lam1.0_s5,lmg,16,1.0,1.0,0.0,collective,all,5,zero,"ZZ,XX,YY",30,26,-8.115352128710208,-6.13485149846274,435,1.9805006302474686,-8.115352128692594,1.7614354419492884e-11,0.24404370861997754,2.170497858888641e-12,collective
collective-scaled_n_qubits16_lam1.0_s6,lmg,16,1.0,1.0,0.0,collective,all,6,zero,"ZZ,XX,YY",30,26,-8.115352128710208,-7.146157483620426,483,0.9691946450897824,-8.115352128698643,1.156585938133503e-11,0.11942730638403225,1.4251826905227857e-12,collective
collective-scaled_n_qubits16_lam2.0_s1,lmg,16,1.0,2.0,0.0,collective,all,1,zero,"ZZ,XX,YY",30,26,-9.648632144195286,-7.853306969032054,241,1.7953251751632324,-9.648632144183988,1.1297629498585593e-11,0.1860704344753487,1.170904780050337e-12,collective
collective-scaled_n_qubits16_lam2.0_s2,lmg,16,1.0,2.0,0.0,collective,all,2,zero,"ZZ,XX,YY",30,26,-9.648632144195286,-7.86046746974809,618,1.788164674447196,-9.648632144174641,2.064481918750971e-11,0.18532830848183737,2.1396627914693423e-12,collective
collective-scaled_n_qubits16_lam2.0_s3,lmg,16,1.0,2.0,0.0,collective,all,3,zero,"ZZ,XX,YY",30,26,-9.648632144195286,-7.85344578694412,403,1.7951863572511657,-9.648632144175119,2.0166979197711044e-11,0.18605604716013222,2.0901386741999175e-12,collective
collective-scaled_n_qubits16_lam2.0_s4,lmg,16,1.0,2.0,0.0,collective,all,4,zero,"ZZ,XX,YY",30,26,-9.648632144195286,-7.875489318024163,612,1.7731428261711226,-9.648632144165228,3.005773407949164e-11,0.18377141958281237,3.115232670319458e-12,collective
collective-scaled_n_qubits16_lam2.0_s5,lmg,16,1.0,2.0,0.0,collective,all,5,zero,"ZZ,XX,YY",30,26,-9.648632144195286,-7.877450043519856,37,1.7711821006754302,-9.6486321441574,3.788613867072854e-11,0.18356820678887537,3.926581312722262e-12,collective
collective-scaled_n_qubits16_lam2.0_s6,lmg,16,1.0,2.0,0.0,collective,all,6,zero,"ZZ,XX,YY",30,26,-9.648632144195286,-8.449066185507563,464,1.1995659586877228,-9.648632144169119,2.616751260120509e-11,0.12432497588887702,2.712043760207785e-12,collective
collective-scaled_n_qubits18_lam1.0_s1,lmg,18,1.0,1.0,0.0,collective,all,1,zero,"ZZ,XX,YY",30,26,-9.119470058498061,-8.589270932195634,37,0.5301991263024277,-9.119470058445724,5.233680155924958e-11,0.058139247445454005,5.739017862170516e-12,collective
collective-scaled_n_qubits18_lam1.0_s2,lmg,18,1.0,1.0,0.0,collective,all,2,zero,"ZZ,XX,YY",30,26,-9.119470058498061,-7.223508658210828,472,1.8959614002872334,-9.119470058422609,7.545253311036504e-11,0.2079025851420461,8.273784839071204e-12,collective
collective-scaled_n_qubits18_lam1.0_s3,lmg,18,1.0,1.0,0.0,collective,all,3,zero,"ZZ,XX,YY",30,26,-9.119470058498061,-6.99464578284953,3,2.124824275648531,-9.119470058436287,6.177458544698311e-11,0.23299865694152855,6.773922722561921e-12,collective
collective-scaled_n_qubits18_lam1.0_s4,lmg,18,1.0,1.0,0.0,collective,all,4,zero,"ZZ,XX,YY",30,26,-9.119470058498061,-7.018168161045126,130,2.1013018974529354,-9.119470058339191,1.588702502886008e-10,0.23041929892568902,1.742099587689924e-11,collective
collective-scaled_n_qubits18_lam1.0_s5,lmg,18,1.0,1.0,0.0,collective,all,5,zero,"ZZ,XX,YY",30,26,-9.119470058498061,-7.033838980516348,50,2.085631077981713,-9.119470058361287,1.3677414756330109e-10,0.22870090746536292,1.4998036803229246e-11,collective
collective-scaled_n_qubits18_lam1.0_s6,lmg,18,1.0,1.0,0.0,collective,all,6,zero,"ZZ,XX,YY",30,26,-9.119470058498061,-7.478396510708489,679,1.6410735477895724,-9.119470058465382,3.267963677444641e-11,0.17995273160202144,3.583501734730034e-12,collective
collective-scaled_n_qubits18_lam2.0_s1,lmg,18,1.0,2.0,0.0,collective,all,1,zero,"ZZ,XX,YY",30,26,-10.896016884461183,-8.933318868845333,298,1.9626980156158496,-10.896016884384236,7.694644921230065e-11,0.1801298618043493,7.06188784656107e-12,collective
collective-scaled_n_qubits18_lam2.0_s2,lmg,18,1.0,2.0,0.0,collective,all,2,zero,"ZZ,XX,YY",30,26,-10.896016884461183,-8.219501041330414,527,2.676515843130769,-10.896016884407105,5.4077631261861825e-11,0.2456416754408439,4.963064194493125e-12,collective
collective-scaled_n_qubits18_lam2.0_s3,lmg,18,1.0,2.0,0.0,collective,all,3,zero,"ZZ,XX,YY",30,26,-10.896016884461183,-8.509389473500372,59,2.386627410960811,-10.896016884420023,4.1159964325743204e-11,0.21903668434695453,3.7775239119206445e-12,collective
collective-scaled_n_qubits18_lam2.0_s4,lmg,18,1.0,2.0,0.0,collective,all,4,zero,"ZZ,XX,YY",30,26,-10.896016884461183,-9.040868045915474,612,1.8551488385457091,-10.896016884206116,2.5506707856948196e-10,0.17025935791191166,2.3409203681873263e-11,collective
collective-scaled_n_qubits18_lam2.0_s5,lmg,18,1.0,2.0,0.0,collective,all,5,zero,"ZZ,XX,YY",30,26,-10.896016884461183,-9.320863452597752,68,1.5751534318634306,-10.896016884403496,5.7687188359523134e-11,0.1445623156210191,5.294337276752101e-12,collective
collective-scaled_n_qubits18_lam2.0_s6,lmg,18,1.0,2.0,0.0,collective,all,6,zero,"ZZ,XX,YY",30,26,-10.896016884461183,-8.973005860603356,183,1.9230110238578266,-10.896016884329033,1.3215029071034223e-10,0.17648752238996931,1.2128311851168463e-11,collective
collective-scaled_n_qubits20_lam1.0_s1,lmg,20,1.0,1.0,0.0,collective,all,1,zero,"ZZ,XX,YY",30,26,-10.123079385119619,-9.07211314706265,8,1.0509662380569686,-10.123079262114574,1.230050443723485e-07,0.10381882805362885,1.215095127606717e-08,collective
collective-scaled_n_qubits20_lam1.0_s2,lmg,20,1.0,1.0,0.0,collective,all,2,zero,"ZZ,XX,YY",30,26,-10.123079385119619,-9.550586604811041,238,0.5724927803085773,-10.123079381994353,3.12526537982194e-09,0.05655322442201835,3.087267481489784e-10,collective
collective-scaled_n_qubits20_lam1.0_s3,lmg,20,1.0,1.0,0.0,collective,all,3,zero,"ZZ,XX,YY",30,26,-10.123079385119619,-8.029232515719208,587,2.0938468694004104,-10.123043691959317,3.569316030116454e-05,0.20683892615504454,3.525919232998564e-06,collective
collective-scaled_n_qubits20_lam1.0_s4,lmg,20,1.0,1.0,0.0,collective,all,4,zero,"ZZ,XX,YY",30,26,-10.123079385119619,-9.41417884013815,401,0.7089005449814678,-10.123079384786541,3.3307756552858336e-10,0.07002815230546482,3.290279102406225e-11,collective
collective-scaled_n_qubits20_lam1.0_s5,lmg,20,1.0,1.0,0.0,collective,all,5,zero,"ZZ,XX,YY",30,26,-10.123079385119619,-8.8775059767423,184,1.245573408377318,-10.123079384679963,4.396554231789196e-10,0.12304293594775556,4.3430996286089525e-11,collective
collective-scaled_n_qubits20_lam1.0_s6,lmg,20,1.0,1.0,0.0,collective,all,6,zero,"ZZ,XX,YY",30,26,-10.123079385119619,-8.908897234360783,188,1.2141821507588357,-10.12307938494625,1.7336887481178564e-10,0.1199419766028525,1.7126100489405284e-11,collective
collective-scaled_n_qubits20_lam2.0_s1,lmg,20,1.0,2.0,0.0,collective,all,1,zero,"ZZ,XX,YY",30,26,-12.144317867317948,-9.929747168441391,269,2.2145706988765568,-12.144317866519899,7.980496263826353e-10,0.18235447417234318,6.571382889526452e-11,collective
collective-scaled_n_qubits20_lam2.0_s2,lmg,20,1.0,2.0,0.0,collective,all,2,zero,"ZZ,XX,YY",30,26,-12.144317867317948,-9.869480454642373,283,2.2748374126755753,-12.144317866152745,1.1652030451614337e-09,0.1873170183397027,9.594635597419246e-11,collective
collective-scaled_n_qubits20_lam2.0_s3,lmg,20,1.0,2.0,0.0,collective,all,3,zero,"ZZ,XX,YY",30,26,-12.144317867317948,-10.191138331136491,133,1.953179536181457,-12.144317724419489,1.4289845928772138e-07,0.16083073232443423,1.1766692938125496e-08,collective
collective-scaled_n_qubits20_lam2.0_s4,lmg,20,1.0,2.0,0.0,collective,all,4,zero,"ZZ,XX,YY",30,26,-12.144317867317948,-10.195626016510781,612,1.9486918508071671,-12.144317859519187,7.798760748300992e-09,0.16046120268733813,6.421736349053037e-10,collective
collective-scaled_n_qubits20_lam2.0_s5,lmg,20,1.0,2.0,0.0,collective,all,5,zero,"ZZ,XX,YY",30,26,-12.144317867317948,-9.503983179379022,229,2.6403346879389265,-12.144317866696221,6.217266701469271e-10,0.21741317353397305,5.1194861410872664e-11,collective
collective-scaled_n_qubits20_lam2.0_s6,lmg,20,1.0,2.0,0.0,collective,all,6,zero,"ZZ,XX,YY",30,26,-12.144317867317948,-10.496555581596004,161,1.647762285721944,-12.144317866947262,3.7068659253236547e-10,0.1356817487589239,3.0523459331539297e-11,collective
collective-scaled_n_qubits4_lam1.0_s1,lmg,4,1.0,1.0,0.0,collective,all,1,zero,"ZZ,XX,YY",30,26,-2.0609607385694906,-2.0523008683513444,141,0.008659870218146182,-2.0609607385695026,1.199040866595169e-14,0.004201860839016751,5.817873403194577e-15,collective
collective-scaled_n_qubits4_lam1.0_s2,lmg,4,1.0,1.0,0.0,collective,all,2,zero,"ZZ,XX,YY",30,26,-2.0609607385694906,-2.042311930246168,134,0.01864880832332272,-2.0609607385695035,1.2878587085651816e-14,0.009048599507172963,6.248826988616397e-15,collective
collective-scaled_n_qubits4_lam1.0_s3,lmg,4,1.0,1.0,0.0,collective,all,3,zero,"ZZ,XX,YY",30,26,-2.0609607385694906,-2.0316527439573284,232,0.029307994612162158,-2.0609607385695035,1.2878587085651816e-14,0.014220549699799127,6.248826988616397e-15,collective
collective-scaled_n_qubits4_lam1.0_s4,lmg,4,1.0,1.0,0.0,collective,all,4,zero,"ZZ,XX,YY",30,26,-2.0609607385694906,-2.0454615835340704,192,0.015499155035420209,-2.0609607385695017,1.1102230246251565e-14,0.00752035434026664,5.3869198177727566e-15,collective
collective-scaled_n_qubits4_lam1.0_s5,lmg,4,1.0,1.0,0.0,collective,all,5,zero,"ZZ,XX,YY",30,26,-2.0609607385694906,-2.0536329410891607,292,0.007327797480329856,-2.0609607385695017,1.1102230246251565e-14,0.00355552502441947,5.3869198177727566e-15,collective
collective-scaled_n_qubits4_lam1.0_s6,lmg,4,1.0,1.0,0.0,collective,all,6,zero,"ZZ,XX,YY",30,26,-2.0609607385694906,-2.0294174071150084,385,0.03154333145448218,-2.0609607385695052,1.4654943925052066e-14,0.015305158834018525,7.110734159460038e-15,collective
collective-scaled_n_qubits4_lam2.0_s1,lmg,4,1.0,2.0,0.0,collective,all,1,zero,"ZZ,XX,YY",30,26,-2.307313502097264,-2.2862714361382803,465,0.021042065958983613,-2.307313502097267,-3.1086244689504383e-15,0.009119725576891542,-1.347291759929811e-15,collective
collective-scaled_n_qubits4_lam2.0_s2,lmg,4,1.0,2.0,0.0,collective,all,2,zero,"ZZ,XX,YY",30,26,-2.307313502097264,-2.2420655778146497,636,0.06524792428261428,-2.3073135020972577,6.217248937900877e-15,0.028278742452339613,2.694583519859622e-15,collective
collective-scaled_n_qubits4_lam2.0_s3,lmg,4,1.0,2.0,0.0,collective,all,3,zero,"ZZ,XX,YY",30,26,-2.307313502097264,-2.2590779353018697,446,0.0482355667953942,-2.307313502097259,4.884981308350689e-15,0.020905510565230875,2.1171727656039885e-15,collective
collective-scaled_n_qubits4_lam2.0_s4,lmg,4,1.0,2.0,0.0,collective,all,4,zero,"ZZ,XX,YY",30,26,-2.307313502097264,-2.272661220408279,700,0.03465228168898493,-2.3073135020972653,-1.3322676295501878e-15,0.015018453997468168,-5.774107542556332e-16,collective
collective-scaled_n_qubits4_lam2.0_s5,lmg,4,1.0,2.0,0.0,collective,all,5,zero,"ZZ,XX,YY",30,26,-2.307313502097264,-2.291343998906622,462,0.01596950319064172,-2.307313502097273,-8.881784197001252e-15,0.006921254166859433,-3.849405028370888e-15,collective
collective-scaled_n_qubits4_lam2.0_s6,lmg,4,1.0,2.0,0.0,collective,all,6,zero,"ZZ,XX,YY",30,26,-2.307313502097264,-2.2817629852755936,150,0.02555051682167031,-2.307313502097271,-7.105427357601002e-15,0.011073708361887459,-3.079524022696711e-15,collective
collective-scaled_n_qubits6_lam1.0_s1,lmg,6,1.0,1.0,0.0,collective,all,1,zero,"ZZ,XX,YY",30,26,-3.0778784758127893,-3.0630623303558413,477,0.014816145456947982,-3.0778784758128186,2.930988785010413e-14,0.004813752580999942,9.522756691153681e-15,collective
collective-scaled_n_qubits6_lam1.0_s2,lmg,6,1.0,1.0,0.0,collective,all,2,zero,"ZZ,XX,YY",30,26,-3.0778784758127893,-2.9262561181110764,597,0.15162235770171284,-3.0778784758128244,3.5083047578154947e-14,0.04926197018278093,1.1398451190926375e-14,collective
collective-scaled_n_qubits6_lam1.0_s3,lmg,6,1.0,1.0,0.0,collective,all,3,zero,"ZZ,XX,YY",30,26,-3.0778784758127893,-2.8502609260513987,53,0.2276175497613906,-3.0778784758128226,3.3306690738754696e-14,0.07395274100329208,1.0821314421765546e-14,collective
collective-scaled_n_qubits6_lam1.0_s4,lmg,6,1.0,1.0,0.0,collective,all,4,zero,"ZZ,XX,YY",30,26,-3.0778784758127893,-2.8468163167055027,318,0.23106215910728656,-3.077878475812818,2.886579864025407e-14,0.07507189153927493,9.378472498863475e-15,collective
collective-scaled_n_qubits6_lam1.0_s5,lmg,6,1.0,1.0,0.0,collective,all,5,zero,"ZZ,XX,YY",30,26,-3.0778784758127893,-2.895534219943726,156,0.18234425586906333,-3.0778784758128217,3.241851231905457e-14,0.05924348777965019,1.0532746037185133e-14,collective
collective-scaled_n_qubits6_lam1.0_s6,lmg,6,1.0,1.0,0.0,collective,all,6,zero,"ZZ,XX,YY",30,26,-3.0778784758127893,-2.874706406402781,130,0.20317206941000832,-3.0778784758128266,3.730349362740526e-14,0.06601042601474243,1.2119872152377413e-14,collective
collective-scaled_n_qubits6_lam2.0_s1,lmg,6,1.0,2.0,0.0,collective,all,1,zero,"ZZ,XX,YY",30,26,-3.496043355748248,-3.434481081607662,155,0.061562274140586126,-3.496043355748289,4.085620730620576e-14,0.01760912776993011,1.1686413224546932e-14,collective
collective-scaled_n_qubits6_lam2.0_s2,lmg,6,1.0,2.0,0.0,collective,all,2,zero,"ZZ,XX,YY",30,26,-3.496043355748248,-3.441436241587206,98,0.0546071141610418,-3.4960433557482853,3.730349362740526e-14,0.01561969020528763,1.0670203378934156e-14,collective
collective-scaled_n_qubits6_lam2.0_s3,lmg,6,1.0,2.0,0.0,collective,all,3,zero,"ZZ,XX,YY",30,26,-3.496043355748248,-3.2592806161733736,318,0.23676273957487437,-3.49604335574828,3.197442310920451e-14,0.06772305588990636,9.14588861051499e-15,collective
collective-scaled_n_qubits6_lam2.0_s4,lmg,6,1.0,2.0,0.0,collective,all,4,zero,"ZZ,XX,YY",30,26,-3.496043355748248,-3.304845713236812,22,0.1911976425114359,-3.4960433557482853,3.730349362740526e-14,0.05468972293981017,1.0670203378934156e-14,collective
collective-scaled_n_qubits6_lam2.0_s5,lmg,6,1.0,2.0,0.0,collective,all,5,zero,"ZZ,XX,YY",30,26,-3.496043355748248,-3.4004376210442966,324,0.0956057347039514,-3.4960433557482835,3.552713678800501e-14,0.027346838976340205,1.0162098456127768e-14,collective
collective-scaled_n_qubits6_lam2.0_s6,lmg,6,1.0,2.0,0.0,collective,all,6,zero,"ZZ,XX,YY",30,26,-3.496043355748248,-3.4673169125182928,259,0.028726443229955212,-3.4960433557482955,4.75175454539567e-14,0.008216844102554608,1.3591806685070888e-14,collective
collective-scaled_n_qubits8_lam1.0_s1,lmg,8,1.0,1.0,0.0,collective,all,1,zero,"ZZ,XX,YY",30,26,-4.089421392448155,-3.550795064289043,473,0.5386263281591117,-4.089421392448141,1.3322676295501878e-14,0.13171211192707633,3.2578389500540526e-15,collective
collective-scaled_n_qubits8_lam1.0_s2,lmg,8,1.0,1.0,0.0,collective,all,2,zero,"ZZ,XX,YY",30,26,-4.089421392448155,-4.000000000000007,2,0.08942139244814751,-4.089421392448118,3.6415315207705135e-14,0.021866514566896932,8.904759796814411e-15,collective
collective-scaled_n_qubits8_lam1.0_s3,lmg,8,1.0,1.0,0.0,collective,all,3,zero,"ZZ,XX,YY",30,26,-4.089421392448155,-3.743314355509209,490,0.3461070369389456,-4.089421392448134,2.042810365310288e-14,0.0846347205935035,4.995353056749547e-15,collective
collective-scaled_n_qubits8_lam1.0_s4,lmg,8,1.0,1.0,0.0,collective,all,4,zero,"ZZ,XX,YY",30,26,-4.089421392448155,-3.729433141909892,32,0.35998825053826256,-4.089421392448129,2.5757174171303632e-14,0.08802914055348882,6.2984886367711684e-15,collective
collective-scaled_n_qubits8_lam1.0_s5,lmg,8,1.0,1.0,0.0,collective,all,5,zero,"ZZ,XX,YY",30,26,-4.089421392448155,-3.907533851705943,332,0.18188754074221158,-4.089421392448143,1.1546319456101628e-14,0.04447757354575866,2.823460423380179e-15,collective
collective-scaled_n_qubits8_lam1.0_s6,lmg,8,1.0,1.0,0.0,collective,all,6,zero,"ZZ,XX,YY",30,26,-4.089421392448155,-3.7226033516869323,610,0.36681804076122226,-4.089421392448174,1.9539925233402755e-14,0.08969925218237894,4.77816379341261e-15,collective
collective-scaled_n_qubits8_lam2.0_s1,lmg,8,1.0,2.0,0.0,collective,all,1,zero,"ZZ,XX,YY",30,26,-4.7020717377779775,-4.433348325889483,309,0.26872341188849447,-4.702071737777191,7.86926079854311e-13,0.057150002567907025,1.6735731050887425e-13,collective
collective-scaled_n_qubits8_lam2.0_s2,lmg,8,1.0,2.0,0.0,collective,all,2,zero,"ZZ,XX,YY",30,26,-4.7020717377779775,-4.287133294976132,3,0.4149384428018452,-4.702071737757913,2.006483867944553e-11,0.08824587669900791,4.267233636236996e-12,collective
collective-scaled_n_qubits8_lam2.0_s3,lmg,8,1.0,2.0,0.0,collective,all,3,zero,"ZZ,XX,YY",30,26,-4.7020717377779775,-4.332169579569243,656,0.36990215820873473,-4.702071737771438,6.539657704252022e-12,0.07866791040996253,1.3908034732244256e-12,collective
collective-scaled_n_qubits8_lam2.0_s4,lmg,8,1.0,2.0,0.0,collective,all,4,zero,"ZZ,XX,YY",30,26,-4.7020717377779775,-4.241730929204225,500,0.46034080857375237,-4.702071737777751,2.2648549702353193e-13,0.09790169828231761,4.816717176045478e-14,collective
collective-scaled_n_qubits8_lam2.0_s5,lmg,8,1.0,2.0,0.0,collective,all,5,zero,"ZZ,XX,YY",30,26,-4.7020717377779775,-4.351375371926769,113,0.3506963658512081,-4.702071737777771,2.0605739337042905e-13,0.07458337205568327,4.3822681758531406e-14,collective
collective-scaled_n_qubits8_lam2.0_s6,lmg,8,1.0,2.0,0.0,collective,all,6,zero,"ZZ,XX,YY",30,26,-4.7020717377779775,-4.424326447435138,366,0.2777452903428399,-4.702071737777848,1.2967404927621828e-13,0.05906870542006913,2.7578066968730972e-14,collective
